"Date","Price","Open","High","Low","Vol.","Change %","Change.."
"07/04/2024",18.1119,18.1704,18.1845,18.105,NA,"-0.26%",NA
"07/03/2024",18.1592,18.2605,18.3065,18.1075,NA,"-0.49%",NA
"07/02/2024",18.248,18.359,18.4956,18.2104,NA,"-0.49%",NA
"07/01/2024",18.337,18.3047,18.452,18.2618,NA,"+0.04%",NA
"06/28/2024",18.33,18.4385,18.602,18.2025,NA,"-0.48%",NA
"06/27/2024",18.419,18.346,18.468,18.2791,NA,"+0.51%",NA
"06/26/2024",18.325,18.0952,18.3975,18.0634,NA,"+1.28%",NA
"06/25/2024",18.0932,17.9715,18.204,17.8913,NA,"+0.87%",NA
"06/24/2024",17.938,18.1495,18.1655,17.8719,NA,"-0.90%",NA
"06/21/2024",18.1,18.371,18.3951,18.0874,NA,"-1.34%",NA
"06/20/2024",18.3454,18.4225,18.4655,18.2535,NA,"-0.34%",NA
"06/19/2024",18.408,18.41,18.4786,18.362,NA,"+0.07%",NA
"06/18/2024",18.395,18.5365,18.5677,18.2927,NA,"-0.61%",NA
"06/17/2024",18.508,18.4765,18.6405,18.4316,NA,"+0.29%",NA
"06/14/2024",18.454,18.4045,18.6865,18.3631,NA,"+0.54%",NA
"06/13/2024",18.355,18.7495,18.8431,18.351,NA,"-2.00%",NA
"06/12/2024",18.73,18.5857,18.9955,18.5118,NA,"+0.86%",NA
"06/11/2024",18.5706,18.2435,18.6075,18.21,NA,"+1.98%",NA
"06/10/2024",18.21,18.406,18.6755,18.2085,NA,"-0.92%",NA
"06/07/2024",18.38,17.9925,18.47,17.8063,NA,"+2.28%",NA
"06/06/2024",17.97,17.518,18.019,17.446,NA,"+2.73%",NA
"06/05/2024",17.493,17.8584,17.8785,17.484,NA,"-2.02%",NA
"06/04/2024",17.853,17.6975,18.2045,17.545,NA,"+1.03%",NA
"06/04/2024",17.853,17.6975,18.2045,17.545,NA,NA,"1.03%"
"06/03/2024",17.671,16.9825,17.757,16.917,NA,NA,"3.99%"
"05/31/2024",16.993,17.0165,17.082,16.9175,NA,NA,"-0.14%"
"05/30/2024",17.0168,16.974,17.141,16.906,NA,NA,"0.41%"
"05/29/2024",16.948,16.7975,17.0208,16.7416,NA,NA,"1.00%"
"05/28/2024",16.7799,16.6755,16.8335,16.6327,NA,NA,"0.81%"
"05/27/2024",16.645,16.687,16.7215,16.6369,NA,NA,"-0.22%"
"05/24/2024",16.682,16.7204,16.766,16.6716,NA,NA,"-0.20%"
"05/23/2024",16.7153,16.6595,16.768,16.6187,NA,NA,"0.33%"
"05/22/2024",16.66,16.6413,16.702,16.5919,NA,NA,"0.24%"
"05/21/2024",16.62,16.559,16.677,16.524,NA,NA,"0.40%"
"05/20/2024",16.5536,16.626,16.654,16.5417,NA,NA,"-0.22%"
"05/17/2024",16.59,16.681,16.727,16.5912,NA,NA,"-0.48%"
"05/16/2024",16.67,16.6853,16.7505,16.6585,NA,NA,"-0.06%"
"05/15/2024",16.6799,16.853,16.91,16.6485,NA,NA,"-0.91%"
"05/14/2024",16.833,16.8044,16.888,16.7703,NA,NA,"0.21%"
"05/13/2024",16.7978,16.7824,16.8265,16.7324,NA,NA,"0.11%"
"05/10/2024",16.7795,16.7929,16.82,16.721,NA,NA,"0.17%"
"05/09/2024",16.751,16.909,16.974,16.7628,NA,NA,"-0.85%"
"05/08/2024",16.895,16.904,16.987,16.87,NA,NA,"0.11%"
"05/07/2024",16.876,16.8955,16.944,16.8324,NA,NA,"0.09%"
"05/06/2024",16.86,16.9655,17.0043,16.8509,NA,NA,"-0.59%"
"05/03/2024",16.96,16.998,17.045,16.826,NA,NA,"-0.03%"
"05/02/2024",16.9653,16.9936,17.031,16.9007,NA,NA,"-0.12%"
"05/01/2024",16.985,17.151,17.1742,16.9115,NA,NA,"-0.88%"
"04/30/2024",17.1355,17.0074,17.155,16.9592,NA,NA,"0.79%"
"04/29/2024",17.0016,17.1597,17.2502,16.9893,NA,NA,"-0.80%"
"04/26/2024",17.139,17.2053,17.29,17.1137,NA,NA,"-0.33%"
"04/25/2024",17.195,17.0715,17.401,17.0185,NA,NA,"0.82%"
"04/24/2024",17.0556,16.958,17.156,16.9085,NA,NA,"0.69%"
"04/23/2024",16.939,17.1367,17.1615,16.9455,NA,NA,"-1.12%"
"04/22/2024",17.1317,17.1015,17.249,17.0111,NA,NA,"0.29%"
"04/19/2024",17.082,17.073,17.9465,17.0336,NA,NA,"0.04%"
"04/18/2024",17.075,16.9785,17.1795,16.9196,NA,NA,"0.70%"
"04/17/2024",16.957,17.072,17.1055,16.8595,NA,NA,"-0.56%"
"04/16/2024",17.053,16.7162,17.097,16.6948,NA,NA,"1.97%"
"04/15/2024",16.723,16.675,16.7545,16.5415,NA,NA,"0.62%"
"04/12/2024",16.62,16.4245,16.754,16.4093,NA,NA,"1.13%"
"04/11/2024",16.4343,16.43,16.4985,16.3746,NA,NA,"0.15%"
"04/10/2024",16.41,16.3749,16.5265,16.3029,NA,NA,"0.17%"
"04/09/2024",16.3826,16.328,16.4305,16.2602,NA,NA,"0.43%"
"04/08/2024",16.313,16.4625,16.4967,16.3055,NA,NA,"-0.83%"
"04/05/2024",16.4497,16.5879,16.6195,16.4385,NA,NA,"-0.80%"
"04/04/2024",16.5829,16.5465,16.6215,16.4927,NA,NA,"0.30%"
"04/03/2024",16.534,16.5555,16.6255,16.5158,NA,NA,"-0.10%"
"04/02/2024",16.55,16.616,16.6595,16.5422,NA,NA,"-0.37%"
"04/01/2024",16.6118,16.5885,16.679,16.5317,NA,NA,"0.49%"
"03/29/2024",16.531,16.63,16.6451,16.5393,NA,NA,"-0.55%"
"03/28/2024",16.622,16.5429,16.638,16.5259,NA,NA,"0.60%"
"03/27/2024",16.523,16.65,16.6855,16.5095,NA,NA,"-0.67%"
"03/26/2024",16.635,16.682,16.725,16.6325,NA,NA,"-0.23%"
"03/25/2024",16.673,16.7652,16.7745,16.6657,NA,NA,"-0.50%"
"03/22/2024",16.757,16.7415,16.836,16.6939,NA,NA,"0.13%"
"03/21/2024",16.7352,16.678,16.798,16.6668,NA,NA,"0.37%"
"03/20/2024",16.6733,16.811,16.8635,16.6702,NA,NA,"-0.77%"
"03/19/2024",16.802,16.8307,16.948,16.796,NA,NA,"-0.14%"
"03/18/2024",16.8253,16.6965,16.8704,16.6826,NA,NA,"0.79%"
"03/15/2024",16.693,16.7025,16.748,16.6628,NA,NA,"-0.02%"
"03/14/2024",16.696,16.6708,16.743,16.6454,NA,NA,"0.22%"
"03/13/2024",16.6595,16.814,16.8185,16.6543,NA,NA,"-0.80%"
"03/12/2024",16.7945,16.8025,16.866,16.773,NA,NA,"0.09%"
"03/11/2024",16.779,16.835,16.8465,16.7821,NA,NA,"-0.18%"
"03/08/2024",16.8089,16.8772,16.9013,16.7619,NA,NA,"-0.36%"
"03/07/2024",16.87,16.8885,16.9256,16.8479,NA,NA,"-0.04%"
"03/06/2024",16.877,16.9479,16.965,16.847,NA,NA,"-0.39%"
"03/05/2024",16.9426,16.9575,16.9915,16.8977,NA,NA,"-0.10%"
"03/04/2024",16.96,17.0245,17.0363,16.9456,NA,NA,"-0.30%"
"03/01/2024",17.0108,17.0655,17.0755,16.996,NA,NA,"-0.22%"
"02/29/2024",17.049,17.0935,17.1205,17.0387,NA,NA,"-0.24%"
"02/28/2024",17.0898,17.058,17.124,17.0518,NA,NA,"0.18%"
"02/27/2024",17.0587,17.1066,17.119,17.0398,NA,NA,"-0.21%"
"02/26/2024",17.0944,17.1075,17.154,17.0807,NA,NA,"-0.07%"
"02/23/2024",17.107,17.129,17.163,17.0683,NA,NA,"0.05%"
"02/22/2024",17.098,17.0431,17.167,17.011,NA,NA,"0.35%"
"02/21/2024",17.0382,17.0655,17.0945,17.0305,NA,NA,"-0.06%"
"02/20/2024",17.048,17.045,17.092,16.9939,NA,NA,"0.04%"
"02/19/2024",17.041,17.064,17.0765,17.0281,NA,NA,"-0.06%"
"02/16/2024",17.051,17.0446,17.1085,17.028,NA,NA,"0.07%"
"02/15/2024",17.039,17.0895,17.1135,17.0325,NA,NA,"-0.20%"
"02/14/2024",17.073,17.1995,17.217,17.0776,NA,NA,"-0.59%"
"02/13/2024",17.175,17.07,17.2402,17.0613,NA,NA,"0.65%"
"02/12/2024",17.0644,17.1105,17.122,17.0453,NA,NA,"-0.07%"
"02/09/2024",17.076,17.1461,17.1755,17.07,NA,NA,"-0.38%"
"02/08/2024",17.1408,17.047,17.1736,17.0357,NA,NA,"0.67%"
"02/07/2024",17.026,17.037,17.0823,17.0057,NA,NA,"-0.04%"
"02/06/2024",17.032,17.1194,17.133,17.0065,NA,NA,"-0.46%"
"02/05/2024",17.111,17.156,17.2812,17.0857,NA,NA,"-0.01%"
"02/02/2024",17.113,17.078,17.1915,17.0348,NA,NA,"0.19%"
"02/01/2024",17.08,17.219,17.2955,17.0629,NA,NA,"-0.77%"
"01/31/2024",17.212,17.161,17.239,17.0975,NA,NA,"0.42%"
"01/30/2024",17.14,17.227,17.2675,17.1345,NA,NA,"-0.45%"
"01/29/2024",17.218,17.159,17.2775,17.1376,NA,NA,"0.37%"
"01/26/2024",17.1543,17.2055,17.243,17.1286,NA,NA,"-0.21%"
"01/25/2024",17.19,17.23,17.278,17.1675,NA,NA,"-0.12%"
"01/24/2024",17.21,17.31,17.3395,17.1375,NA,NA,"-0.52%"
"01/23/2024",17.3,17.182,17.395,17.1518,NA,NA,"0.73%"
"01/22/2024",17.174,17.1192,17.226,17.0557,NA,NA,"0.56%"
"01/19/2024",17.078,17.159,17.2,17.0677,NA,NA,"-0.40%"
"01/18/2024",17.146,17.195,17.245,17.1446,NA,NA,"-0.28%"
"01/17/2024",17.194,17.215,17.395,17.1849,NA,NA,"-0.05%"
"01/16/2024",17.202,16.884,17.245,16.8773,NA,NA,"1.93%"
"01/15/2024",16.877,16.869,16.9161,16.8496,NA,NA,"0.09%"
"01/12/2024",16.861,16.9165,16.9326,16.8325,NA,NA,"-0.29%"
"01/11/2024",16.91,16.9747,17.0785,16.8997,NA,NA,"-0.24%"
"01/10/2024",16.95,16.9597,17.025,16.9485,NA,NA,"-0.06%"
"01/09/2024",16.961,16.834,16.9874,16.8129,NA,NA,"0.86%"
"01/08/2024",16.817,16.885,16.9125,16.7845,NA,NA,"-0.29%"
"01/05/2024",16.866,17.0115,17.078,16.8612,NA,NA,"-0.83%"
"01/04/2024",17.008,17.015,17.0906,16.9764,NA,NA,"0.03%"
"01/03/2024",17.003,17.027,17.103,17.0059,NA,NA,"-0.06%"
"01/02/2024",17.014,16.9565,17.0743,16.9083,NA,NA,"0.29%"
"01/01/2024",16.9642,16.9734,16.9742,16.9734,NA,NA,"0.06%"
"12/29/2023",16.954,16.9515,16.9949,16.8927,NA,NA,"0.15%"
"12/28/2023",16.929,16.9233,17.0005,16.8598,NA,NA,"0.07%"
"12/27/2023",16.918,16.984,17.0019,16.9044,NA,NA,"-0.34%"
"12/26/2023",16.975,17.01,17.0145,16.9421,NA,NA,"-0.22%"
"12/25/2023",17.013,17.01,17.0337,17.0085,NA,NA,"0.27%"
"12/22/2023",16.968,17.0295,17.0552,16.9287,NA,NA,"-0.32%"
"12/21/2023",17.022,17.1465,17.1508,17.018,NA,NA,"-0.70%"
"12/20/2023",17.1414,17.0706,17.1605,17.0269,NA,NA,"0.44%"
"12/19/2023",17.066,17.163,17.174,17.0285,NA,NA,"-0.53%"
"12/18/2023",17.1574,17.2175,17.3008,17.1488,NA,NA,"-0.15%"
"12/15/2023",17.184,17.1915,17.3444,17.1705,NA,NA,"-0.01%"
"12/14/2023",17.186,17.245,17.4006,17.1404,NA,NA,"-0.28%"
"12/13/2023",17.235,17.3083,17.4646,17.1909,NA,NA,"-0.40%"
"12/12/2023",17.3034,17.3808,17.4382,17.2945,NA,NA,"-0.41%"
"12/11/2023",17.3755,17.351,17.468,17.3383,NA,NA,"0.16%"
"12/08/2023",17.347,17.473,17.5235,17.3069,NA,NA,"-0.61%"
"12/07/2023",17.453,17.269,17.5441,17.2598,NA,NA,"1.13%"
"12/06/2023",17.258,17.3825,17.3971,17.239,NA,NA,"-0.69%"
"12/05/2023",17.3775,17.4573,17.5655,17.3554,NA,NA,"-0.43%"
"12/04/2023",17.4522,17.188,17.5411,17.1816,NA,NA,"1.64%"
"12/01/2023",17.17,17.3859,17.4044,17.159,NA,NA,"-1.20%"
"11/30/2023",17.3784,17.2829,17.4988,17.2554,NA,NA,"0.59%"
"11/29/2023",17.276,17.1425,17.3246,17.1141,NA,NA,"0.82%"
"11/28/2023",17.1356,17.1701,17.2166,17.1052,NA,NA,"-0.17%"
"11/27/2023",17.1645,17.1225,17.2115,17.0326,NA,NA,"0.38%"
"11/24/2023",17.1,17.188,17.1929,17.084,NA,NA,"-0.46%"
"11/23/2023",17.179,17.1999,17.2075,17.1444,NA,NA,"0.01%"
"11/22/2023",17.178,17.1954,17.2522,17.1556,NA,NA,"-0.02%"
"11/21/2023",17.181,17.1161,17.2709,17.0656,NA,NA,"0.42%"
"11/20/2023",17.1097,17.2321,17.2549,17.0809,NA,NA,"-0.56%"
"11/17/2023",17.206,17.2278,17.2656,17.1877,NA,NA,"-0.10%"
"11/16/2023",17.2236,17.298,17.3349,17.218,NA,NA,"-0.41%"
"11/15/2023",17.2947,17.3447,17.4181,17.2873,NA,NA,"-0.26%"
"11/14/2023",17.339,17.607,17.6318,17.336,NA,NA,"-1.46%"
"11/13/2023",17.596,17.645,17.7278,17.5729,NA,NA,"-0.20%"
"11/10/2023",17.632,17.824,17.941,17.6176,NA,NA,"-0.99%"
"11/09/2023",17.808,17.5366,17.9004,17.472,NA,NA,"1.57%"
"11/08/2023",17.5333,17.4776,17.5795,17.4639,NA,NA,"0.35%"
"11/07/2023",17.472,17.5478,17.5952,17.4491,NA,NA,"-0.41%"
"11/06/2023",17.5431,17.459,17.5842,17.405,NA,NA,"0.54%"
"11/03/2023",17.449,17.5151,17.563,17.2829,NA,NA,"-0.35%"
"11/02/2023",17.5096,17.7675,17.806,17.5107,NA,NA,"-1.44%"
"11/01/2023",17.7647,18.0465,18.1164,17.7488,NA,NA,"-1.51%"
"10/31/2023",18.037,18.0505,18.1212,17.9249,NA,NA,"-0.04%"
"10/30/2023",18.0449,18.1315,18.134,17.9641,NA,NA,"-0.38%"
"10/27/2023",18.113,18.1535,18.1783,17.9998,NA,NA,"-0.20%"
"10/26/2023",18.1498,18.3295,18.4254,18.1227,NA,NA,"-0.87%"
"10/25/2023",18.31,18.2535,18.3974,18.2305,NA,NA,"0.34%"
"10/24/2023",18.248,18.1426,18.3491,18.08,NA,NA,"0.60%"
"10/23/2023",18.139,18.23,18.3757,18.0751,NA,NA,"-0.46%"
"10/20/2023",18.223,18.3235,18.4665,18.1778,NA,NA,"-0.49%"
"10/19/2023",18.313,18.255,18.3972,18.1595,NA,NA,"0.40%"
"10/18/2023",18.24,18.0138,18.3087,17.9591,NA,NA,"1.28%"
"10/17/2023",18.009,17.8857,18.0806,17.8679,NA,NA,"0.77%"
"10/16/2023",17.872,18.0665,18.0724,17.8707,NA,NA,"-1.05%"
"10/13/2023",18.062,17.9815,18.1131,17.8431,NA,NA,"0.53%"
"10/12/2023",17.967,17.835,18.0856,17.7537,NA,NA,"0.78%"
"10/11/2023",17.8286,17.9332,17.9692,17.7851,NA,NA,"-0.57%"
"10/10/2023",17.9306,18.2052,18.304,17.917,NA,NA,"-1.41%"
"10/09/2023",18.1873,18.1965,18.4219,18.1562,NA,NA,"0.13%"
"10/06/2023",18.1638,18.2598,18.4905,18.102,NA,NA,"-0.45%"
"10/05/2023",18.2462,17.964,18.3757,17.929,NA,NA,"1.66%"
"10/04/2023",17.949,18.0728,18.2171,17.8245,NA,NA,"-0.64%"
"10/03/2023",18.0653,17.675,18.0815,17.6025,NA,NA,"2.27%"
"10/02/2023",17.664,17.415,17.7195,17.379,NA,NA,"1.53%"
"09/29/2023",17.397,17.57,17.58,17.349,NA,NA,"-0.82%"
"09/28/2023",17.54,17.674,17.7381,17.5352,NA,NA,"-0.71%"
"09/27/2023",17.6663,17.5475,17.8186,17.4763,NA,NA,"0.81%"
"09/26/2023",17.524,17.3965,17.5672,17.3622,NA,NA,"0.77%"
"09/25/2023",17.3893,17.2076,17.455,17.1719,NA,NA,"1.11%"
"09/22/2023",17.1989,17.2325,17.2461,17.1007,NA,NA,"-0.15%"
"09/21/2023",17.224,17.0956,17.2519,17.0662,NA,NA,"0.80%"
"09/20/2023",17.0879,17.0819,17.101,16.9973,NA,NA,"0.06%"
"09/19/2023",17.0774,17.1355,17.1454,17.0538,NA,NA,"-0.31%"
"09/18/2023",17.131,17.0735,17.1814,17.0305,NA,NA,"0.39%"
"09/15/2023",17.064,17.1092,17.1271,17.0471,NA,NA,"-0.23%"
"09/14/2023",17.104,17.1545,17.208,17.0716,NA,NA,"-0.25%"
"09/13/2023",17.147,17.2245,17.292,17.0865,NA,NA,"-0.30%"
"09/12/2023",17.199,17.275,17.3817,17.2099,NA,NA,"-0.38%"
"09/11/2023",17.265,17.57,17.6068,17.2661,NA,NA,"-1.78%"
"09/08/2023",17.577,17.595,17.6298,17.4394,NA,NA,"0.02%"
"09/07/2023",17.574,17.571,17.7099,17.4211,NA,NA,"0.12%"
"09/06/2023",17.553,17.4195,17.6807,17.3937,NA,NA,"0.84%"
"09/05/2023",17.406,17.1835,17.4589,17.169,NA,NA,"1.39%"
"09/04/2023",17.168,17.078,17.1966,17.0429,NA,NA,"0.54%"
"09/01/2023",17.076,17.035,17.2026,16.9711,NA,NA,"0.29%"
"08/31/2023",17.027,16.74,17.0995,16.709,NA,NA,"1.79%"
"08/30/2023",16.728,16.797,16.8135,16.7271,NA,NA,"-0.37%"
"08/29/2023",16.79,16.7882,16.8881,16.7534,NA,NA,"0.07%"
"08/28/2023",16.778,16.749,16.799,16.6925,NA,NA,"0.33%"
"08/25/2023",16.723,16.829,16.8468,16.7309,NA,NA,"-0.54%"
"08/24/2023",16.814,16.795,16.861,16.7626,NA,NA,"0.14%"
"08/23/2023",16.79,16.913,16.9343,16.7756,NA,NA,"-0.66%"
"08/22/2023",16.902,17.0275,17.0383,16.8933,NA,NA,"-0.69%"
"08/21/2023",17.02,17.0515,17.0812,16.9939,NA,NA,"-0.09%"
"08/18/2023",17.035,17.1055,17.1368,17.015,NA,NA,"-0.37%"
"08/17/2023",17.098,17.1395,17.2101,17.0602,NA,NA,"-0.20%"
"08/16/2023",17.132,17.1475,17.1716,17.0322,NA,NA,"-0.05%"
"08/15/2023",17.14,17.052,17.1912,17.0387,NA,NA,"0.60%"
"08/14/2023",17.038,17.012,17.138,16.9648,NA,NA,"0.29%"
"08/11/2023",16.988,17.1355,17.1439,16.9515,NA,NA,"-0.83%"
"08/10/2023",17.13,17.0579,17.1451,16.9102,NA,NA,"0.45%"
"08/09/2023",17.0533,17.1179,17.1897,17.0446,NA,NA,"-0.32%"
"08/08/2023",17.1074,17.061,17.2864,17.0475,NA,NA,"0.37%"
"08/07/2023",17.045,17.0775,17.1522,17.0229,NA,NA,"-0.04%"
"08/04/2023",17.051,17.341,17.435,17.0085,NA,NA,"-1.57%"
"08/03/2023",17.323,17.0285,17.435,16.994,NA,NA,"1.85%"
"08/02/2023",17.008,16.8805,17.085,16.8342,NA,NA,"0.79%"
"08/01/2023",16.875,16.745,16.9104,16.7307,NA,NA,"0.88%"
"07/31/2023",16.728,16.681,16.788,16.6681,NA,NA,"0.33%"
"07/28/2023",16.673,16.872,16.9487,16.6248,NA,NA,"-1.11%"
"07/27/2023",16.86,16.8429,16.9099,16.7021,NA,NA,"0.15%"
"07/26/2023",16.834,16.93,16.9839,16.8158,NA,NA,"-0.51%"
"07/25/2023",16.92,16.835,16.9447,16.8001,NA,NA,"0.59%"
"07/24/2023",16.82,16.9785,17.0109,16.8109,NA,NA,"-0.92%"
"07/21/2023",16.976,16.889,17.0504,16.8608,NA,NA,"0.61%"
"07/20/2023",16.873,16.7119,16.9174,16.7013,NA,NA,"1.00%"
"07/19/2023",16.7066,16.7544,16.789,16.7029,NA,NA,"-0.20%"
"07/18/2023",16.74,16.7345,16.786,16.6936,NA,NA,"0.12%"
"07/17/2023",16.72,16.752,16.906,16.7066,NA,NA,"-0.10%"
"07/14/2023",16.736,16.8428,16.9198,16.7141,NA,NA,"-0.60%"
"07/13/2023",16.8371,16.8997,16.98,16.8241,NA,NA,"-0.28%"
"07/12/2023",16.884,17.0429,17.08,16.809,NA,NA,"-0.90%"
"07/11/2023",17.0379,17.0575,17.128,17.0378,NA,NA,"-0.01%"
"07/10/2023",17.04,17.1353,17.175,17.0282,NA,NA,"-0.56%"
"07/07/2023",17.136,17.239,17.3968,17.0702,NA,NA,"-0.53%"
"07/06/2023",17.227,17.0077,17.385,16.9957,NA,NA,"1.32%"
"07/05/2023",17.0026,17.0609,17.0767,16.98,NA,NA,"-0.34%"
"07/04/2023",17.0608,17.0585,17.0712,17.0158,NA,NA,"0.11%"
"07/03/2023",17.042,17.1305,17.1502,17.0375,NA,NA,"-0.42%"
"06/30/2023",17.1135,17.1278,17.1744,17.0441,NA,NA,"-0.06%"
"06/29/2023",17.1231,17.0958,17.168,17.0641,NA,NA,"0.31%"
"06/28/2023",17.07,17.086,17.135,17.0449,NA,NA,"-0.06%"
"06/27/2023",17.0797,17.1375,17.1501,17.0534,NA,NA,"-0.31%"
"06/26/2023",17.133,17.1717,17.185,17.1112,NA,NA,"-0.14%"
"06/23/2023",17.157,17.1839,17.2661,17.1366,NA,NA,"-0.05%"
"06/22/2023",17.165,17.114,17.2103,17.1074,NA,NA,"0.29%"
"06/21/2023",17.116,17.216,17.2581,17.1035,NA,NA,"-0.51%"
"06/20/2023",17.203,17.087,17.2443,17.0679,NA,NA,"0.78%"
"06/19/2023",17.07,17.075,17.1725,17.0611,NA,NA,"0.05%"
"06/16/2023",17.062,17.1225,17.19,17.0219,NA,NA,"-0.25%"
"06/15/2023",17.105,17.1065,17.268,17.0986,NA,NA,"0.02%"
"06/14/2023",17.102,17.2225,17.255,17.0784,NA,NA,"-0.58%"
"06/13/2023",17.201,17.283,17.33,17.1965,NA,NA,"-0.40%"
"06/12/2023",17.27,17.2775,17.3386,17.2414,NA,NA,"-0.05%"
"06/09/2023",17.278,17.3775,17.3918,17.2584,NA,NA,"-0.50%"
"06/08/2023",17.365,17.366,17.455,17.3301,NA,NA,"0.05%"
"06/07/2023",17.357,17.405,17.413,17.3033,NA,NA,"-0.10%"
"06/06/2023",17.375,17.4685,17.505,17.3682,NA,NA,"-0.47%"
"06/05/2023",17.457,17.5545,17.5982,17.445,NA,NA,"-0.48%"
"06/02/2023",17.541,17.5455,17.5725,17.42,NA,NA,"-0.04%"
"06/01/2023",17.5474,17.6895,17.7282,17.5399,NA,NA,"-0.76%"
"05/31/2023",17.6819,17.6585,17.7733,17.6347,NA,NA,"0.22%"
"05/30/2023",17.643,17.5855,17.6958,17.5391,NA,NA,"0.39%"
"05/29/2023",17.575,17.6295,17.6321,17.5315,NA,NA,"-0.20%"
"05/26/2023",17.61,17.854,17.8708,17.613,NA,NA,"-1.33%"
"05/25/2023",17.848,17.7995,17.8815,17.7519,NA,NA,"0.30%"
"05/24/2023",17.795,17.973,17.997,17.7661,NA,NA,"-0.84%"
"05/23/2023",17.946,17.8945,18.005,17.8646,NA,NA,"0.37%"
"05/22/2023",17.879,17.78,17.9608,17.7486,NA,NA,"0.61%"
"05/19/2023",17.77,17.7105,17.7996,17.6192,NA,NA,"0.38%"
"05/18/2023",17.703,17.596,17.7792,17.5916,NA,NA,"0.66%"
"05/17/2023",17.587,17.5021,17.6925,17.4826,NA,NA,"0.57%"
"05/16/2023",17.488,17.4405,17.5422,17.41,NA,NA,"0.31%"
"05/15/2023",17.434,17.5825,17.6209,17.4174,NA,NA,"-0.84%"
"05/12/2023",17.581,17.581,17.6495,17.56,NA,NA,"0.05%"
"05/11/2023",17.573,17.5553,17.7031,17.5337,NA,NA,"0.15%"
"05/10/2023",17.5465,17.7734,17.7796,17.5489,NA,NA,"-1.13%"
"05/09/2023",17.747,17.795,17.8365,17.7403,NA,NA,"-0.24%"
"05/08/2023",17.79,17.765,17.842,17.7361,NA,NA,"0.25%"
"05/05/2023",17.745,17.9135,17.9491,17.7447,NA,NA,"-0.88%"
"05/04/2023",17.902,17.9274,18.0359,17.8517,NA,NA,"-0.08%"
"05/03/2023",17.916,17.9799,17.9965,17.8241,NA,NA,"-0.32%"
"05/02/2023",17.974,17.938,18.0791,17.8998,NA,NA,"0.24%"
"05/01/2023",17.931,17.985,18.024,17.9188,NA,NA,"-0.27%"
"04/28/2023",17.98,18.0379,18.1112,17.9635,NA,NA,"-0.26%"
"04/27/2023",18.026,18.1515,18.205,18.0176,NA,NA,"-0.61%"
"04/26/2023",18.137,18.075,18.195,18.032,NA,NA,"0.37%"
"04/25/2023",18.07,17.9825,18.1628,17.9492,NA,NA,"0.57%"
"04/24/2023",17.967,17.995,18.0535,17.9655,NA,NA,"-0.01%"
"04/21/2023",17.968,18.004,18.0434,17.972,NA,NA,"-0.11%"
"04/20/2023",17.987,18.0473,18.1241,17.986,NA,NA,"-0.26%"
"04/19/2023",18.033,18.055,18.1534,18.0323,NA,NA,"-0.10%"
"04/18/2023",18.051,18.017,18.0971,17.9632,NA,NA,"0.22%"
"04/17/2023",18.012,18.0026,18.1542,17.9327,NA,NA,"0.09%"
"04/14/2023",17.996,18.01,18.123,17.9995,NA,NA,"-0.01%"
"04/13/2023",17.998,18.075,18.1242,17.9739,NA,NA,"-0.36%"
"04/12/2023",18.063,18.1785,18.206,18.0161,NA,NA,"-0.52%"
"04/11/2023",18.157,18.1693,18.231,18.1014,NA,NA,"-0.03%"
"04/10/2023",18.162,18.12,18.284,18.076,NA,NA,"0.26%"
"04/07/2023",18.115,18.2414,18.2719,18.0968,NA,NA,"-0.60%"
"04/06/2023",18.2251,18.3045,18.3863,18.1963,NA,NA,"-0.33%"
"04/05/2023",18.286,18.1406,18.408,18.0979,NA,NA,"0.93%"
"04/04/2023",18.117,18.0625,18.1925,18.0082,NA,NA,"0.34%"
"04/03/2023",18.056,18.015,18.156,17.9647,NA,NA,"0.26%"
"03/31/2023",18.0099,18.093,18.1257,17.9865,NA,NA,"-0.37%"
"03/30/2023",18.076,18.0875,18.1633,18.0497,NA,NA,"-0.04%"
"03/29/2023",18.0836,18.2375,18.2452,18.067,NA,NA,"-0.78%"
"03/28/2023",18.225,18.3462,18.3603,18.21,NA,NA,"-0.59%"
"03/27/2023",18.3335,18.42,18.4699,18.3263,NA,NA,"-0.44%"
"03/24/2023",18.414,18.5578,18.7978,18.4142,NA,NA,"-0.75%"
"03/23/2023",18.5536,18.6158,18.662,18.4503,NA,NA,"-0.28%"
"03/22/2023",18.606,18.5975,18.6653,18.378,NA,NA,"0.10%"
"03/21/2023",18.587,18.8281,18.878,18.5881,NA,NA,"-1.20%"
"03/20/2023",18.8123,18.8727,19.2348,18.7872,NA,NA,"-0.37%"
"03/17/2023",18.883,18.725,18.989,18.6339,NA,NA,"0.97%"
"03/16/2023",18.7023,18.9745,19.1803,18.6965,NA,NA,"-1.35%"
"03/15/2023",18.9579,18.5944,19.0925,18.5753,NA,NA,"1.98%"
"03/14/2023",18.5899,18.9135,19.1556,18.5559,NA,NA,"-1.66%"
"03/13/2023",18.903,18.494,19.179,18.2381,NA,NA,"2.29%"
"03/10/2023",18.48,18.3625,18.5965,18.2682,NA,NA,"0.74%"
"03/09/2023",18.344,17.986,18.4457,17.8975,NA,NA,"2.09%"
"03/08/2023",17.968,18.0995,18.1278,17.9025,NA,NA,"-0.67%"
"03/07/2023",18.09,18.002,18.185,17.9692,NA,NA,"0.59%"
"03/06/2023",17.984,17.972,18.045,17.9499,NA,NA,"0.23%"
"03/03/2023",17.943,18.13,18.133,17.9436,NA,NA,"-0.94%"
"03/02/2023",18.114,18.106,18.194,18.0924,NA,NA,"0.13%"
"03/01/2023",18.091,18.308,18.3326,18.069,NA,NA,"-1.15%"
"02/28/2023",18.301,18.368,18.419,18.2765,NA,NA,"-0.27%"
"02/27/2023",18.35,18.3955,18.435,18.317,NA,NA,"-0.22%"
"02/24/2023",18.391,18.377,18.5071,18.3524,NA,NA,"0.17%"
"02/23/2023",18.36,18.3525,18.4605,18.2964,NA,NA,"0.08%"
"02/22/2023",18.345,18.4575,18.4822,18.3193,NA,NA,"-0.53%"
"02/21/2023",18.443,18.387,18.495,18.3341,NA,NA,"0.40%"
"02/20/2023",18.37,18.37,18.445,18.3311,NA,NA,"0.10%"
"02/17/2023",18.351,18.5255,18.6772,18.328,NA,NA,"-0.86%"
"02/16/2023",18.511,18.5875,18.687,18.4799,NA,NA,"-0.34%"
"02/15/2023",18.575,18.525,18.753,18.5007,NA,NA,"0.35%"
"02/14/2023",18.511,18.5695,18.6769,18.4965,NA,NA,"-0.23%"
"02/13/2023",18.554,18.676,18.7304,18.5544,NA,NA,"-0.49%"
"02/10/2023",18.645,18.7777,18.8328,18.6374,NA,NA,"-0.67%"
"02/09/2023",18.7703,18.9395,19,18.7335,NA,NA,"-0.84%"
"02/08/2023",18.93,18.8819,18.987,18.8232,NA,NA,"0.29%"
"02/07/2023",18.8748,19.17,19.1797,18.871,NA,NA,"-1.49%"
"02/06/2023",19.16,18.9845,19.2922,18.982,NA,NA,"1.08%"
"02/03/2023",18.955,18.6625,18.9915,18.6442,NA,NA,"1.66%"
"02/02/2023",18.645,18.605,18.7115,18.5057,NA,NA,"0.24%"
"02/01/2023",18.5999,18.8355,18.8741,18.5926,NA,NA,"-1.17%"
"01/31/2023",18.82,18.7683,18.8526,18.7278,NA,NA,"0.32%"
"01/30/2023",18.7606,18.777,18.8128,18.751,NA,NA,"0.00%"
"01/27/2023",18.76,18.7976,18.8319,18.7155,NA,NA,"-0.16%"
"01/26/2023",18.79,18.7895,18.8985,18.7826,NA,NA,"0.08%"
"01/25/2023",18.775,18.795,18.8575,18.7666,NA,NA,"-0.03%"
"01/24/2023",18.78,18.809,18.8915,18.7839,NA,NA,"-0.11%"
"01/23/2023",18.801,18.9017,18.9017,18.7895,NA,NA,"-0.29%"
"01/20/2023",18.855,18.993,19.0229,18.845,NA,NA,"-0.63%"
"01/19/2023",18.975,18.8895,19.1135,18.8662,NA,NA,"0.53%"
"01/18/2023",18.875,18.665,18.9063,18.5655,NA,NA,"1.21%"
"01/17/2023",18.65,18.777,18.8375,18.6467,NA,NA,"-0.65%"
"01/16/2023",18.7716,18.763,18.8631,18.7308,NA,NA,"0.10%"
"01/13/2023",18.753,18.8315,18.915,18.7305,NA,NA,"-0.39%"
"01/12/2023",18.8265,18.9275,18.9827,18.815,NA,NA,"-0.44%"
"01/11/2023",18.91,19.065,19.115,18.91,NA,NA,"-0.72%"
"01/10/2023",19.048,19.1475,19.1778,19.0495,NA,NA,"-0.43%"
"01/09/2023",19.13,19.1455,19.1965,19.1005,NA,NA,"0.03%"
"01/06/2023",19.124,19.327,19.3501,19.118,NA,NA,"-0.96%"
"01/05/2023",19.31,19.3825,19.434,19.2955,NA,NA,"-0.28%"
"01/04/2023",19.365,19.4067,19.427,19.2564,NA,NA,"-0.18%"
"01/03/2023",19.4,19.466,19.5369,19.3739,NA,NA,"-0.31%"
"01/02/2023",19.461,19.4865,19.5235,19.4585,NA,NA,"-0.07%"
"12/30/2022",19.474,19.4595,19.5901,19.405,NA,NA,"0.15%"
"12/29/2022",19.445,19.435,19.4795,19.3013,NA,NA,"0.13%"
"12/28/2022",19.42,19.4885,19.4984,19.3795,NA,NA,"-0.29%"
"12/27/2022",19.477,19.4015,19.5025,19.3386,NA,NA,"0.47%"
"12/26/2022",19.385,19.3915,19.4252,19.3332,NA,NA,"0.22%"
"12/23/2022",19.343,19.5675,19.591,19.3456,NA,NA,"-0.99%"
"12/22/2022",19.537,19.652,19.6823,19.539,NA,NA,"-0.54%"
"12/21/2022",19.643,19.7605,19.8037,19.631,NA,NA,"-0.51%"
"12/20/2022",19.743,19.797,19.9025,19.6772,NA,NA,"-0.25%"
"12/19/2022",19.792,19.783,19.8415,19.7089,NA,NA,"0.11%"
"12/16/2022",19.77,19.759,19.8855,19.7396,NA,NA,"0.11%"
"12/15/2022",19.748,19.619,19.859,19.6115,NA,NA,"0.73%"
"12/14/2022",19.604,19.528,19.765,19.5152,NA,NA,"0.48%"
"12/13/2022",19.51,19.8565,19.8848,19.516,NA,NA,"-1.68%"
"12/12/2022",19.844,19.763,19.9191,19.7307,NA,NA,"0.41%"
"12/09/2022",19.763,19.6248,19.8425,19.6131,NA,NA,"0.77%"
"12/08/2022",19.6126,19.667,19.745,19.607,NA,NA,"-0.23%"
"12/07/2022",19.657,19.758,19.8339,19.626,NA,NA,"-0.45%"
"12/06/2022",19.746,19.737,19.865,19.6276,NA,NA,"0.10%"
"12/05/2022",19.726,19.404,19.866,19.3478,NA,NA,"1.82%"
"12/02/2022",19.374,19.131,19.4465,19.1075,NA,NA,"1.31%"
"12/01/2022",19.123,19.268,19.3485,19.115,NA,NA,"-0.66%"
"11/30/2022",19.251,19.233,19.4635,19.1938,NA,NA,"0.18%"
"11/29/2022",19.216,19.308,19.3249,19.0403,NA,NA,"-0.41%"
"11/28/2022",19.295,19.3193,19.37,19.2915,NA,NA,"-0.18%"
"11/25/2022",19.33,19.3835,19.4245,19.3045,NA,NA,"-0.19%"
"11/24/2022",19.367,19.3665,19.4,19.3391,NA,NA,"0.07%"
"11/23/2022",19.354,19.435,19.4546,19.329,NA,NA,"-0.33%"
"11/22/2022",19.419,19.546,19.5735,19.4132,NA,NA,"-0.61%"
"11/21/2022",19.538,19.4545,19.5935,19.4133,NA,NA,"0.53%"
"11/18/2022",19.435,19.4235,19.5385,19.3818,NA,NA,"0.14%"
"11/17/2022",19.407,19.3485,19.4775,19.3104,NA,NA,"0.36%"
"11/16/2022",19.338,19.3635,19.4053,19.282,NA,NA,"-0.08%"
"11/15/2022",19.354,19.354,19.4745,19.2435,NA,NA,"0.08%"
"11/14/2022",19.339,19.535,19.5748,19.3169,NA,NA,"-0.80%"
"11/11/2022",19.495,19.3169,19.595,19.2638,NA,NA,"0.96%"
"11/10/2022",19.31,19.5785,19.6021,19.3117,NA,NA,"-1.31%"
"11/09/2022",19.567,19.5265,19.6365,19.5077,NA,NA,"0.28%"
"11/08/2022",19.513,19.4545,19.575,19.4324,NA,NA,"0.37%"
"11/07/2022",19.441,19.531,19.5783,19.4295,NA,NA,"-0.31%"
"11/04/2022",19.501,19.6475,19.6773,19.4585,NA,NA,"-0.68%"
"11/03/2022",19.635,19.675,19.7813,19.629,NA,NA,"-0.08%"
"11/02/2022",19.65,19.749,19.7695,19.5045,NA,NA,"-0.46%"
"11/01/2022",19.74,19.811,19.8445,19.6785,NA,NA,"-0.27%"
"10/31/2022",19.794,19.8225,19.92,19.7915,NA,NA,"0.04%"
"10/28/2022",19.786,19.8338,19.8955,19.7805,NA,NA,"-0.20%"
"10/27/2022",19.825,19.941,20.0392,19.8095,NA,NA,"-0.51%"
"10/26/2022",19.926,19.882,19.9835,19.8105,NA,NA,"0.31%"
"10/25/2022",19.865,19.9375,19.9478,19.8495,NA,NA,"-0.29%"
"10/24/2022",19.922,19.9165,20.0085,19.8979,NA,NA,"0.07%"
"10/21/2022",19.909,20.038,20.14,19.8845,NA,NA,"-0.59%"
"10/20/2022",20.027,20.1095,20.1618,20.0205,NA,NA,"-0.36%"
"10/19/2022",20.1,20.032,20.1775,20.0114,NA,NA,"0.36%"
"10/18/2022",20.027,19.9975,20.069,19.958,NA,NA,"0.24%"
"10/17/2022",19.98,20.061,20.0655,19.9692,NA,NA,"-0.45%"
"10/14/2022",20.071,19.983,20.1069,19.965,NA,NA,"0.52%"
"10/13/2022",19.968,19.9955,20.1605,19.9485,NA,NA,"-0.05%"
"10/12/2022",19.978,20.0846,20.1172,19.967,NA,NA,"-0.50%"
"10/11/2022",20.0786,19.9666,20.115,19.9325,NA,NA,"0.62%"
"10/10/2022",19.9551,20.0465,20.0618,19.9395,NA,NA,"-0.32%"
"10/07/2022",20.02,20.123,20.1475,19.988,NA,NA,"-0.42%"
"10/06/2022",20.105,20.0685,20.1595,20.0163,NA,NA,"0.26%"
"10/05/2022",20.052,19.9665,20.157,19.9429,NA,NA,"0.47%"
"10/04/2022",19.958,20.03,20.0504,19.9475,NA,NA,"-0.31%"
"10/03/2022",20.02,20.1475,20.1674,19.952,NA,NA,"-0.60%"
"09/30/2022",20.14,20.1695,20.201,20.049,NA,NA,"-0.10%"
"09/29/2022",20.161,20.1325,20.2792,20.1109,NA,NA,"0.22%"
"09/28/2022",20.116,20.377,20.581,20.1155,NA,NA,"-1.19%"
"09/27/2022",20.359,20.4105,20.435,20.2612,NA,NA,"-0.18%"
"09/26/2022",20.396,20.2268,20.454,20.194,NA,NA,"1.08%"
"09/23/2022",20.179,19.9465,20.2665,19.9062,NA,NA,"1.24%"
"09/22/2022",19.931,20.021,20.082,19.8403,NA,NA,"-0.36%"
"09/21/2022",20.004,20.0005,20.095,19.8795,NA,NA,"0.11%"
"09/20/2022",19.983,19.9255,20.085,19.9023,NA,NA,"0.37%"
"09/19/2022",19.91,20.041,20.162,19.905,NA,NA,"-0.60%"
"09/16/2022",20.03,20.0765,20.1635,20.0135,NA,NA,"-0.15%"
"09/15/2022",20.06,19.959,20.098,19.9455,NA,NA,"0.59%"
"09/14/2022",19.942,20.0795,20.096,19.9075,NA,NA,"-0.62%"
"09/13/2022",20.066,19.8375,20.1092,19.7854,NA,NA,"1.24%"
"09/12/2022",19.821,19.8925,19.897,19.7518,NA,NA,"-0.28%"
"09/09/2022",19.876,19.9675,19.9797,19.8653,NA,NA,"-0.39%"
"09/08/2022",19.953,19.979,20.1055,19.9445,NA,NA,"-0.07%"
"09/07/2022",19.966,20.1325,20.1887,19.9612,NA,NA,"-0.76%"
"09/06/2022",20.118,20.0046,20.1825,19.9464,NA,NA,"0.67%"
"09/05/2022",19.9842,19.9665,20.0285,19.9425,NA,NA,"0.28%"
"09/02/2022",19.929,20.182,20.2041,19.925,NA,NA,"-1.19%"
"09/01/2022",20.168,20.14,20.2955,20.136,NA,NA,"0.16%"
"08/31/2022",20.1348,20.1527,20.2428,20.079,NA,NA,"-0.05%"
"08/30/2022",20.145,20.0215,20.2095,19.9118,NA,NA,"0.70%"
"08/29/2022",20.004,20.044,20.1534,19.9646,NA,NA,"-0.05%"
"08/26/2022",20.015,19.9315,20.039,19.8695,NA,NA,"0.51%"
"08/25/2022",19.914,19.8945,19.9865,19.8499,NA,NA,"0.15%"
"08/24/2022",19.885,19.9795,20.011,19.8787,NA,NA,"-0.43%"
"08/23/2022",19.971,20.142,20.1679,19.9518,NA,NA,"-0.80%"
"08/22/2022",20.133,20.182,20.2484,20.115,NA,NA,"-0.08%"
"08/19/2022",20.15,20.1215,20.2689,20.1173,NA,NA,"0.23%"
"08/18/2022",20.104,19.9825,20.1805,19.9289,NA,NA,"0.67%"
"08/17/2022",19.97,19.911,20.0936,19.8925,NA,NA,"0.37%"
"08/16/2022",19.897,19.8365,19.976,19.8151,NA,NA,"0.37%"
"08/15/2022",19.823,19.8505,20.0113,19.811,NA,NA,"-0.03%"
"08/12/2022",19.829,19.9415,19.9779,19.813,NA,NA,"-0.50%"
"08/11/2022",19.928,20.0305,20.0491,19.9005,NA,NA,"-0.44%"
"08/10/2022",20.016,20.2315,20.2757,19.9113,NA,NA,"-1.00%"
"08/09/2022",20.218,20.2515,20.3055,20.1975,NA,NA,"-0.13%"
"08/08/2022",20.245,20.414,20.4408,20.241,NA,NA,"-0.82%"
"08/05/2022",20.413,20.3435,20.4922,20.3141,NA,NA,"0.43%"
"08/04/2022",20.326,20.473,20.504,20.2885,NA,NA,"-0.64%"
"08/03/2022",20.456,20.789,20.8245,20.4242,NA,NA,"-1.53%"
"08/02/2022",20.773,20.3845,20.8335,20.3792,NA,NA,"1.98%"
"08/01/2022",20.369,20.383,20.4281,20.2383,NA,NA,"0.09%"
"07/29/2022",20.35,20.28,20.423,20.2058,NA,NA,"0.42%"
"07/28/2022",20.265,20.4032,20.4536,20.268,NA,NA,"-0.64%"
"07/27/2022",20.395,20.457,20.5785,20.301,NA,NA,"-0.24%"
"07/26/2022",20.444,20.473,20.541,20.411,NA,NA,"-0.08%"
"07/25/2022",20.46,20.55,20.5907,20.399,NA,NA,"-0.32%"
"07/22/2022",20.526,20.631,20.7261,20.4905,NA,NA,"-0.44%"
"07/21/2022",20.617,20.5495,20.7015,20.4762,NA,NA,"0.41%"
"07/20/2022",20.532,20.5217,20.5946,20.4459,NA,NA,"0.08%"
"07/19/2022",20.5164,20.4675,20.5305,20.3168,NA,NA,"0.29%"
"07/18/2022",20.457,20.53,20.543,20.3283,NA,NA,"-0.32%"
"07/15/2022",20.522,20.801,20.8936,20.5229,NA,NA,"-1.29%"
"07/14/2022",20.79,20.7305,21.0566,20.7205,NA,NA,"0.33%"
"07/13/2022",20.721,20.8535,20.9968,20.6399,NA,NA,"-0.61%"
"07/12/2022",20.8482,20.74,20.9312,20.726,NA,NA,"0.58%"
"07/11/2022",20.729,20.4795,20.798,20.4535,NA,NA,"1.40%"
"07/08/2022",20.443,20.5155,20.5888,20.3654,NA,NA,"-0.29%"
"07/07/2022",20.503,20.6563,20.6816,20.4773,NA,NA,"-0.72%"
"07/06/2022",20.6517,20.5209,20.787,20.4904,NA,NA,"0.66%"
"07/05/2022",20.5162,20.2755,20.625,20.2334,NA,NA,"1.26%"
"07/04/2022",20.26,20.2645,20.344,20.2136,NA,NA,"0.04%"
"07/01/2022",20.251,20.1035,20.467,20.0875,NA,NA,"0.81%"
"06/30/2022",20.089,20.1275,20.2661,20.0612,NA,NA,"-0.11%"
"06/29/2022",20.111,20.136,20.2104,20.0714,NA,NA,"-0.05%"
"06/28/2022",20.122,19.9235,20.175,19.871,NA,NA,"1.06%"
"06/27/2022",19.91,19.8775,19.965,19.8192,NA,NA,"0.30%"
"06/24/2022",19.85,20.015,20.0889,19.8263,NA,NA,"-0.75%"
"06/23/2022",20.001,20.0496,20.1442,19.9765,NA,NA,"-0.22%"
"06/22/2022",20.0442,20.1235,20.2491,19.9979,NA,NA,"-0.35%"
"06/21/2022",20.115,20.288,20.29,20.115,NA,NA,"-0.79%"
"06/20/2022",20.276,20.346,20.3792,20.2227,NA,NA,"-0.26%"
"06/17/2022",20.329,20.4095,20.5826,20.2981,NA,NA,"-0.35%"
"06/16/2022",20.4,20.2578,20.7045,20.2176,NA,NA,"0.77%"
"06/15/2022",20.245,20.5945,20.6985,20.2115,NA,NA,"-1.62%"
"06/14/2022",20.579,20.4576,20.6916,20.3524,NA,NA,"0.61%"
"06/13/2022",20.4538,19.987,20.5208,19.965,NA,NA,"2.49%"
"06/10/2022",19.956,19.674,20.002,19.6187,NA,NA,"1.52%"
"06/09/2022",19.657,19.576,19.6965,19.5318,NA,NA,"0.50%"
"06/08/2022",19.56,19.5865,19.6877,19.555,NA,NA,"-0.10%"
"06/07/2022",19.58,19.5731,19.645,19.5096,NA,NA,"0.10%"
"06/06/2022",19.56,19.574,19.635,19.47,NA,NA,"0.02%"
"06/03/2022",19.5565,19.532,19.614,19.5,NA,NA,"0.19%"
"06/02/2022",19.52,19.696,19.729,19.518,NA,NA,"-0.83%"
"06/01/2022",19.684,19.6574,19.774,19.603,NA,NA,"0.16%"
"05/31/2022",19.6525,19.5556,19.74,19.5344,NA,NA,"0.55%"
"05/30/2022",19.545,19.5895,19.606,19.4125,NA,NA,"-0.10%"
"05/27/2022",19.565,19.767,19.7926,19.5495,NA,NA,"-1.00%"
"05/26/2022",19.7622,19.8325,19.868,19.7595,NA,NA,"-0.28%"
"05/25/2022",19.818,19.843,19.9295,19.788,NA,NA,"-0.07%"
"05/24/2022",19.831,19.8675,19.9443,19.7904,NA,NA,"-0.11%"
"05/23/2022",19.853,19.862,19.9105,19.772,NA,NA,"0.01%"
"05/20/2022",19.851,19.936,19.9638,19.8275,NA,NA,"-0.36%"
"05/19/2022",19.922,20.0465,20.0755,19.8659,NA,NA,"-0.53%"
"05/18/2022",20.029,19.94,20.0823,19.8703,NA,NA,"0.50%"
"05/17/2022",19.93,20.0283,20.0427,19.9261,NA,NA,"-0.45%"
"05/16/2022",20.02,20.1025,20.1861,20.0187,NA,NA,"-0.34%"
"05/13/2022",20.088,20.2479,20.257,20.0779,NA,NA,"-0.76%"
"05/12/2022",20.2424,20.3175,20.4771,20.2314,NA,NA,"-0.31%"
"05/11/2022",20.305,20.392,20.4684,20.227,NA,NA,"-0.39%"
"05/10/2022",20.384,20.3945,20.4404,20.272,NA,NA,"0.02%"
"05/09/2022",20.38,20.1775,20.4095,20.1603,NA,NA,"1.22%"
"05/06/2022",20.135,20.2385,20.2998,20.07,NA,NA,"-0.43%"
"05/05/2022",20.222,20.0285,20.319,20.0049,NA,NA,"1.04%"
"05/04/2022",20.014,20.2915,20.3102,19.997,NA,NA,"-1.30%"
"05/03/2022",20.277,20.4795,20.4897,20.261,NA,NA,"-0.90%"
"05/02/2022",20.462,20.403,20.5131,20.3393,NA,NA,"0.25%"
"04/29/2022",20.411,20.448,20.4737,20.2855,NA,NA,"-0.12%"
"04/28/2022",20.436,20.3812,20.645,20.3468,NA,NA,"0.29%"
"04/27/2022",20.3759,20.4365,20.5386,20.3218,NA,NA,"-0.23%"
"04/26/2022",20.423,20.2165,20.465,20.191,NA,NA,"1.08%"
"04/25/2022",20.204,20.2385,20.4876,20.1615,NA,NA,"-0.07%"
"04/22/2022",20.218,20.1735,20.379,20.1615,NA,NA,"0.29%"
"04/21/2022",20.16,19.9915,20.241,19.9779,NA,NA,"0.89%"
"04/20/2022",19.983,20.0235,20.076,19.9442,NA,NA,"-0.11%"
"04/19/2022",20.006,19.8275,20.088,19.7615,NA,NA,"0.96%"
"04/18/2022",19.815,19.962,20.0102,19.8144,NA,NA,"-0.63%"
"04/15/2022",19.9405,19.9682,19.9897,19.9277,NA,NA,"-0.11%"
"04/14/2022",19.9629,19.789,20.0286,19.7307,NA,NA,"0.96%"
"04/13/2022",19.773,19.803,19.8365,19.7406,NA,NA,"-0.07%"
"04/12/2022",19.787,19.9407,19.9566,19.774,NA,NA,"-0.71%"
"04/11/2022",19.929,20.0575,20.1257,19.8937,NA,NA,"-0.45%"
"04/08/2022",20.02,20.1385,20.1905,20.018,NA,NA,"-0.50%"
"04/07/2022",20.121,20.1725,20.1945,20.071,NA,NA,"-0.19%"
"04/06/2022",20.16,20.0015,20.1971,19.9715,NA,NA,"0.84%"
"04/05/2022",19.993,19.8055,20.0155,19.762,NA,NA,"1.04%"
"04/04/2022",19.788,19.8815,19.8875,19.7255,NA,NA,"-0.24%"
"04/01/2022",19.835,19.8695,19.935,19.747,NA,NA,"-0.05%"
"03/31/2022",19.845,19.8745,19.9725,19.8186,NA,NA,"-0.06%"
"03/30/2022",19.856,19.979,19.9915,19.814,NA,NA,"-0.54%"
"03/29/2022",19.964,20.1205,20.143,19.9121,NA,NA,"-0.73%"
"03/28/2022",20.11,20.035,20.1905,20.0129,NA,NA,"0.45%"
"03/25/2022",20.02,20.0915,20.1008,19.9085,NA,NA,"-0.27%"
"03/24/2022",20.075,20.2199,20.2451,20.0705,NA,NA,"-0.72%"
"03/23/2022",20.2208,20.2845,20.2987,20.155,NA,NA,"-0.24%"
"03/22/2022",20.27,20.3735,20.4223,20.2495,NA,NA,"-0.48%"
"03/21/2022",20.3682,20.386,20.4156,20.2672,NA,NA,"0.14%"
"03/18/2022",20.34,20.5215,20.5555,20.352,NA,NA,"-0.85%"
"03/17/2022",20.515,20.639,20.6741,20.4984,NA,NA,"-0.57%"
"03/16/2022",20.632,20.8345,20.853,20.5968,NA,NA,"-0.90%"
"03/15/2022",20.82,20.92,20.9394,20.8186,NA,NA,"-0.38%"
"03/14/2022",20.9,20.9325,20.9823,20.831,NA,NA,"0.01%"
"03/11/2022",20.897,20.939,21.0541,20.844,NA,NA,"-0.13%"
"03/10/2022",20.925,20.911,21.0686,20.8832,NA,NA,"0.16%"
"03/09/2022",20.892,21.3765,21.385,20.856,NA,NA,"-2.23%"
"03/08/2022",21.369,21.315,21.4687,21.2045,NA,NA,"0.32%"
"03/07/2022",21.3,20.945,21.3725,20.9263,NA,NA,"1.74%"
"03/04/2022",20.935,20.6374,20.975,20.6357,NA,NA,"1.46%"
"03/03/2022",20.6336,20.6175,20.757,20.6077,NA,NA,"0.20%"
"03/02/2022",20.593,20.657,20.8005,20.5777,NA,NA,"-0.20%"
"03/01/2022",20.635,20.47,20.681,20.3909,NA,NA,"0.85%"
"02/28/2022",20.461,20.355,20.6254,20.3171,NA,NA,"0.62%"
"02/25/2022",20.335,20.5545,20.5842,20.3215,NA,NA,"-1.00%"
"02/24/2022",20.541,20.239,20.79,20.2344,NA,NA,"1.56%"
"02/23/2022",20.226,20.305,20.3111,20.1565,NA,NA,"-0.31%"
"02/22/2022",20.289,20.3095,20.3772,20.2682,NA,NA,"-0.03%"
"02/21/2022",20.295,20.31,20.3325,20.2489,NA,NA,"0.07%"
"02/18/2022",20.28,20.3,20.3381,20.2576,NA,NA,"-0.02%"
"02/17/2022",20.284,20.2781,20.3555,20.2318,NA,NA,"0.07%"
"02/16/2022",20.2703,20.4,20.4144,20.2495,NA,NA,"-0.58%"
"02/15/2022",20.3894,20.421,20.4555,20.3508,NA,NA,"-0.08%"
"02/14/2022",20.405,20.535,20.5776,20.3865,NA,NA,"-0.59%"
"02/11/2022",20.526,20.56,20.6405,20.3618,NA,NA,"-0.08%"
"02/10/2022",20.543,20.4775,20.5925,20.349,NA,NA,"0.40%"
"02/09/2022",20.462,20.614,20.6269,20.4415,NA,NA,"-0.66%"
"02/08/2022",20.598,20.5945,20.6882,20.5842,NA,NA,"0.10%"
"02/07/2022",20.578,20.6785,20.6989,20.579,NA,NA,"-0.41%"
"02/04/2022",20.662,20.55,20.791,20.5405,NA,NA,"0.64%"
"02/03/2022",20.531,20.574,20.66,20.5123,NA,NA,"-0.16%"
"02/02/2022",20.563,20.545,20.6485,20.4751,NA,NA,"0.16%"
"02/01/2022",20.53,20.634,20.6575,20.5,NA,NA,"-0.46%"
"01/31/2022",20.625,20.8195,20.847,20.5895,NA,NA,"-0.79%"
"01/28/2022",20.789,20.7655,20.9134,20.7157,NA,NA,"0.19%"
"01/27/2022",20.749,20.7475,20.8114,20.652,NA,NA,"0.09%"
"01/26/2022",20.731,20.6175,20.7796,20.5488,NA,NA,"0.64%"
"01/25/2022",20.6,20.577,20.6971,20.5685,NA,NA,"0.19%"
"01/24/2022",20.561,20.488,20.6921,20.437,NA,NA,"0.54%"
"01/21/2022",20.451,20.543,20.5578,20.429,NA,NA,"-0.38%"
"01/20/2022",20.529,20.5155,20.5725,20.3829,NA,NA,"0.13%"
"01/19/2022",20.502,20.4055,20.5335,20.3216,NA,NA,"0.52%"
"01/18/2022",20.396,20.2955,20.4557,20.2764,NA,NA,"0.57%"
"01/17/2022",20.281,20.3025,20.3625,20.2753,NA,NA,"-0.04%"
"01/14/2022",20.29,20.346,20.3713,20.2773,NA,NA,"-0.21%"
"01/13/2022",20.333,20.35,20.4245,20.2983,NA,NA,"0.00%"
"01/12/2022",20.334,20.3815,20.4492,20.3118,NA,NA,"-0.20%"
"01/11/2022",20.375,20.376,20.4604,20.3363,NA,NA,"0.07%"
"01/10/2022",20.36,20.371,20.5294,20.3515,NA,NA,"0.00%"
"01/07/2022",20.36,20.504,20.5223,20.3525,NA,NA,"-0.62%"
"01/06/2022",20.486,20.582,20.7612,20.4039,NA,NA,"-0.38%"
"01/05/2022",20.565,20.515,20.612,20.3424,NA,NA,"0.31%"
"01/04/2022",20.501,20.5115,20.6423,20.4149,NA,NA,"0.03%"
"01/03/2022",20.494,20.4944,20.6605,20.4104,NA,NA,"0.03%"
"12/31/2021",20.487,20.4636,20.5265,20.3269,NA,NA,"0.14%"
"12/30/2021",20.4586,20.5745,20.6122,20.4542,NA,NA,"-0.49%"
"12/29/2021",20.559,20.658,20.6828,20.548,NA,NA,"-0.40%"
"12/28/2021",20.642,20.6885,20.722,20.5605,NA,NA,"-0.15%"
"12/27/2021",20.672,20.6175,20.7454,20.5812,NA,NA,"0.35%"
"12/24/2021",20.6,20.647,20.6682,20.5725,NA,NA,"-0.12%"
"12/23/2021",20.625,20.7115,20.7455,20.6138,NA,NA,"-0.34%"
"12/22/2021",20.695,20.8176,20.8649,20.6975,NA,NA,"-0.51%"
"12/21/2021",20.801,20.7865,20.8762,20.7022,NA,NA,"0.13%"
"12/20/2021",20.774,20.8205,20.9555,20.6922,NA,NA,"-0.28%"
"12/17/2021",20.833,20.822,20.869,20.6945,NA,NA,"0.13%"
"12/16/2021",20.805,21.0135,21.0882,20.7588,NA,NA,"-0.96%"
"12/15/2021",21.0071,21.2375,21.3668,21.0051,NA,NA,"-1.00%"
"12/14/2021",21.22,21.02,21.2835,20.9641,NA,NA,"1.00%"
"12/13/2021",21.01,20.882,21.0322,20.8378,NA,NA,"0.69%"
"12/10/2021",20.866,20.946,21.0594,20.8382,NA,NA,"-0.34%"
"12/09/2021",20.937,20.9355,21.0826,20.914,NA,NA,"0.08%"
"12/08/2021",20.921,21.0355,21.0445,20.8811,NA,NA,"-0.48%"
"12/07/2021",21.022,21.224,21.3079,21.0033,NA,NA,"-0.87%"
"12/06/2021",21.207,21.258,21.3022,21.1674,NA,NA,"-0.27%"
"12/03/2021",21.264,21.265,21.4974,21.1574,NA,NA,"0.08%"
"12/02/2021",21.248,21.5173,21.522,21.2368,NA,NA,"-1.18%"
"12/01/2021",21.5016,21.4475,21.5223,21.115,NA,NA,"0.30%"
"11/30/2021",21.4368,21.6737,21.8421,21.2799,NA,NA,"-1.07%"
"11/29/2021",21.6686,21.8901,21.9949,21.6292,NA,NA,"-1.10%"
"11/26/2021",21.91,21.5625,22.155,21.5625,NA,NA,"1.64%"
"11/25/2021",21.5575,21.4265,21.5977,21.3606,NA,NA,"0.69%"
"11/24/2021",21.409,21.1911,21.6155,21.1856,NA,NA,"1.10%"
"11/23/2021",21.1758,21.0025,21.3117,20.989,NA,NA,"0.91%"
"11/22/2021",20.985,20.856,21.0299,20.816,NA,NA,"0.77%"
"11/19/2021",20.824,20.7815,20.8941,20.663,NA,NA,"0.28%"
"11/18/2021",20.765,20.6515,20.895,20.619,NA,NA,"0.61%"
"11/17/2021",20.64,20.7369,20.8083,20.6343,NA,NA,"-0.39%"
"11/16/2021",20.7216,20.6155,20.8549,20.5567,NA,NA,"0.58%"
"11/15/2021",20.603,20.52,20.6825,20.4706,NA,NA,"0.46%"
"11/12/2021",20.509,20.6459,20.7274,20.4453,NA,NA,"-0.60%"
"11/11/2021",20.6328,20.6385,20.699,20.4471,NA,NA,"0.06%"
"11/10/2021",20.621,20.3185,20.6478,20.3044,NA,NA,"1.58%"
"11/09/2021",20.301,20.335,20.3811,20.2463,NA,NA,"-0.09%"
"11/08/2021",20.32,20.369,20.4318,20.2855,NA,NA,"0.01%"
"11/05/2021",20.317,20.543,20.6521,20.303,NA,NA,"-1.08%"
"11/04/2021",20.5382,20.54,20.6668,20.4881,NA,NA,"0.04%"
"11/03/2021",20.53,20.792,20.9841,20.5075,NA,NA,"-1.19%"
"11/02/2021",20.777,20.845,20.9174,20.7054,NA,NA,"-0.26%"
"11/01/2021",20.831,20.5745,20.8948,20.5427,NA,NA,"1.39%"
"10/29/2021",20.545,20.3765,20.6361,20.3415,NA,NA,"0.88%"
"10/28/2021",20.365,20.314,20.4247,20.2526,NA,NA,"0.32%"
"10/27/2021",20.301,20.215,20.3405,20.1478,NA,NA,"0.50%"
"10/26/2021",20.2,20.169,20.2411,20.1138,NA,NA,"0.23%"
"10/25/2021",20.153,20.1805,20.2325,20.1529,NA,NA,"-0.06%"
"10/22/2021",20.165,20.3045,20.3414,20.1249,NA,NA,"-0.63%"
"10/21/2021",20.293,20.2085,20.3531,20.1864,NA,NA,"0.47%"
"10/20/2021",20.1972,20.2405,20.288,20.1567,NA,NA,"-0.15%"
"10/19/2021",20.227,20.4105,20.4405,20.2106,NA,NA,"-0.87%"
"10/18/2021",20.4036,20.3385,20.4963,20.3043,NA,NA,"0.37%"
"10/15/2021",20.329,20.5645,20.5982,20.3165,NA,NA,"-1.02%"
"10/14/2021",20.539,20.5523,20.6633,20.5058,NA,NA,"-0.04%"
"10/13/2021",20.5475,20.7806,20.8039,20.545,NA,NA,"-1.10%"
"10/12/2021",20.7752,20.873,20.9037,20.739,NA,NA,"-0.38%"
"10/11/2021",20.855,20.737,20.889,20.6991,NA,NA,"0.80%"
"10/08/2021",20.689,20.66,20.7961,20.5256,NA,NA,"0.22%"
"10/07/2021",20.643,20.5565,20.6998,20.4545,NA,NA,"0.46%"
"10/06/2021",20.549,20.573,20.8934,20.541,NA,NA,"-0.01%"
"10/05/2021",20.552,20.489,20.6192,20.4795,NA,NA,"0.36%"
"10/04/2021",20.479,20.4455,20.6264,20.4167,NA,NA,"0.24%"
"10/01/2021",20.429,20.6415,20.733,20.4058,NA,NA,"-0.97%"
"09/30/2021",20.63,20.515,20.6854,20.4478,NA,NA,"0.71%"
"09/29/2021",20.485,20.3315,20.6595,20.2763,NA,NA,"0.83%"
"09/28/2021",20.3166,20.1095,20.4009,20.0909,NA,NA,"1.11%"
"09/27/2021",20.093,20.0665,20.1595,20.011,NA,NA,"0.26%"
"09/24/2021",20.04,20.0488,20.1936,20.0448,NA,NA,"-0.02%"
"09/23/2021",20.0431,20.0888,20.1227,19.9772,NA,NA,"-0.20%"
"09/22/2021",20.0831,20.1355,20.1528,19.9295,NA,NA,"-0.22%"
"09/21/2021",20.128,20.142,20.1702,20.057,NA,NA,"-0.05%"
"09/20/2021",20.1376,20.016,20.2052,20.0103,NA,NA,"0.62%"
"09/17/2021",20.0141,19.9377,20.0387,19.9045,NA,NA,"0.42%"
"09/16/2021",19.931,19.8675,19.9699,19.8518,NA,NA,"0.39%"
"09/15/2021",19.854,19.9135,19.928,19.846,NA,NA,"-0.25%"
"09/14/2021",19.903,19.8683,19.933,19.851,NA,NA,"0.19%"
"09/13/2021",19.865,19.89,19.9116,19.8472,NA,NA,"-0.08%"
"09/10/2021",19.881,19.931,19.9541,19.846,NA,NA,"-0.18%"
"09/09/2021",19.917,19.93,19.9735,19.8737,NA,NA,"-0.07%"
"09/08/2021",19.931,19.938,19.9912,19.8846,NA,NA,"0.05%"
"09/07/2021",19.922,19.917,19.973,19.8831,NA,NA,"0.07%"
"09/06/2021",19.909,19.9095,19.9354,19.8659,NA,NA,"-0.03%"
"09/03/2021",19.915,19.961,19.9904,19.8428,NA,NA,"-0.20%"
"09/02/2021",19.9557,19.9955,20.0231,19.9218,NA,NA,"-0.13%"
"09/01/2021",19.982,20.073,20.1021,19.9293,NA,NA,"-0.40%"
"08/31/2021",20.063,20.1401,20.1533,20.0266,NA,NA,"-0.33%"
"08/30/2021",20.1301,20.182,20.2275,20.1045,NA,NA,"-0.31%"
"08/27/2021",20.1922,20.3625,20.4395,20.1679,NA,NA,"-0.78%"
"08/26/2021",20.351,20.228,20.3905,20.2076,NA,NA,"0.67%"
"08/25/2021",20.215,20.2145,20.3575,20.166,NA,NA,"0.07%"
"08/24/2021",20.2,20.321,20.3657,20.1975,NA,NA,"-0.50%"
"08/23/2021",20.301,20.4055,20.447,20.2851,NA,NA,"-0.23%"
"08/20/2021",20.347,20.1625,20.4678,20.1453,NA,NA,"0.97%"
"08/19/2021",20.152,20.0459,20.212,20.029,NA,NA,"0.55%"
"08/18/2021",20.0425,20.0105,20.0492,19.9471,NA,NA,"0.23%"
"08/17/2021",19.997,19.903,20.0325,19.8715,NA,NA,"0.56%"
"08/16/2021",19.886,19.88,19.9286,19.8431,NA,NA,"0.14%"
"08/13/2021",19.859,19.9625,19.992,19.8288,NA,NA,"-0.44%"
"08/12/2021",19.946,19.9325,19.9755,19.856,NA,NA,"0.16%"
"08/11/2021",19.915,20.0905,20.1222,19.9054,NA,NA,"-0.83%"
"08/10/2021",20.082,20.075,20.177,20.043,NA,NA,"0.08%"
"08/09/2021",20.066,20.0815,20.129,19.9955,NA,NA,"0.21%"
"08/06/2021",20.024,19.93,20.0905,19.8957,NA,NA,"0.55%"
"08/05/2021",19.914,19.984,20,19.8874,NA,NA,"-0.33%"
"08/04/2021",19.98,19.889,20.004,19.8139,NA,NA,"0.55%"
"08/03/2021",19.87,19.91,19.9307,19.8272,NA,NA,"-0.13%"
"08/02/2021",19.896,19.899,19.929,19.8015,NA,NA,"0.21%"
"07/30/2021",19.855,19.854,19.9338,19.7985,NA,NA,"0.09%"
"07/29/2021",19.838,19.916,19.9404,19.8162,NA,NA,"-0.34%"
"07/28/2021",19.906,19.98,20.035,19.8762,NA,NA,"-0.33%"
"07/27/2021",19.971,20.041,20.1397,19.9461,NA,NA,"-0.28%"
"07/26/2021",20.027,20.072,20.1668,19.9893,NA,NA,"-0.07%"
"07/23/2021",20.042,20.123,20.1483,19.9904,NA,NA,"-0.31%"
"07/22/2021",20.105,20.1445,20.2261,20.0817,NA,NA,"-0.13%"
"07/21/2021",20.131,20.1561,20.2525,20.1119,NA,NA,"-0.04%"
"07/20/2021",20.1389,20.0805,20.1975,19.9995,NA,NA,"0.34%"
"07/19/2021",20.071,19.9035,20.102,19.898,NA,NA,"0.99%"
"07/16/2021",19.875,19.9455,19.9566,19.8245,NA,NA,"-0.30%"
"07/15/2021",19.935,19.8811,20.0009,19.8668,NA,NA,"0.34%"
"07/14/2021",19.8669,20.0605,20.0644,19.8561,NA,NA,"-0.93%"
"07/13/2021",20.054,19.8498,20.0845,19.8131,NA,NA,"1.05%"
"07/12/2021",19.8453,19.8575,20.0128,19.8298,NA,NA,"-0.02%"
"07/09/2021",19.849,20.0055,20.0405,19.843,NA,NA,"-0.73%"
"07/08/2021",19.994,19.947,20.1619,19.9337,NA,NA,"0.36%"
"07/07/2021",19.923,20.017,20.1056,19.9063,NA,NA,"-0.44%"
"07/06/2021",20.011,19.8534,20.0795,19.7726,NA,NA,"0.82%"
"07/05/2021",19.8481,19.7865,19.8752,19.7735,NA,NA,"0.46%"
"07/02/2021",19.758,19.999,20.0545,19.7444,NA,NA,"-1.14%"
"07/01/2021",19.986,19.945,20.0872,19.9023,NA,NA,"0.28%"
"06/30/2021",19.931,19.8175,19.969,19.7815,NA,NA,"0.65%"
"06/29/2021",19.803,19.8252,19.8855,19.767,NA,NA,"-0.09%"
"06/28/2021",19.8199,19.8235,19.9024,19.7505,NA,NA,"0.06%"
"06/25/2021",19.809,19.8645,19.908,19.7045,NA,NA,"-0.21%"
"06/24/2021",19.8505,20.2076,20.2172,19.714,NA,NA,"-1.56%"
"06/23/2021",20.165,20.3505,20.4167,20.1675,NA,NA,"-0.84%"
"06/22/2021",20.335,20.484,20.6756,20.325,NA,NA,"-0.68%"
"06/21/2021",20.4749,20.6405,20.7159,20.449,NA,NA,"-0.89%"
"06/18/2021",20.658,20.425,20.7507,20.375,NA,NA,"1.20%"
"06/17/2021",20.413,20.409,20.623,20.3262,NA,NA,"0.05%"
"06/16/2021",20.402,20.0235,20.4315,19.9524,NA,NA,"1.98%"
"06/15/2021",20.005,19.9655,20.195,19.8847,NA,NA,"0.29%"
"06/14/2021",19.948,19.8818,19.982,19.8384,NA,NA,"0.35%"
"06/11/2021",19.8775,19.6905,20.0039,19.6416,NA,NA,"1.01%"
"06/10/2021",19.679,19.737,19.778,19.6497,NA,NA,"-0.27%"
"06/09/2021",19.7315,19.704,19.7917,19.5967,NA,NA,"0.19%"
"06/08/2021",19.694,19.8065,19.8579,19.689,NA,NA,"-0.53%"
"06/07/2021",19.7991,19.945,19.972,19.7345,NA,NA,"-0.80%"
"06/04/2021",19.958,20.1645,20.219,19.9015,NA,NA,"-0.97%"
"06/03/2021",20.154,19.898,20.18,19.891,NA,NA,"1.35%"
"06/02/2021",19.886,19.976,20.028,19.879,NA,NA,"-0.39%"
"06/01/2021",19.964,19.9535,19.9885,19.84,NA,NA,"0.09%"
"05/31/2021",19.9461,19.9275,19.9605,19.8835,NA,NA,"0.21%"
"05/28/2021",19.905,19.9471,20.0784,19.8972,NA,NA,"-0.18%"
"05/27/2021",19.941,19.8705,20.0467,19.826,NA,NA,"0.37%"
"05/26/2021",19.867,19.919,19.928,19.8299,NA,NA,"-0.24%"
"05/25/2021",19.914,19.859,19.9335,19.8097,NA,NA,"0.32%"
"05/24/2021",19.85,19.9685,19.9956,19.8455,NA,NA,"-0.41%"
"05/21/2021",19.932,19.8664,20.0165,19.8619,NA,NA,"0.36%"
"05/20/2021",19.8611,19.928,19.9625,19.8384,NA,NA,"-0.28%"
"05/19/2021",19.917,19.838,19.9776,19.7955,NA,NA,"0.43%"
"05/18/2021",19.832,19.784,19.8718,19.7183,NA,NA,"0.32%"
"05/17/2021",19.769,19.868,19.948,19.7614,NA,NA,"-0.44%"
"05/14/2021",19.857,19.9365,19.9734,19.753,NA,NA,"-0.34%"
"05/13/2021",19.925,20.168,20.2145,19.9132,NA,NA,"-1.15%"
"05/12/2021",20.156,19.967,20.1856,19.9253,NA,NA,"1.04%"
"05/11/2021",19.949,19.933,20.0014,19.8253,NA,NA,"0.14%"
"05/10/2021",19.922,19.9073,19.9583,19.8585,NA,NA,"0.11%"
"05/07/2021",19.9,20.0815,20.1257,19.8535,NA,NA,"-0.79%"
"05/06/2021",20.058,20.26,20.308,20.0655,NA,NA,"-0.92%"
"05/05/2021",20.244,20.203,20.299,20.148,NA,NA,"0.32%"
"05/04/2021",20.18,20.177,20.3365,20.139,NA,NA,"0.09%"
"05/03/2021",20.161,20.2415,20.319,20.1395,NA,NA,"-0.32%"
"04/30/2021",20.226,20.052,20.285,20.0125,NA,NA,"0.93%"
"04/29/2021",20.04,19.916,20.1705,19.861,NA,NA,"0.70%"
"04/28/2021",19.901,20.0575,20.0935,19.8531,NA,NA,"-0.69%"
"04/27/2021",20.04,19.8585,20.0783,19.851,NA,NA,"0.96%"
"04/26/2021",19.85,19.847,19.9046,19.7958,NA,NA,"0.18%"
"04/23/2021",19.815,19.931,19.956,19.8055,NA,NA,"-0.50%"
"04/22/2021",19.914,19.8835,19.9873,19.8584,NA,NA,"0.21%"
"04/21/2021",19.873,19.9725,19.996,19.8505,NA,NA,"-0.44%"
"04/20/2021",19.96,19.8185,20.0005,19.78,NA,NA,"0.74%"
"04/19/2021",19.813,19.914,19.9405,19.7922,NA,NA,"-0.51%"
"04/16/2021",19.915,19.94,19.9954,19.889,NA,NA,"-0.10%"
"04/15/2021",19.934,20.073,20.0999,19.8996,NA,NA,"-0.63%"
"04/14/2021",20.061,20.0849,20.1322,20.0103,NA,NA,"-0.12%"
"04/13/2021",20.0843,20.1405,20.2425,20.0417,NA,NA,"-0.22%"
"04/12/2021",20.128,20.1642,20.2234,20.0697,NA,NA,"-0.09%"
"04/09/2021",20.146,20.1025,20.2289,20.0684,NA,NA,"0.30%"
"04/08/2021",20.086,20.1985,20.2307,20.0636,NA,NA,"-0.59%"
"04/07/2021",20.2054,20.1595,20.2565,20.1423,NA,NA,"0.20%"
"04/06/2021",20.1656,20.312,20.3871,20.1395,NA,NA,"-0.66%"
"04/05/2021",20.3,20.289,20.3843,20.2285,NA,NA,"0.02%"
"04/02/2021",20.295,20.297,20.3515,20.2665,NA,NA,"0.10%"
"04/01/2021",20.275,20.439,20.498,20.2686,NA,NA,"-0.72%"
"03/31/2021",20.422,20.5875,20.6365,20.4032,NA,NA,"-0.72%"
"03/30/2021",20.57,20.6087,20.7089,20.5424,NA,NA,"-0.18%"
"03/29/2021",20.6081,20.6375,20.7903,20.5604,NA,NA,"0.14%"
"03/26/2021",20.58,20.684,20.7362,20.537,NA,NA,"-0.46%"
"03/25/2021",20.675,20.938,20.9466,20.5825,NA,NA,"-1.18%"
"03/24/2021",20.921,20.8485,20.9743,20.6634,NA,NA,"0.43%"
"03/23/2021",20.831,20.5725,20.8647,20.5307,NA,NA,"1.34%"
"03/22/2021",20.555,20.7825,20.8433,20.5296,NA,NA,"0.30%"
"03/19/2021",20.494,20.4855,20.5519,20.286,NA,NA,"0.11%"
"03/18/2021",20.471,20.4,20.5969,20.2803,NA,NA,"0.41%"
"03/17/2021",20.388,20.622,20.8148,20.3111,NA,NA,"-1.13%"
"03/16/2021",20.6213,20.6485,20.7337,20.5222,NA,NA,"-0.05%"
"03/15/2021",20.631,20.7205,20.8293,20.6266,NA,NA,"-0.45%"
"03/12/2021",20.725,20.608,20.9344,20.5896,NA,NA,"0.62%"
"03/11/2021",20.598,20.8855,20.9268,20.5798,NA,NA,"-1.31%"
"03/10/2021",20.872,21.197,21.2835,20.8669,NA,NA,"-1.49%"
"03/09/2021",21.188,21.518,21.5723,21.128,NA,NA,"-1.49%"
"03/08/2021",21.509,21.254,21.6381,21.2135,NA,NA,"0.98%"
"03/05/2021",21.301,21.1265,21.4227,21.0875,NA,NA,"0.87%"
"03/04/2021",21.118,20.9465,21.1728,20.756,NA,NA,"0.87%"
"03/03/2021",20.935,20.6115,20.9998,20.5493,NA,NA,"1.65%"
"03/02/2021",20.596,20.657,20.7944,20.5544,NA,NA,"-0.21%"
"03/01/2021",20.64,20.862,20.8753,20.5751,NA,NA,"-1.00%"
"02/26/2021",20.848,20.8525,21.051,20.7777,NA,NA,"0.06%"
"02/25/2021",20.836,20.3765,21.0395,20.3695,NA,NA,"2.34%"
"02/24/2021",20.359,20.514,20.5583,20.3489,NA,NA,"-0.69%"
"02/23/2021",20.5,20.7315,20.7668,20.4965,NA,NA,"-1.03%"
"02/22/2021",20.714,20.4782,20.8347,20.4525,NA,NA,"1.41%"
"02/19/2021",20.425,20.31,20.5297,20.2516,NA,NA,"0.67%"
"02/18/2021",20.289,20.2295,20.4851,20.1347,NA,NA,"0.41%"
"02/17/2021",20.207,20.1475,20.3944,20.136,NA,NA,"0.37%"
"02/16/2021",20.133,19.965,20.2528,19.9216,NA,NA,"0.92%"
"02/15/2021",19.95,19.944,19.9849,19.885,NA,NA,"0.10%"
"02/12/2021",19.93,19.9635,20.0975,19.8962,NA,NA,"-0.07%"
"02/11/2021",19.943,20.0445,20.065,19.8953,NA,NA,"-0.39%"
"02/10/2021",20.021,20.098,20.1577,19.9921,NA,NA,"-0.27%"
"02/09/2021",20.075,20.11,20.1605,20.0019,NA,NA,"-0.13%"
"02/08/2021",20.101,20.1133,20.2531,20.0678,NA,NA,"0.12%"
"02/05/2021",20.077,20.395,20.43,20.0718,NA,NA,"-1.44%"
"02/04/2021",20.371,20.2075,20.5072,20.1702,NA,NA,"0.92%"
"02/03/2021",20.185,20.131,20.2554,20.0625,NA,NA,"0.35%"
"02/02/2021",20.115,20.381,20.3913,20.1106,NA,NA,"-1.23%"
"02/01/2021",20.365,20.475,20.5187,20.2633,NA,NA,"-1.07%"
"01/29/2021",20.5855,20.25,20.6045,20.0826,NA,NA,"1.75%"
"01/28/2021",20.2316,20.2771,20.465,20.1268,NA,NA,"-0.24%"
"01/27/2021",20.28,19.986,20.3342,19.977,NA,NA,"1.59%"
"01/26/2021",19.963,20.1157,20.2981,19.9337,NA,NA,"-0.70%"
"01/25/2021",20.1037,19.965,20.241,19.8508,NA,NA,"0.70%"
"01/22/2021",19.963,19.7295,20.0075,19.7146,NA,NA,"1.26%"
"01/21/2021",19.714,19.6015,19.81,19.5436,NA,NA,"0.64%"
"01/20/2021",19.588,19.6715,19.6775,19.5516,NA,NA,"-0.32%"
"01/19/2021",19.65,19.6864,19.7347,19.5958,NA,NA,"-0.11%"
"01/18/2021",19.6708,19.8175,19.9705,19.6525,NA,NA,"-0.51%"
"01/15/2021",19.772,19.7181,19.9031,19.6812,NA,NA,"0.33%"
"01/14/2021",19.7061,19.8533,19.8957,19.6348,NA,NA,"-0.67%"
"01/13/2021",19.8392,19.7935,19.9004,19.7306,NA,NA,"0.33%"
"01/12/2021",19.773,20.0726,20.1235,19.7698,NA,NA,"-1.42%"
"01/11/2021",20.0585,20.009,20.2686,19.9877,NA,NA,"0.26%"
"01/08/2021",20.0069,20.0134,20.1551,19.8642,NA,NA,"0.04%"
"01/07/2021",19.9994,19.64,20.0974,19.611,NA,NA,"1.86%"
"01/06/2021",19.635,19.899,19.9977,19.5986,NA,NA,"-1.22%"
"01/05/2021",19.878,19.9755,20.1174,19.8022,NA,NA,"-0.38%"
"01/04/2021",19.953,19.8948,19.9988,19.7086,NA,NA,"0.39%"
"01/01/2021",19.875,19.8885,19.9053,19.8639,NA,NA,"0.02%"
"12/31/2020",19.871,19.908,19.97,19.8314,NA,NA,"-0.10%"
"12/30/2020",19.89,19.9065,20.0506,19.8039,NA,NA,"0.00%"
"12/29/2020",19.89,20.016,20.075,19.8582,NA,NA,"-0.55%"
"12/28/2020",20.001,19.9263,20.1283,19.8298,NA,NA,"0.73%"
"12/25/2020",19.8561,19.886,19.9131,19.8525,NA,NA,"0.00%"
"12/24/2020",19.857,20.0632,20.0797,19.8277,NA,NA,"-0.96%"
"12/23/2020",20.0491,20.1395,20.2133,20.0038,NA,NA,"-0.41%"
"12/22/2020",20.1311,19.952,20.1925,19.9403,NA,NA,"0.95%"
"12/21/2020",19.941,19.96,20.6625,19.8873,NA,NA,"0.03%"
"12/18/2020",19.9355,19.819,20.0471,19.7861,NA,NA,"0.71%"
"12/17/2020",19.794,19.8485,19.8974,19.7257,NA,NA,"-0.15%"
"12/16/2020",19.824,19.9055,20.0076,19.8075,NA,NA,"-0.32%"
"12/15/2020",19.888,20.2425,20.2621,19.8878,NA,NA,"-1.74%"
"12/14/2020",20.2412,20.1165,20.2549,19.9904,NA,NA,"0.53%"
"12/11/2020",20.1351,20.0125,20.2008,19.9476,NA,NA,"0.70%"
"12/10/2020",19.995,19.864,20.0499,19.8174,NA,NA,"0.70%"
"12/09/2020",19.856,19.7835,20.0089,19.6902,NA,NA,"0.46%"
"12/08/2020",19.765,19.8825,19.9226,19.6903,NA,NA,"-0.46%"
"12/07/2020",19.857,19.7725,19.9809,19.7619,NA,NA,"0.45%"
"12/04/2020",19.7682,19.8945,19.93,19.7295,NA,NA,"-0.56%"
"12/03/2020",19.879,19.97,20.0404,19.8501,NA,NA,"-0.41%"
"12/02/2020",19.96,20.025,20.1535,19.9525,NA,NA,"-0.29%"
"12/01/2020",20.019,20.1825,20.2115,19.9775,NA,NA,"-0.73%"
"11/30/2020",20.166,20.045,20.2233,20.0154,NA,NA,"0.70%"
"11/27/2020",20.0265,20.038,20.1102,19.958,NA,NA,"0.00%"
"11/26/2020",20.027,19.9635,20.0779,19.9272,NA,NA,"0.44%"
"11/25/2020",19.939,20.02,20.1091,19.9424,NA,NA,"-0.30%"
"11/24/2020",19.998,20.152,20.167,19.9813,NA,NA,"-0.81%"
"11/23/2020",20.162,20.114,20.216,19.9424,NA,NA,"0.32%"
"11/20/2020",20.0975,20.1945,20.2965,20.0465,NA,NA,"-0.40%"
"11/19/2020",20.179,20.3185,20.4402,20.1047,NA,NA,"-0.90%"
"11/18/2020",20.362,20.285,20.3765,20.1644,NA,NA,"0.27%"
"11/17/2020",20.307,20.2625,20.4455,20.2328,NA,NA,"0.30%"
"11/16/2020",20.246,20.3994,20.3994,20.1466,NA,NA,"-0.71%"
"11/13/2020",20.3917,20.649,20.6969,20.3611,NA,NA,"-1.17%"
"11/12/2020",20.633,20.4655,20.6891,20.4226,NA,NA,"0.83%"
"11/11/2020",20.464,20.3305,20.6178,20.2385,NA,NA,"0.74%"
"11/10/2020",20.313,20.338,20.4935,20.2663,NA,NA,"-0.07%"
"11/09/2020",20.328,20.551,20.5615,20.0236,NA,NA,"-1.05%"
"11/06/2020",20.544,20.707,20.8755,20.5089,NA,NA,"-0.61%"
"11/05/2020",20.67,20.9405,21.0535,20.619,NA,NA,"-1.11%"
"11/04/2020",20.901,21.125,21.995,20.8813,NA,NA,"-0.94%"
"11/03/2020",21.1,21.3754,21.392,21.0142,NA,NA,"-1.28%"
"11/02/2020",21.3743,21.244,21.5002,21.2161,NA,NA,"0.96%"
"10/30/2020",21.171,21.3876,21.5001,21.169,NA,NA,"-1.01%"
"10/29/2020",21.387,21.29,21.4923,21.1333,NA,NA,"0.50%"
"10/28/2020",21.28,21.0395,21.3782,21.0037,NA,NA,"1.19%"
"10/27/2020",21.029,20.9325,21.0543,20.8244,NA,NA,"0.55%"
"10/26/2020",20.915,20.8925,21.136,20.8839,NA,NA,"0.23%"
"10/23/2020",20.868,20.96,21.0515,20.8366,NA,NA,"-0.38%"
"10/22/2020",20.948,21.109,21.2261,20.9403,NA,NA,"-0.71%"
"10/21/2020",21.098,21.1215,21.1369,20.986,NA,NA,"-0.11%"
"10/20/2020",21.1211,21.2005,21.271,21.0324,NA,NA,"-0.32%"
"10/19/2020",21.188,21.1175,21.2971,21.0448,NA,NA,"0.31%"
"10/16/2020",21.123,21.2745,21.389,21.0888,NA,NA,"-0.71%"
"10/15/2020",21.2749,21.315,21.55,21.2582,NA,NA,"-0.27%"
"10/14/2020",21.333,21.362,21.471,21.2364,NA,NA,"-0.07%"
"10/13/2020",21.347,21.241,21.4895,21.149,NA,NA,"0.57%"
"10/12/2020",21.226,21.165,21.3075,21.1268,NA,NA,"0.41%"
"10/09/2020",21.1396,21.379,21.4095,21.1169,NA,NA,"-1.09%"
"10/08/2020",21.372,21.477,21.5064,21.346,NA,NA,"-0.38%"
"10/07/2020",21.454,21.7345,21.7393,21.3542,NA,NA,"-1.23%"
"10/06/2020",21.721,21.4,21.7645,21.2492,NA,NA,"1.58%"
"10/05/2020",21.383,21.6085,21.6467,21.2988,NA,NA,"-1.05%"
"10/02/2020",21.6103,21.832,22.0688,21.5654,NA,NA,"-0.97%"
"10/01/2020",21.823,22.1065,22.14,21.7843,NA,NA,"-1.25%"
"09/30/2020",22.099,22.436,22.5645,22.025,NA,NA,"-1.62%"
"09/29/2020",22.464,22.4175,22.5479,22.1762,NA,NA,"0.31%"
"09/28/2020",22.395,22.3464,22.6589,22.1404,NA,NA,"0.25%"
"09/25/2020",22.3389,22.17,22.5646,21.9801,NA,NA,"0.87%"
"09/24/2020",22.147,22.3836,22.7016,21.9527,NA,NA,"-1.05%"
"09/23/2020",22.3812,21.74,22.4436,21.6635,NA,NA,"3.03%"
"09/22/2020",21.723,21.3625,21.7915,21.289,NA,NA,"1.77%"
"09/21/2020",21.346,21.0975,21.603,21.0491,NA,NA,"1.04%"
"09/18/2020",21.1272,20.866,21.1453,20.8382,NA,NA,"1.32%"
"09/17/2020",20.851,20.944,21.1512,20.8458,NA,NA,"-0.37%"
"09/16/2020",20.929,21.1555,21.1719,20.9214,NA,NA,"-1.01%"
"09/15/2020",21.143,21.0885,21.1721,20.9517,NA,NA,"0.33%"
"09/14/2020",21.074,21.293,21.2962,21.0387,NA,NA,"-0.90%"
"09/11/2020",21.2663,21.433,21.4592,21.2367,NA,NA,"-0.79%"
"09/10/2020",21.436,21.365,21.5007,21.2045,NA,NA,"0.39%"
"09/09/2020",21.352,21.774,21.9431,21.3365,NA,NA,"-1.88%"
"09/08/2020",21.76,21.6245,21.8797,21.5662,NA,NA,"0.65%"
"09/07/2020",21.6195,21.5326,21.6659,21.5301,NA,NA,"0.25%"
"09/04/2020",21.566,21.6495,21.7475,21.4977,NA,NA,"-0.43%"
"09/03/2020",21.66,21.726,21.8315,21.5452,NA,NA,"-0.23%"
"09/02/2020",21.71,21.7925,21.91,21.7017,NA,NA,"-0.37%"
"09/01/2020",21.79,21.8915,21.9605,21.6754,NA,NA,"-0.40%"
"08/31/2020",21.8785,21.76,21.985,21.7404,NA,NA,"0.58%"
"08/28/2020",21.7523,22.1495,22.1626,21.7413,NA,NA,"-1.72%"
"08/27/2020",22.1338,21.942,22.2274,21.8211,NA,NA,"0.92%"
"08/26/2020",21.931,21.893,21.9871,21.8778,NA,NA,"0.21%"
"08/25/2020",21.885,22,22.0278,21.8748,NA,NA,"-0.43%"
"08/24/2020",21.979,21.9741,22.0439,21.879,NA,NA,"0.09%"
"08/21/2020",21.9598,22.076,22.1896,21.9424,NA,NA,"-0.52%"
"08/20/2020",22.074,22.1382,22.3304,22.0731,NA,NA,"-0.22%"
"08/19/2020",22.1231,22.159,22.1926,21.9959,NA,NA,"-0.12%"
"08/18/2020",22.1496,22.1845,22.2199,22.0078,NA,NA,"-0.08%"
"08/17/2020",22.167,21.97,22.2186,21.9004,NA,NA,"0.88%"
"08/14/2020",21.9742,22.189,22.243,21.9324,NA,NA,"-0.71%"
"08/13/2020",22.132,22.3535,22.4109,22.1357,NA,NA,"-0.94%"
"08/12/2020",22.342,22.4,22.5006,22.2596,NA,NA,"-0.20%"
"08/11/2020",22.386,22.4715,22.5214,22.2583,NA,NA,"-0.27%"
"08/10/2020",22.447,22.3855,22.5471,22.347,NA,NA,"0.40%"
"08/07/2020",22.3576,22.3965,22.6147,22.3404,NA,NA,"-0.05%"
"08/06/2020",22.368,22.3734,22.6143,22.2983,NA,NA,"0.05%"
"08/05/2020",22.3576,22.669,22.691,22.329,NA,NA,"-1.28%"
"08/04/2020",22.647,22.639,22.9225,22.5287,NA,NA,"0.10%"
"08/03/2020",22.6246,22.2644,22.7017,22.2535,NA,NA,"1.59%"
"07/31/2020",22.2714,22.0265,22.309,21.9696,NA,NA,"1.22%"
"07/30/2020",22.004,21.975,22.2484,21.9564,NA,NA,"0.20%"
"07/29/2020",21.961,21.943,22.0559,21.8384,NA,NA,"0.16%"
"07/28/2020",21.925,21.9225,22.1094,21.8914,NA,NA,"0.05%"
"07/27/2020",21.914,22.2945,22.325,21.9181,NA,NA,"-1.55%"
"07/24/2020",22.259,22.512,22.6354,22.232,NA,NA,"-1.02%"
"07/23/2020",22.489,22.37,22.5638,22.2472,NA,NA,"0.59%"
"07/22/2020",22.358,22.338,22.4348,22.1784,NA,NA,"0.11%"
"07/21/2020",22.3327,22.494,22.5191,22.2602,NA,NA,"-0.65%"
"07/20/2020",22.479,22.557,22.7275,22.4497,NA,NA,"-0.27%"
"07/17/2020",22.54,22.4238,22.6244,22.3764,NA,NA,"0.57%"
"07/16/2020",22.4119,22.327,22.4746,22.269,NA,NA,"0.40%"
"07/15/2020",22.322,22.4545,22.461,22.2495,NA,NA,"-0.54%"
"07/14/2020",22.443,22.762,22.7836,22.4189,NA,NA,"-1.40%"
"07/13/2020",22.7615,22.457,22.7715,22.3683,NA,NA,"1.42%"
"07/10/2020",22.4435,22.6425,22.8545,22.4312,NA,NA,"-0.81%"
"07/09/2020",22.626,22.6645,22.782,22.5308,NA,NA,"-0.13%"
"07/08/2020",22.655,22.859,22.9175,22.6382,NA,NA,"-0.81%"
"07/07/2020",22.841,22.3363,22.8915,22.2509,NA,NA,"2.31%"
"07/06/2020",22.3259,22.4145,22.4233,22.1509,NA,NA,"-0.29%"
"07/03/2020",22.3915,22.477,22.601,22.3729,NA,NA,"-0.33%"
"07/02/2020",22.465,22.6745,22.7482,22.4014,NA,NA,"-0.89%"
"07/01/2020",22.666,22.9987,23.0932,22.6162,NA,NA,"-1.40%"
"06/30/2020",22.9889,23.0714,23.2305,22.9314,NA,NA,"-0.31%"
"06/29/2020",23.0595,23.0684,23.2045,22.9244,NA,NA,"0.05%"
"06/26/2020",23.0485,22.6624,23.0774,22.6297,NA,NA,"1.78%"
"06/25/2020",22.6452,22.7851,22.9885,22.627,NA,NA,"-0.58%"
"06/24/2020",22.7772,22.4139,22.8045,22.3039,NA,NA,"1.65%"
"06/23/2020",22.4082,22.487,22.6815,22.2811,NA,NA,"-0.35%"
"06/22/2020",22.486,22.653,22.6765,22.3004,NA,NA,"-0.65%"
"06/19/2020",22.6328,22.753,22.7728,22.4986,NA,NA,"-0.48%"
"06/18/2020",22.7418,22.314,22.8301,22.1887,NA,NA,"1.98%"
"06/17/2020",22.301,22.323,22.4732,22.1525,NA,NA,"-0.04%"
"06/16/2020",22.3095,22.2239,22.3985,21.8919,NA,NA,"0.43%"
"06/15/2020",22.2139,22.3577,22.7599,22.124,NA,NA,"-0.02%"
"06/12/2020",22.2189,22.7632,22.9476,22.1795,NA,NA,"-2.28%"
"06/11/2020",22.7368,21.8745,22.7922,21.851,NA,NA,"4.03%"
"06/10/2020",21.857,21.9172,22.045,21.6785,NA,NA,"-0.20%"
"06/09/2020",21.9017,21.5045,21.934,21.4601,NA,NA,"1.91%"
"06/08/2020",21.492,21.5707,21.7262,21.4736,NA,NA,"-0.43%"
"06/05/2020",21.5844,21.9095,21.955,21.4909,NA,NA,"-1.57%"
"06/04/2020",21.928,21.7715,21.9964,21.7003,NA,NA,"0.78%"
"06/03/2020",21.7579,21.79,21.8133,21.5019,NA,NA,"-0.11%"
"06/02/2020",21.7817,22.033,22.1189,21.5758,NA,NA,"-1.10%"
"06/01/2020",22.024,22.2801,22.286,21.9294,NA,NA,"-0.65%"
"05/29/2020",22.1675,22.2184,22.344,21.9972,NA,NA,"-0.23%"
"05/28/2020",22.2179,22.304,22.4216,22.0953,NA,NA,"-0.31%"
"05/27/2020",22.288,22.1995,22.4925,22.1405,NA,NA,"0.46%"
"05/26/2020",22.186,22.5494,22.5917,22.1054,NA,NA,"-1.55%"
"05/25/2020",22.5342,22.7225,22.7717,22.5185,NA,NA,"-0.84%"
"05/22/2020",22.725,22.8649,23.165,22.707,NA,NA,"-0.61%"
"05/21/2020",22.8644,23.1995,23.2803,22.7507,NA,NA,"-1.41%"
"05/20/2020",23.191,23.6815,23.7544,23.0545,NA,NA,"-2.07%"
"05/19/2020",23.681,23.759,23.7992,23.4435,NA,NA,"-0.27%"
"05/18/2020",23.746,24.006,24.0074,23.4471,NA,NA,"-0.76%"
"05/15/2020",23.9282,23.871,24.1252,23.7518,NA,NA,"0.29%"
"05/14/2020",23.86,24.2059,24.3892,23.7395,NA,NA,"-1.41%"
"05/13/2020",24.2009,24.358,24.3999,23.9974,NA,NA,"-0.63%"
"05/12/2020",24.355,23.9275,24.4244,23.7511,NA,NA,"1.81%"
"05/11/2020",23.921,23.692,23.9825,23.5387,NA,NA,"1.27%"
"05/08/2020",23.621,24.061,24.1335,23.5535,NA,NA,"-1.71%"
"05/07/2020",24.031,24.385,24.551,23.9187,NA,NA,"-1.32%"
"05/06/2020",24.353,24.003,24.4185,23.8638,NA,NA,"1.53%"
"05/05/2020",23.986,24.07,24.1805,23.777,NA,NA,"-0.31%"
"05/04/2020",24.06,24.7335,24.8871,24.0583,NA,NA,"-2.07%"
"05/01/2020",24.5681,24.175,24.886,24.1066,NA,NA,"1.73%"
"04/30/2020",24.151,23.7415,24.197,23.6325,NA,NA,"1.74%"
"04/29/2020",23.738,24.2945,24.3347,23.7393,NA,NA,"-2.20%"
"04/28/2020",24.271,24.6925,24.9072,24.2104,NA,NA,"-1.64%"
"04/27/2020",24.6759,25.005,25.0352,24.6732,NA,NA,"-1.09%"
"04/24/2020",24.949,24.8075,25.2975,24.5962,NA,NA,"0.58%"
"04/23/2020",24.806,24.492,24.8575,24.3101,NA,NA,"1.39%"
"04/22/2020",24.467,24.3923,24.702,24.2069,NA,NA,"0.30%"
"04/21/2020",24.393,24.049,24.549,23.9657,NA,NA,"1.48%"
"04/20/2020",24.038,23.875,24.244,23.86,NA,NA,"1.55%"
"04/17/2020",23.671,24.0255,24.153,23.6075,NA,NA,"-1.37%"
"04/16/2020",24.001,23.9986,24.436,23.9657,NA,NA,"0.11%"
"04/15/2020",23.974,23.385,24.1959,23.3605,NA,NA,"2.58%"
"04/14/2020",23.37,23.6631,23.7668,23.3792,NA,NA,"-0.92%"
"04/13/2020",23.586,23.325,23.8774,23.2525,NA,NA,"1.10%"
"04/10/2020",23.33,23.57,23.7903,23.3328,NA,NA,"-0.98%"
"04/09/2020",23.56,24.0125,24.0954,23.3379,NA,NA,"-1.86%"
"04/08/2020",24.0075,24.3115,24.7889,23.9331,NA,NA,"-1.18%"
"04/07/2020",24.295,24.6316,24.6866,23.8214,NA,NA,"-1.35%"
"04/06/2020",24.6266,25.09,25.7573,24.578,NA,NA,"-1.34%"
"04/03/2020",24.961,24.226,25.055,24.2005,NA,NA,"3.06%"
"04/02/2020",24.221,24.2385,24.5205,23.7825,NA,NA,"0.08%"
"04/01/2020",24.201,23.719,24.6266,23.6052,NA,NA,"2.05%"
"03/31/2020",23.714,23.804,24.1698,23.327,NA,NA,"-0.31%"
"03/30/2020",23.788,23.705,24.565,23.477,NA,NA,"2.09%"
"03/27/2020",23.301,22.943,23.6304,22.854,NA,NA,"1.62%"
"03/26/2020",22.93,23.948,24.2485,22.9368,NA,NA,"-4.18%"
"03/25/2020",23.931,24.8435,24.9135,23.8535,NA,NA,"-3.61%"
"03/24/2020",24.827,25.3606,25.448,24.6173,NA,NA,"-2.02%"
"03/23/2020",25.338,24.425,25.3685,24.415,NA,NA,"3.75%"
"03/20/2020",24.4215,24.0275,24.5688,23.4881,NA,NA,"1.66%"
"03/19/2020",24.0225,23.7282,24.6478,23.6024,NA,NA,"1.33%"
"03/18/2020",23.7064,22.9594,24.1,22.8178,NA,NA,"3.36%"
"03/17/2020",22.9367,22.885,23.239,22.47,NA,NA,"0.38%"
"03/16/2020",22.85,21.665,23.077,21.5919,NA,NA,"4.33%"
"03/13/2020",21.902,21.921,22.157,21.346,NA,NA,"0.00%"
"03/12/2020",21.901,21.3836,22.8705,21.3505,NA,NA,"2.43%"
"03/11/2020",21.3805,20.829,21.5038,20.7672,NA,NA,"2.58%"
"03/10/2020",20.8435,20.775,21.0995,20.3882,NA,NA,"0.29%"
"03/09/2020",20.784,20.534,21.86,20.48,NA,NA,"3.39%"
"03/06/2020",20.1024,19.846,20.387,19.8117,NA,NA,"1.30%"
"03/05/2020",19.8445,19.5415,19.9865,19.4986,NA,NA,"1.62%"
"03/04/2020",19.5289,19.457,19.635,19.1838,NA,NA,"0.42%"
"03/03/2020",19.448,19.405,19.567,19.1551,NA,NA,"0.25%"
"03/02/2020",19.4,19.8645,19.8808,19.3858,NA,NA,"-1.08%"
"02/28/2020",19.611,19.511,19.9025,19.4538,NA,NA,"0.53%"
"02/27/2020",19.508,19.2845,19.515,19.2624,NA,NA,"1.17%"
"02/26/2020",19.282,19.092,19.3045,19.0632,NA,NA,"1.06%"
"02/25/2020",19.08,19.07,19.215,18.9412,NA,NA,"0.11%"
"02/24/2020",19.0599,18.91,19.266,18.91,NA,NA,"0.87%"
"02/21/2020",18.8949,18.8327,19.0882,18.7974,NA,NA,"0.36%"
"02/20/2020",18.827,18.5655,18.865,18.5547,NA,NA,"1.45%"
"02/19/2020",18.5585,18.5922,18.6257,18.5515,NA,NA,"-0.15%"
"02/18/2020",18.5872,18.5555,18.6656,18.5511,NA,NA,"0.21%"
"02/17/2020",18.548,18.541,18.5884,18.522,NA,NA,"0.08%"
"02/14/2020",18.5334,18.6,18.6178,18.5347,NA,NA,"-0.30%"
"02/13/2020",18.59,18.621,18.6877,18.5793,NA,NA,"-0.12%"
"02/12/2020",18.6123,18.6559,18.672,18.6043,NA,NA,"-0.23%"
"02/11/2020",18.6544,18.6977,18.725,18.6404,NA,NA,"-0.23%"
"02/10/2020",18.6972,18.79,18.835,18.6935,NA,NA,"-0.34%"
"02/07/2020",18.7608,18.6603,18.835,18.6274,NA,NA,"0.57%"
"02/06/2020",18.6542,18.6025,18.6989,18.5592,NA,NA,"0.34%"
"02/05/2020",18.591,18.667,18.7003,18.5728,NA,NA,"-0.36%"
"02/04/2020",18.658,18.816,18.843,18.6567,NA,NA,"-0.80%"
"02/03/2020",18.809,18.855,18.8988,18.716,NA,NA,"-0.14%"
"01/31/2020",18.8353,18.7801,18.9455,18.744,NA,NA,"0.33%"
"01/30/2020",18.7726,18.699,18.8722,18.6907,NA,NA,"0.43%"
"01/29/2020",18.6915,18.7231,18.7772,18.666,NA,NA,"-0.13%"
"01/28/2020",18.7155,18.9127,18.9301,18.7046,NA,NA,"-1.00%"
"01/27/2020",18.905,18.8345,18.979,18.8289,NA,NA,"0.61%"
"01/24/2020",18.79,18.767,18.873,18.7234,NA,NA,"0.18%"
"01/23/2020",18.757,18.693,18.8595,18.6813,NA,NA,"0.41%"
"01/22/2020",18.6807,18.7728,18.8055,18.663,NA,NA,"-0.44%"
"01/21/2020",18.7625,18.6639,18.8045,18.6617,NA,NA,"0.56%"
"01/20/2020",18.6586,18.6615,18.696,18.6444,NA,NA,"0.02%"
"01/17/2020",18.6549,18.7797,18.7904,18.6529,NA,NA,"-0.62%"
"01/16/2020",18.7722,18.792,18.8157,18.769,NA,NA,"-0.06%"
"01/15/2020",18.7831,18.783,18.8285,18.7635,NA,NA,"0.04%"
"01/14/2020",18.7753,18.8006,18.8747,18.775,NA,NA,"-0.09%"
"01/13/2020",18.7931,18.7905,18.8665,18.753,NA,NA,"0.06%"
"01/10/2020",18.781,18.842,18.8725,18.7453,NA,NA,"-0.27%"
"01/09/2020",18.832,18.814,18.8885,18.7584,NA,NA,"0.13%"
"01/08/2020",18.808,18.9055,19.0225,18.7638,NA,NA,"-0.48%"
"01/07/2020",18.898,18.8405,18.9375,18.8004,NA,NA,"0.32%"
"01/06/2020",18.837,18.915,18.9515,18.7943,NA,NA,"-0.42%"
"01/03/2020",18.917,18.8415,19.0365,18.8293,NA,NA,"0.45%"
"01/02/2020",18.832,18.9325,18.9412,18.8288,NA,NA,"-0.49%"
"01/01/2020",18.925,18.9325,18.9338,18.9312,NA,NA,"0.00%"
"12/31/2019",18.925,18.9335,18.9595,18.8397,NA,NA,"0.01%"
"12/30/2019",18.923,18.8375,18.9675,18.7995,NA,NA,"0.49%"
"12/27/2019",18.8316,18.9405,18.9578,18.8052,NA,NA,"-0.53%"
"12/26/2019",18.931,18.979,18.9805,18.9291,NA,NA,"-0.20%"
"12/25/2019",18.969,18.981,18.9835,18.9745,NA,NA,"-0.02%"
"12/24/2019",18.973,18.961,19.001,18.9231,NA,NA,"0.11%"
"12/23/2019",18.952,18.935,18.993,18.8934,NA,NA,"0.07%"
"12/20/2019",18.939,18.9225,18.9725,18.8856,NA,NA,"0.14%"
"12/19/2019",18.913,18.966,19.048,18.9125,NA,NA,"-0.25%"
"12/18/2019",18.96,18.935,19.0025,18.9058,NA,NA,"0.18%"
"12/17/2019",18.926,18.9327,18.9674,18.9004,NA,NA,"0.00%"
"12/16/2019",18.9252,19.0373,19.0861,18.925,NA,NA,"-0.44%"
"12/13/2019",19.0079,19.06,19.0954,18.9792,NA,NA,"-0.22%"
"12/12/2019",19.05,19.1195,19.1395,19.0375,NA,NA,"-0.34%"
"12/11/2019",19.1145,19.2585,19.2873,19.1059,NA,NA,"-0.72%"
"12/10/2019",19.2534,19.236,19.2707,19.1966,NA,NA,"0.13%"
"12/09/2019",19.2285,19.2955,19.3099,19.2107,NA,NA,"-0.38%"
"12/06/2019",19.301,19.3765,19.3965,19.2817,NA,NA,"-0.35%"
"12/05/2019",19.369,19.433,19.4775,19.341,NA,NA,"-0.29%"
"12/04/2019",19.4255,19.5532,19.5895,19.4294,NA,NA,"-0.63%"
"12/03/2019",19.548,19.5795,19.6305,19.5369,NA,NA,"-0.15%"
"12/02/2019",19.577,19.527,19.6175,19.5233,NA,NA,"0.08%"
"11/29/2019",19.562,19.471,19.587,19.4268,NA,NA,"0.47%"
"11/28/2019",19.4704,19.5169,19.6619,19.4646,NA,NA,"-0.20%"
"11/27/2019",19.5094,19.52,19.5956,19.4621,NA,NA,"-0.03%"
"11/26/2019",19.5152,19.4441,19.5957,19.4094,NA,NA,"0.40%"
"11/25/2019",19.4381,19.373,19.4835,19.314,NA,NA,"0.34%"
"11/22/2019",19.3721,19.3855,19.437,19.3437,NA,NA,"-0.04%"
"11/21/2019",19.3808,19.4652,19.5016,19.3549,NA,NA,"-0.39%"
"11/20/2019",19.457,19.344,19.555,19.3425,NA,NA,"0.63%"
"11/19/2019",19.336,19.3183,19.415,19.2417,NA,NA,"0.13%"
"11/18/2019",19.3116,19.194,19.3267,19.1801,NA,NA,"0.71%"
"11/15/2019",19.1758,19.3198,19.3312,19.176,NA,NA,"-0.71%"
"11/14/2019",19.3125,19.3574,19.4878,19.3094,NA,NA,"-0.19%"
"11/13/2019",19.3499,19.3143,19.535,19.3018,NA,NA,"0.22%"
"11/12/2019",19.3068,19.1155,19.375,19.1098,NA,NA,"1.05%"
"11/11/2019",19.107,19.103,19.1657,19.0828,NA,NA,"0.05%"
"11/08/2019",19.0971,19.138,19.2092,19.0772,NA,NA,"-0.18%"
"11/07/2019",19.132,19.146,19.1905,19.0878,NA,NA,"-0.05%"
"11/06/2019",19.141,19.207,19.263,19.136,NA,NA,"-0.31%"
"11/05/2019",19.2,19.1755,19.252,19.095,NA,NA,"0.14%"
"11/04/2019",19.173,19.1134,19.2205,19.046,NA,NA,"0.36%"
"11/01/2019",19.1042,19.2345,19.2454,19.0667,NA,NA,"-0.64%"
"10/31/2019",19.228,19.083,19.2488,19.0674,NA,NA,"0.77%"
"10/30/2019",19.0806,19.1165,19.2372,19.0767,NA,NA,"-0.18%"
"10/29/2019",19.115,19.122,19.158,19.0721,NA,NA,"-0.02%"
"10/28/2019",19.119,19.0565,19.138,19.0144,NA,NA,"0.35%"
"10/25/2019",19.053,19.137,19.141,19.0251,NA,NA,"-0.39%"
"10/24/2019",19.127,19.117,19.1656,19.0554,NA,NA,"0.10%"
"10/23/2019",19.108,19.1474,19.1915,19.0985,NA,NA,"-0.18%"
"10/22/2019",19.1419,19.122,19.159,19.0728,NA,NA,"0.14%"
"10/21/2019",19.1147,19.11,19.175,19.1017,NA,NA,"0.07%"
"10/18/2019",19.1007,19.197,19.2185,19.1024,NA,NA,"-0.48%"
"10/17/2019",19.193,19.202,19.2537,19.1275,NA,NA,"-0.04%"
"10/16/2019",19.2015,19.2405,19.2925,19.1631,NA,NA,"-0.20%"
"10/15/2019",19.24,19.271,19.2966,19.2197,NA,NA,"-0.14%"
"10/14/2019",19.2665,19.3265,19.3511,19.2491,NA,NA,"-0.26%"
"10/11/2019",19.317,19.4465,19.4627,19.2644,NA,NA,"-0.64%"
"10/10/2019",19.4405,19.57,19.642,19.4345,NA,NA,"-0.62%"
"10/09/2019",19.5625,19.6265,19.6357,19.4925,NA,NA,"-0.32%"
"10/08/2019",19.626,19.574,19.645,19.5089,NA,NA,"0.31%"
"10/07/2019",19.566,19.5195,19.5973,19.5161,NA,NA,"0.29%"
"10/04/2019",19.5102,19.6538,19.6583,19.4921,NA,NA,"-0.69%"
"10/03/2019",19.645,19.7937,19.825,19.645,NA,NA,"-0.75%"
"10/02/2019",19.7932,19.8225,19.8654,19.7439,NA,NA,"-0.11%"
"10/01/2019",19.815,19.7325,19.845,19.7204,NA,NA,"0.44%"
"09/30/2019",19.7275,19.695,19.765,19.68,NA,NA,"0.21%"
"09/27/2019",19.6867,19.6727,19.7385,19.5938,NA,NA,"0.11%"
"09/26/2019",19.665,19.5714,19.6808,19.5271,NA,NA,"0.52%"
"09/25/2019",19.5636,19.4451,19.6192,19.4396,NA,NA,"0.64%"
"09/24/2019",19.4393,19.4765,19.5072,19.4021,NA,NA,"-0.15%"
"09/23/2019",19.468,19.447,19.515,19.382,NA,NA,"0.11%"
"09/20/2019",19.4468,19.4557,19.4962,19.3969,NA,NA,"-0.02%"
"09/19/2019",19.4507,19.3975,19.4655,19.3194,NA,NA,"0.28%"
"09/18/2019",19.397,19.3636,19.445,19.3239,NA,NA,"0.18%"
"09/17/2019",19.3622,19.4405,19.555,19.3449,NA,NA,"-0.40%"
"09/16/2019",19.44,19.4225,19.4711,19.3974,NA,NA,"0.21%"
"09/13/2019",19.3983,19.437,19.4625,19.3442,NA,NA,"-0.16%"
"09/12/2019",19.4295,19.5069,19.5443,19.3987,NA,NA,"-0.38%"
"09/11/2019",19.503,19.498,19.5776,19.4728,NA,NA,"0.07%"
"09/10/2019",19.49,19.5743,19.6127,19.4711,NA,NA,"-0.36%"
"09/09/2019",19.5605,19.5584,19.605,19.4726,NA,NA,"0.16%"
"09/06/2019",19.5293,19.7442,19.7557,19.5156,NA,NA,"-1.05%"
"09/05/2019",19.7367,19.7232,19.7647,19.611,NA,NA,"0.12%"
"09/04/2019",19.7136,19.9732,19.9966,19.7074,NA,NA,"-1.30%"
"09/03/2019",19.9727,20.1478,20.169,19.9673,NA,NA,"-0.83%"
"09/02/2019",20.1405,20.063,20.1577,20.036,NA,NA,"0.41%"
"08/30/2019",20.0575,20.1403,20.1987,20.0089,NA,NA,"-0.37%"
"08/29/2019",20.132,20.1042,20.261,20.044,NA,NA,"0.18%"
"08/28/2019",20.0967,19.987,20.1273,19.9468,NA,NA,"0.59%"
"08/27/2019",19.978,19.9333,20.0872,19.8766,NA,NA,"0.23%"
"08/26/2019",19.9328,19.9187,20.126,19.8092,NA,NA,"0.10%"
"08/23/2019",19.9129,19.8251,19.9414,19.7572,NA,NA,"0.48%"
"08/22/2019",19.8176,19.6885,19.8514,19.6604,NA,NA,"0.66%"
"08/21/2019",19.6875,19.7662,19.7756,19.6387,NA,NA,"-0.37%"
"08/20/2019",19.7612,19.862,19.8922,19.7192,NA,NA,"-0.47%"
"08/19/2019",19.8542,19.665,19.905,19.6068,NA,NA,"1.04%"
"08/16/2019",19.6502,19.61,19.6879,19.5194,NA,NA,"0.25%"
"08/15/2019",19.602,19.6755,19.765,19.579,NA,NA,"-0.37%"
"08/14/2019",19.6747,19.376,19.756,19.3694,NA,NA,"1.57%"
"08/13/2019",19.3698,19.6087,19.681,19.3512,NA,NA,"-1.20%"
"08/12/2019",19.6059,19.399,19.7779,19.3977,NA,NA,"1.06%"
"08/09/2019",19.401,19.4112,19.497,19.3752,NA,NA,"-0.02%"
"08/08/2019",19.404,19.6289,19.659,19.4012,NA,NA,"-1.11%"
"08/07/2019",19.6215,19.5755,19.745,19.5284,NA,NA,"0.24%"
"08/06/2019",19.5739,19.6139,19.7423,19.5301,NA,NA,"-0.18%"
"08/05/2019",19.609,19.2987,19.6777,19.2981,NA,NA,"1.61%"
"08/02/2019",19.299,19.2358,19.3755,19.1947,NA,NA,"0.35%"
"08/01/2019",19.2323,19.134,19.2819,19.1133,NA,NA,"0.55%"
"07/31/2019",19.1265,19.0625,19.1901,18.9474,NA,NA,"0.33%"
"07/30/2019",19.063,19.0639,19.095,19.014,NA,NA,"0.05%"
"07/29/2019",19.0536,19.045,19.1306,19.0096,NA,NA,"0.10%"
"07/26/2019",19.035,19.02,19.115,18.9859,NA,NA,"0.11%"
"07/25/2019",19.015,19.0595,19.135,18.9604,NA,NA,"-0.18%"
"07/24/2019",19.05,19.1822,19.1936,19.052,NA,NA,"-0.64%"
"07/23/2019",19.1724,19.0557,19.196,19.0454,NA,NA,"0.64%"
"07/22/2019",19.0511,19.035,19.0898,19.0021,NA,NA,"0.15%"
"07/19/2019",19.0229,18.945,19.055,18.9263,NA,NA,"0.41%"
"07/18/2019",18.9445,19.0635,19.1215,18.9399,NA,NA,"-0.62%"
"07/17/2019",19.0624,19.094,19.1289,18.992,NA,NA,"-0.12%"
"07/16/2019",19.086,18.978,19.125,18.9506,NA,NA,"0.61%"
"07/15/2019",18.9706,19.002,19.0074,18.9186,NA,NA,"-0.05%"
"07/12/2019",18.9794,19.0785,19.1284,18.9709,NA,NA,"-0.47%"
"07/11/2019",19.0696,19.1392,19.1752,19.0639,NA,NA,"-0.32%"
"07/10/2019",19.13,19.1597,19.3153,19.1288,NA,NA,"-0.13%"
"07/09/2019",19.1545,18.9145,19.3465,18.8778,NA,NA,"1.27%"
"07/08/2019",18.9138,19.025,19.0301,18.8613,NA,NA,"-0.50%"
"07/05/2019",19.008,19.005,19.0855,18.9589,NA,NA,"0.05%"
"07/04/2019",18.998,19.0175,19.0271,18.9653,NA,NA,"-0.07%"
"07/03/2019",19.0105,19.0508,19.091,19.0023,NA,NA,"-0.21%"
"07/02/2019",19.0508,19.131,19.1324,19.0453,NA,NA,"-0.34%"
"07/01/2019",19.1153,19.1915,19.2103,19.0359,NA,NA,"-0.53%"
"06/28/2019",19.2162,19.1788,19.245,19.1456,NA,NA,"0.20%"
"06/27/2019",19.1779,19.1275,19.195,19.0889,NA,NA,"0.27%"
"06/26/2019",19.1268,19.2304,19.2651,19.1187,NA,NA,"-0.48%"
"06/25/2019",19.2195,19.2015,19.2765,19.1621,NA,NA,"0.14%"
"06/24/2019",19.1925,19.095,19.2227,19.0751,NA,NA,"0.38%"
"06/21/2019",19.1191,19.0047,19.1667,18.9713,NA,NA,"0.65%"
"06/20/2019",18.995,19.018,19.0422,18.8909,NA,NA,"-0.12%"
"06/19/2019",19.0175,19.1235,19.2101,19.0141,NA,NA,"-0.53%"
"06/18/2019",19.1186,19.1776,19.1865,19.0478,NA,NA,"-0.31%"
"06/17/2019",19.1771,19.1525,19.2175,19.1245,NA,NA,"0.14%"
"06/14/2019",19.15,19.1965,19.2319,19.1089,NA,NA,"-0.20%"
"06/13/2019",19.188,19.173,19.2162,19.1313,NA,NA,"0.11%"
"06/12/2019",19.166,19.1318,19.225,19.0994,NA,NA,"0.21%"
"06/11/2019",19.125,19.2171,19.2425,19.0851,NA,NA,"-0.48%"
"06/10/2019",19.2166,19.305,19.3296,19.1339,NA,NA,"-2.01%"
"06/07/2019",19.6105,19.6855,19.7918,19.555,NA,NA,"-0.38%"
"06/06/2019",19.6844,19.5843,19.8428,19.518,NA,NA,"0.56%"
"06/05/2019",19.574,19.5648,19.6756,19.4664,NA,NA,"0.07%"
"06/04/2019",19.5598,19.7793,19.8397,19.5156,NA,NA,"-1.07%"
"06/03/2019",19.7705,19.6027,19.8818,19.6027,NA,NA,"0.81%"
"05/31/2019",19.612,19.1425,19.8333,19.1409,NA,NA,"2.49%"
"05/30/2019",19.135,19.1329,19.1704,19.0384,NA,NA,"0.04%"
"05/29/2019",19.1273,19.1931,19.2952,19.1275,NA,NA,"-0.34%"
"05/28/2019",19.1924,19.0618,19.215,19.0382,NA,NA,"0.73%"
"05/27/2019",19.0531,19.0415,19.0759,19.0161,NA,NA,"0.06%"
"05/24/2019",19.0416,19.0427,19.0989,18.9968,NA,NA,"0.02%"
"05/23/2019",19.037,18.9873,19.106,18.978,NA,NA,"0.26%"
"05/22/2019",18.9868,19.0104,19.0407,18.9319,NA,NA,"-0.09%"
"05/21/2019",19.0047,19.0685,19.1259,18.9991,NA,NA,"-0.29%"
"05/20/2019",19.06,19.1725,19.1725,19.0588,NA,NA,"-0.54%"
"05/17/2019",19.1631,19.1283,19.2272,19.0914,NA,NA,"0.22%"
"05/16/2019",19.1209,19.0522,19.1373,18.9758,NA,NA,"0.39%"
"05/15/2019",19.0472,19.151,19.262,19.0093,NA,NA,"-0.54%"
"05/14/2019",19.1505,19.2245,19.2367,19.1027,NA,NA,"-0.38%"
"05/13/2019",19.224,19.0975,19.2555,19.0975,NA,NA,"0.67%"
"05/10/2019",19.0954,19.234,19.2854,19.0429,NA,NA,"-0.68%"
"05/09/2019",19.2264,19.086,19.325,19.0675,NA,NA,"0.76%"
"05/08/2019",19.081,19.0325,19.135,19.0065,NA,NA,"0.26%"
"05/07/2019",19.032,18.9902,19.095,18.943,NA,NA,"0.27%"
"05/06/2019",18.9805,19.001,19.1119,18.934,NA,NA,"0.34%"
"05/03/2019",18.9155,19.122,19.1784,18.913,NA,NA,"-1.04%"
"05/02/2019",19.1145,18.9962,19.1455,18.9358,NA,NA,"0.64%"
"05/01/2019",18.9938,18.9477,19.0016,18.7886,NA,NA,"0.28%"
"04/30/2019",18.9402,19.0138,19.085,18.9207,NA,NA,"-0.39%"
"04/29/2019",19.0135,18.9361,19.045,18.8983,NA,NA,"0.43%"
"04/26/2019",18.9318,19.0225,19.1098,18.8962,NA,NA,"-0.44%"
"04/25/2019",19.015,19.0696,19.1996,19.0103,NA,NA,"-0.28%"
"04/24/2019",19.0678,18.9043,19.0958,18.901,NA,NA,"0.87%"
"04/23/2019",18.9042,18.8265,18.995,18.8195,NA,NA,"0.42%"
"04/22/2019",18.8253,18.7748,18.8655,18.7533,NA,NA,"0.35%"
"04/19/2019",18.7596,18.8035,18.8346,18.7477,NA,NA,"-0.20%"
"04/18/2019",18.7975,18.8225,18.9118,18.7495,NA,NA,"-0.16%"
"04/17/2019",18.8273,18.8705,18.8932,18.7963,NA,NA,"-0.23%"
"04/16/2019",18.871,18.8548,19.005,18.8471,NA,NA,"0.11%"
"04/15/2019",18.8505,18.7632,18.905,18.7481,NA,NA,"0.53%"
"04/12/2019",18.7508,18.8335,18.8714,18.746,NA,NA,"-0.40%"
"04/11/2019",18.826,18.8175,18.9245,18.8078,NA,NA,"0.09%"
"04/10/2019",18.81,18.9312,18.9483,18.8075,NA,NA,"-0.64%"
"04/09/2019",18.9307,18.9675,18.9897,18.8913,NA,NA,"-0.15%"
"04/08/2019",18.96,19.074,19.1346,18.9095,NA,NA,"-0.59%"
"04/05/2019",19.0733,19.1462,19.1688,19.047,NA,NA,"-0.38%"
"04/04/2019",19.1469,19.2184,19.2864,19.1319,NA,NA,"-0.33%"
"04/03/2019",19.21,19.228,19.255,19.1067,NA,NA,"-0.09%"
"04/02/2019",19.2275,19.1455,19.2652,19.072,NA,NA,"0.47%"
"04/01/2019",19.138,19.373,19.3869,19.1345,NA,NA,"-1.46%"
"03/29/2019",19.4215,19.3385,19.485,19.2664,NA,NA,"0.45%"
"03/28/2019",19.335,19.3625,19.4468,19.2997,NA,NA,"-0.10%"
"03/27/2019",19.355,19.106,19.385,19.0994,NA,NA,"1.32%"
"03/26/2019",19.103,19.0185,19.135,18.9935,NA,NA,"0.48%"
"03/25/2019",19.0125,19.099,19.1574,18.986,NA,NA,"-0.38%"
"03/22/2019",19.0855,18.8577,19.185,18.8377,NA,NA,"1.19%"
"03/21/2019",18.8616,18.8287,18.935,18.7742,NA,NA,"0.18%"
"03/20/2019",18.8282,19.0143,19.0351,18.7464,NA,NA,"-0.98%"
"03/19/2019",19.0136,19.0562,19.0814,18.983,NA,NA,"-0.19%"
"03/18/2019",19.05,19.2025,19.2314,19.0392,NA,NA,"-0.78%"
"03/15/2019",19.1996,19.3185,19.3228,19.181,NA,NA,"-0.61%"
"03/14/2019",19.318,19.2833,19.3801,19.276,NA,NA,"0.21%"
"03/13/2019",19.2783,19.349,19.375,19.2579,NA,NA,"-0.37%"
"03/12/2019",19.3492,19.4008,19.424,19.2391,NA,NA,"-0.23%"
"03/11/2019",19.3945,19.4982,19.5239,19.377,NA,NA,"-0.51%"
"03/08/2019",19.4933,19.5505,19.616,19.4606,NA,NA,"-0.29%"
"03/07/2019",19.5501,19.3625,19.6262,19.3312,NA,NA,"0.98%"
"03/06/2019",19.36,19.2475,19.4056,19.2419,NA,NA,"0.59%"
"03/05/2019",19.247,19.2965,19.3267,19.2109,NA,NA,"-0.22%"
"03/04/2019",19.29,19.2756,19.3862,19.2711,NA,NA,"0.17%"
"03/01/2019",19.2574,19.2825,19.3405,19.2446,NA,NA,"-0.10%"
"02/28/2019",19.2775,19.172,19.325,19.1535,NA,NA,"0.60%"
"02/27/2019",19.1622,19.1755,19.2662,19.1446,NA,NA,"-0.02%"
"02/26/2019",19.166,19.1335,19.225,19.1032,NA,NA,"0.21%"
"02/25/2019",19.126,19.15,19.25,19.0235,NA,NA,"-0.05%"
"02/22/2019",19.1365,19.2895,19.3074,19.0979,NA,NA,"-0.77%"
"02/21/2019",19.285,19.219,19.335,19.1693,NA,NA,"0.37%"
"02/20/2019",19.214,19.144,19.2371,19.1311,NA,NA,"0.39%"
"02/19/2019",19.139,19.2455,19.3015,19.1213,NA,NA,"-0.52%"
"02/18/2019",19.2385,19.2567,19.2873,19.1995,NA,NA,"0.02%"
"02/15/2019",19.2352,19.2578,19.425,19.2114,NA,NA,"-0.11%"
"02/14/2019",19.256,19.4355,19.4761,19.2474,NA,NA,"-0.88%"
"02/13/2019",19.427,19.2555,19.455,19.2134,NA,NA,"0.92%"
"02/12/2019",19.2506,19.3065,19.3238,19.206,NA,NA,"-0.25%"
"02/11/2019",19.2987,19.0614,19.335,19.0609,NA,NA,"1.20%"
"02/08/2019",19.0703,19.0797,19.1381,19.0231,NA,NA,"-0.10%"
"02/07/2019",19.09,19.1075,19.1896,19.0384,NA,NA,"-0.06%"
"02/06/2019",19.102,19.036,19.1734,19.0336,NA,NA,"0.38%"
"02/05/2019",19.0288,19.1109,19.1311,19.0187,NA,NA,"-0.40%"
"02/04/2019",19.1044,19.0975,19.1829,19.0154,NA,NA,"0.05%"
"02/01/2019",19.094,19.1065,19.1896,19.0591,NA,NA,"-0.06%"
"01/31/2019",19.1058,19.133,19.1671,18.972,NA,NA,"-0.09%"
"01/30/2019",19.123,18.9949,19.2155,18.9811,NA,NA,"0.72%"
"01/29/2019",18.986,19.0427,19.0688,18.9617,NA,NA,"-0.27%"
"01/28/2019",19.038,18.9883,19.087,18.9676,NA,NA,"0.31%"
"01/25/2019",18.9797,19.0172,19.0352,18.8796,NA,NA,"-0.20%"
"01/24/2019",19.018,19.0291,19.0921,18.9515,NA,NA,"-0.02%"
"01/23/2019",19.0224,19.1685,19.174,19.0228,NA,NA,"-0.76%"
"01/22/2019",19.1682,19.1667,19.2452,19.1007,NA,NA,"0.05%"
"01/21/2019",19.159,19.077,19.215,19.0662,NA,NA,"0.43%"
"01/18/2019",19.0775,19.0181,19.155,18.9701,NA,NA,"0.35%"
"01/17/2019",19.0106,18.8923,19.125,18.8754,NA,NA,"0.65%"
"01/16/2019",18.887,18.9965,19.0553,18.8845,NA,NA,"-0.53%"
"01/15/2019",18.9885,18.9812,19.095,18.9487,NA,NA,"0.07%"
"01/14/2019",18.975,19.1411,19.2087,18.9576,NA,NA,"-0.82%"
"01/11/2019",19.131,19.1285,19.195,19.057,NA,NA,"0.04%"
"01/10/2019",19.1231,19.2245,19.2727,19.1208,NA,NA,"-0.52%"
"01/09/2019",19.224,19.3556,19.3815,19.1998,NA,NA,"-0.69%"
"01/08/2019",19.358,19.3625,19.4396,19.2817,NA,NA,"0.02%"
"01/07/2019",19.3544,19.4191,19.4795,19.2902,NA,NA,"-0.34%"
"01/04/2019",19.42,19.6295,19.6754,19.3701,NA,NA,"-1.03%"
"01/03/2019",19.622,19.5707,19.6782,19.5495,NA,NA,"0.30%"
"01/02/2019",19.5625,19.6513,19.7241,19.5301,NA,NA,"-0.41%"
"01/01/2019",19.643,19.6513,19.6538,19.6425,NA,NA,"0.01%"
"12/31/2018",19.6403,19.659,19.72,19.6175,NA,NA,"-0.05%"
"12/28/2018",19.651,19.6758,19.7509,19.6048,NA,NA,"-0.09%"
"12/27/2018",19.668,19.9067,19.9543,19.621,NA,NA,"-1.17%"
"12/26/2018",19.9,19.9192,19.9737,19.8382,NA,NA,"-0.06%"
"12/25/2018",19.9117,19.875,19.9286,19.8717,NA,NA,"0.22%"
"12/24/2018",19.8675,19.9434,19.9705,19.815,NA,NA,"-0.36%"
"12/21/2018",19.94,19.8961,20.035,19.841,NA,NA,"0.33%"
"12/20/2018",19.875,20.116,20.1485,19.8062,NA,NA,"-1.16%"
"12/19/2018",20.108,20.08,20.1728,19.9505,NA,NA,"0.18%"
"12/18/2018",20.072,20.0775,20.195,20.0322,NA,NA,"0.01%"
"12/17/2018",20.07,20.2377,20.2439,20.06,NA,NA,"-0.81%"
"12/14/2018",20.233,20.3155,20.5355,20.1941,NA,NA,"-0.40%"
"12/13/2018",20.315,20.0795,20.3386,20.0609,NA,NA,"1.21%"
"12/12/2018",20.072,20.206,20.2257,19.9851,NA,NA,"-0.63%"
"12/11/2018",20.2,20.31,20.3513,20.1548,NA,NA,"-0.49%"
"12/10/2018",20.3,20.265,20.4014,20.1989,NA,NA,"0.21%"
"12/07/2018",20.2575,20.352,20.425,20.1677,NA,NA,"-0.44%"
"12/06/2018",20.347,20.502,20.6623,20.3081,NA,NA,"-0.72%"
"12/05/2018",20.495,20.5135,20.6204,20.4128,NA,NA,"-0.06%"
"12/04/2018",20.507,20.3625,20.554,20.2319,NA,NA,"0.76%"
"12/03/2018",20.353,20.4053,20.4095,20.0067,NA,NA,"-0.21%"
"11/30/2018",20.396,20.24,20.4566,20.2201,NA,NA,"0.82%"
"11/29/2018",20.23,20.2965,20.3498,20.1537,NA,NA,"-0.30%"
"11/28/2018",20.2913,20.4783,20.5215,20.1998,NA,NA,"-0.87%"
"11/27/2018",20.47,20.6172,20.6371,20.4023,NA,NA,"-0.71%"
"11/26/2018",20.616,20.41,20.6375,20.3386,NA,NA,"1.06%"
"11/23/2018",20.4,20.313,20.4465,20.2895,NA,NA,"0.46%"
"11/22/2018",20.3075,20.246,20.354,20.1953,NA,NA,"0.33%"
"11/21/2018",20.241,20.359,20.41,20.1645,NA,NA,"-0.53%"
"11/20/2018",20.349,20.372,20.5402,20.288,NA,NA,"-0.11%"
"11/19/2018",20.371,20.1737,20.4255,20.1103,NA,NA,"1.14%"
"11/16/2018",20.141,20.232,20.3861,20.0683,NA,NA,"-0.41%"
"11/15/2018",20.224,20.41,20.4484,20.1921,NA,NA,"-0.89%"
"11/14/2018",20.405,20.4955,20.545,20.3083,NA,NA,"-0.40%"
"11/13/2018",20.486,20.363,20.585,20.2656,NA,NA,"0.61%"
"11/12/2018",20.361,20.1404,20.379,20.086,NA,NA,"1.11%"
"11/09/2018",20.1384,20.1965,20.4155,20.0518,NA,NA,"-0.28%"
"11/08/2018",20.1958,19.8715,20.2254,19.8155,NA,NA,"1.67%"
"11/07/2018",19.864,19.7255,19.906,19.5739,NA,NA,"0.71%"
"11/06/2018",19.724,19.888,19.9708,19.716,NA,NA,"-0.80%"
"11/05/2018",19.8825,20.0335,20.1433,19.8657,NA,NA,"-0.71%"
"11/02/2018",20.024,20.1565,20.2269,19.8953,NA,NA,"-0.62%"
"11/01/2018",20.148,20.3398,20.3475,20.0325,NA,NA,"-0.89%"
"10/31/2018",20.3295,20.049,20.475,20.0133,NA,NA,"1.43%"
"10/30/2018",20.0419,20.0625,20.1476,19.9007,NA,NA,"-0.07%"
"10/29/2018",20.055,19.3615,20.116,19.3403,NA,NA,"3.62%"
"10/26/2018",19.354,19.4905,19.6188,19.3282,NA,NA,"-0.69%"
"10/25/2018",19.489,19.609,19.6211,19.3915,NA,NA,"-0.57%"
"10/24/2018",19.6001,19.2975,19.6355,19.2554,NA,NA,"1.57%"
"10/23/2018",19.297,19.4085,19.4711,19.2572,NA,NA,"-0.57%"
"10/22/2018",19.408,19.2735,19.4118,19.2216,NA,NA,"0.78%"
"10/19/2018",19.257,19.1545,19.345,19.0793,NA,NA,"0.56%"
"10/18/2018",19.149,18.8783,19.1903,18.8484,NA,NA,"1.48%"
"10/17/2018",18.87,18.752,18.8925,18.7455,NA,NA,"0.63%"
"10/16/2018",18.7515,18.8425,18.9076,18.7293,NA,NA,"-0.43%"
"10/15/2018",18.833,18.865,18.8996,18.7701,NA,NA,"-0.10%"
"10/12/2018",18.8515,18.9793,18.99,18.839,NA,NA,"-0.67%"
"10/11/2018",18.979,19.158,19.1896,18.9401,NA,NA,"-0.92%"
"10/10/2018",19.1556,19.04,19.1786,18.9718,NA,NA,"0.62%"
"10/09/2018",19.038,18.9425,19.0781,18.9142,NA,NA,"0.53%"
"10/08/2018",18.938,18.8267,18.9606,18.7516,NA,NA,"0.64%"
"10/05/2018",18.818,19.1,19.1332,18.8,NA,NA,"-1.46%"
"10/04/2018",19.097,19.042,19.2027,18.9562,NA,NA,"0.28%"
"10/03/2018",19.044,18.7938,19.0502,18.7128,NA,NA,"1.33%"
"10/02/2018",18.794,18.718,18.8724,18.7024,NA,NA,"0.46%"
"10/01/2018",18.7076,18.7184,18.7437,18.4989,NA,NA,"-0.06%"
"09/28/2018",18.7184,18.7894,18.8832,18.6744,NA,NA,"-0.35%"
"09/27/2018",18.7843,18.8295,18.955,18.7465,NA,NA,"-0.31%"
"09/26/2018",18.843,19.0005,19.066,18.8065,NA,NA,"-0.78%"
"09/25/2018",18.992,18.9685,19.0423,18.9236,NA,NA,"0.12%"
"09/24/2018",18.9685,18.8167,18.9714,18.8025,NA,NA,"0.73%"
"09/21/2018",18.8315,18.8302,18.9424,18.7835,NA,NA,"0.02%"
"09/20/2018",18.828,18.783,18.8982,18.71,NA,NA,"0.28%"
"09/19/2018",18.776,18.8083,18.8247,18.679,NA,NA,"-0.16%"
"09/18/2018",18.8068,18.8335,18.9223,18.7262,NA,NA,"-0.17%"
"09/17/2018",18.838,18.8807,18.9178,18.8015,NA,NA,"-0.27%"
"09/14/2018",18.8882,18.8364,18.927,18.77,NA,NA,"0.29%"
"09/13/2018",18.8335,19.0178,19.0612,18.789,NA,NA,"-0.97%"
"09/12/2018",19.0177,19.1867,19.2299,19.0138,NA,NA,"-0.88%"
"09/11/2018",19.187,19.2715,19.383,19.1497,NA,NA,"-0.44%"
"09/10/2018",19.2715,19.3257,19.3672,19.2417,NA,NA,"-0.27%"
"09/07/2018",19.324,19.1852,19.36,19.125,NA,NA,"0.74%"
"09/06/2018",19.183,19.3413,19.4485,19.151,NA,NA,"-0.83%"
"09/05/2018",19.3427,19.4043,19.6909,19.3158,NA,NA,"-0.31%"
"09/04/2018",19.4035,19.1927,19.4844,19.1827,NA,NA,"1.10%"
"09/03/2018",19.1927,19.073,19.2859,19.073,NA,NA,"0.56%"
"08/31/2018",19.085,19.109,19.288,19.051,NA,NA,"-0.15%"
"08/30/2018",19.1135,18.955,19.205,18.932,NA,NA,"0.83%"
"08/29/2018",18.9554,19.0825,19.1981,18.9435,NA,NA,"-0.66%"
"08/28/2018",19.0822,18.7703,19.1262,18.7123,NA,NA,"1.69%"
"08/27/2018",18.7655,18.8942,18.8954,18.606,NA,NA,"-0.77%"
"08/24/2018",18.9115,19.0227,19.0685,18.7914,NA,NA,"-0.51%"
"08/23/2018",19.009,18.7258,19.0154,18.7188,NA,NA,"1.50%"
"08/22/2018",18.7287,18.9532,18.9847,18.7165,NA,NA,"-1.20%"
"08/21/2018",18.9562,19.0042,19.021,18.804,NA,NA,"-0.26%"
"08/20/2018",19.005,18.8775,19.095,18.8547,NA,NA,"0.59%"
"08/17/2018",18.8935,18.9785,19.1597,18.8355,NA,NA,"-0.47%"
"08/16/2018",18.982,19.1257,19.2045,18.9245,NA,NA,"-0.81%"
"08/15/2018",19.1373,18.8819,19.3027,18.8507,NA,NA,"1.35%"
"08/14/2018",18.8826,19.125,19.1615,18.8517,NA,NA,"-1.24%"
"08/13/2018",19.12,18.9138,19.3829,18.9138,NA,NA,"1.11%"
"08/10/2018",18.91,18.6985,19.08,18.684,NA,NA,"1.16%"
"08/09/2018",18.6928,18.4773,18.7172,18.4453,NA,NA,"1.20%"
"08/08/2018",18.4711,18.4572,18.575,18.411,NA,NA,"0.08%"
"08/07/2018",18.4571,18.5162,18.5542,18.4013,NA,NA,"-0.33%"
"08/06/2018",18.519,18.5577,18.6282,18.465,NA,NA,"-0.19%"
"08/03/2018",18.554,18.648,18.7137,18.538,NA,NA,"-0.52%"
"08/02/2018",18.6505,18.5905,18.7661,18.579,NA,NA,"0.34%"
"08/01/2018",18.588,18.65,18.7164,18.56,NA,NA,"-0.32%"
"07/31/2018",18.648,18.543,18.6763,18.512,NA,NA,"0.59%"
"07/30/2018",18.5395,18.63,18.657,18.4935,NA,NA,"-0.48%"
"07/27/2018",18.6283,18.631,18.6773,18.5325,NA,NA,"0.01%"
"07/26/2018",18.6259,18.6713,18.7492,18.5813,NA,NA,"-0.22%"
"07/25/2018",18.6676,18.878,18.9042,18.666,NA,NA,"-1.13%"
"07/24/2018",18.8805,18.8885,18.9662,18.8007,NA,NA,"-0.01%"
"07/23/2018",18.882,19.02,19.171,18.8565,NA,NA,"-0.75%"
"07/20/2018",19.024,19.0535,19.155,18.906,NA,NA,"-0.15%"
"07/19/2018",19.0535,18.8945,19.1725,18.8595,NA,NA,"0.83%"
"07/18/2018",18.8965,18.8893,19.045,18.806,NA,NA,"0.04%"
"07/17/2018",18.8893,18.819,18.9578,18.809,NA,NA,"0.37%"
"07/16/2018",18.82,18.898,18.9228,18.7831,NA,NA,"-0.38%"
"07/13/2018",18.891,18.9845,19.106,18.856,NA,NA,"-0.47%"
"07/12/2018",18.9795,19.0815,19.1055,18.7545,NA,NA,"-0.54%"
"07/11/2018",19.083,18.9313,19.095,18.901,NA,NA,"0.82%"
"07/10/2018",18.9271,19.2172,19.287,18.8798,NA,NA,"-1.52%"
"07/09/2018",19.22,19.009,19.2422,18.9616,NA,NA,"1.01%"
"07/06/2018",19.0278,19.2222,19.2903,19.0033,NA,NA,"-0.97%"
"07/05/2018",19.215,19.447,19.4687,19.1778,NA,NA,"-1.21%"
"07/04/2018",19.4495,19.456,19.5648,19.3715,NA,NA,"-0.04%"
"07/03/2018",19.4565,19.9555,20.0515,19.4435,NA,NA,"-2.49%"
"07/02/2018",19.953,19.8025,20.204,19.629,NA,NA,"0.18%"
"06/29/2018",19.9175,19.7215,19.9832,19.5665,NA,NA,"1.01%"
"06/28/2018",19.718,20.1784,20.2112,19.6935,NA,NA,"-2.29%"
"06/27/2018",20.1794,19.949,20.2412,19.888,NA,NA,"1.13%"
"06/26/2018",19.9533,19.8948,20.0024,19.7822,NA,NA,"0.29%"
"06/25/2018",19.8947,20.0096,20.153,19.8855,NA,NA,"-0.60%"
"06/22/2018",20.015,20.3388,20.3515,20.0096,NA,NA,"-1.53%"
"06/21/2018",20.326,20.355,20.5338,20.2015,NA,NA,"-0.17%"
"06/20/2018",20.36,20.532,20.586,20.332,NA,NA,"-0.81%"
"06/19/2018",20.5255,20.5065,20.7085,20.4795,NA,NA,"0.08%"
"06/18/2018",20.509,20.626,20.7892,20.5017,NA,NA,"-0.58%"
"06/15/2018",20.6295,20.8905,20.965,20.612,NA,NA,"-1.25%"
"06/14/2018",20.8905,20.6447,20.8976,20.5045,NA,NA,"1.20%"
"06/13/2018",20.6425,20.7146,20.8253,20.5705,NA,NA,"-0.36%"
"06/12/2018",20.7161,20.5935,20.7265,20.5125,NA,NA,"0.60%"
"06/11/2018",20.593,20.3225,20.604,20.2728,NA,NA,"1.50%"
"06/08/2018",20.2895,20.4755,20.6597,20.2467,NA,NA,"-0.92%"
"06/07/2018",20.4785,20.3012,20.6553,20.285,NA,NA,"0.87%"
"06/06/2018",20.3012,20.4605,20.4911,20.221,NA,NA,"-0.78%"
"06/05/2018",20.4605,20.0815,20.4809,20.0623,NA,NA,"1.91%"
"06/04/2018",20.077,19.9288,20.0976,19.8583,NA,NA,"0.67%"
"06/01/2018",19.9427,19.91,20.0029,19.8008,NA,NA,"0.15%"
"05/31/2018",19.9135,19.73,20.0555,19.7175,NA,NA,"0.95%"
"05/30/2018",19.727,19.836,19.8585,19.641,NA,NA,"-0.55%"
"05/29/2018",19.836,19.593,19.8854,19.572,NA,NA,"1.23%"
"05/28/2018",19.5955,19.5537,19.6405,19.4543,NA,NA,"0.24%"
"05/25/2018",19.5477,19.5804,19.6804,19.4813,NA,NA,"-0.13%"
"05/24/2018",19.573,19.6375,19.7927,19.526,NA,NA,"-0.30%"
"05/23/2018",19.6325,19.7725,19.9925,19.5132,NA,NA,"-0.71%"
"05/22/2018",19.7735,19.8218,19.848,19.7018,NA,NA,"-0.23%"
"05/21/2018",19.819,19.9147,20.0376,19.807,NA,NA,"-0.68%"
"05/18/2018",19.954,19.734,19.9912,19.657,NA,NA,"1.10%"
"05/17/2018",19.7368,19.573,19.7547,19.503,NA,NA,"0.84%"
"05/16/2018",19.5723,19.6947,19.8052,19.5458,NA,NA,"-0.62%"
"05/15/2018",19.695,19.6248,19.9337,19.5744,NA,NA,"0.36%"
"05/14/2018",19.6241,19.4198,19.63,19.295,NA,NA,"1.02%"
"05/11/2018",19.425,19.2265,19.4535,19.1525,NA,NA,"1.04%"
"05/10/2018",19.2255,19.568,19.6002,19.2005,NA,NA,"-1.77%"
"05/09/2018",19.5715,19.5795,19.7165,19.4995,NA,NA,"0.01%"
"05/08/2018",19.5695,19.4672,19.6555,19.4085,NA,NA,"0.53%"
"05/07/2018",19.466,19.2575,19.545,19.2167,NA,NA,"1.03%"
"05/04/2018",19.2683,19.0818,19.3023,19.0423,NA,NA,"1.08%"
"05/03/2018",19.0625,19.0875,19.2125,18.9495,NA,NA,"-0.14%"
"05/02/2018",19.089,18.9528,19.213,18.857,NA,NA,"0.73%"
"05/01/2018",18.9505,18.7155,19.0006,18.6915,NA,NA,"1.27%"
"04/30/2018",18.7135,18.6086,18.8158,18.6086,NA,NA,"0.51%"
"04/27/2018",18.618,18.8195,18.8732,18.6035,NA,NA,"-1.05%"
"04/26/2018",18.815,18.8492,18.9344,18.7445,NA,NA,"-0.17%"
"04/25/2018",18.8475,18.8205,19.1446,18.79,NA,NA,"0.15%"
"04/24/2018",18.8195,18.9415,18.9615,18.7575,NA,NA,"-0.66%"
"04/23/2018",18.944,18.5255,18.9565,18.52,NA,NA,"2.25%"
"04/20/2018",18.528,18.4553,18.6955,18.4357,NA,NA,"0.46%"
"04/19/2018",18.4435,18.0895,18.4905,18.0551,NA,NA,"1.95%"
"04/18/2018",18.09,18.052,18.1213,17.9705,NA,NA,"0.23%"
"04/17/2018",18.048,18.007,18.075,17.9385,NA,NA,"0.20%"
"04/16/2018",18.012,18.0481,18.1028,17.994,NA,NA,"-0.18%"
"04/13/2018",18.0452,18.1945,18.208,18.044,NA,NA,"-0.79%"
"04/12/2018",18.189,18.2235,18.269,18.0895,NA,NA,"-0.22%"
"04/11/2018",18.2294,18.2633,18.3357,18.1685,NA,NA,"-0.20%"
"04/10/2018",18.2665,18.3545,18.364,18.2415,NA,NA,"-0.46%"
"04/09/2018",18.3514,18.2775,18.3955,18.206,NA,NA,"0.34%"
"04/06/2018",18.2892,18.2152,18.359,18.188,NA,NA,"0.46%"
"04/05/2018",18.2057,18.1,18.2318,18.0484,NA,NA,"0.58%"
"04/04/2018",18.1,18.2195,18.3437,18.0617,NA,NA,"-0.65%"
"04/03/2018",18.2181,18.243,18.2565,18.1525,NA,NA,"-0.16%"
"04/02/2018",18.2475,18.1847,18.3645,18.1688,NA,NA,"0.48%"
"03/30/2018",18.16,18.193,18.2,18.157,NA,NA,"-0.15%"
"03/29/2018",18.187,18.304,18.3367,18.166,NA,NA,"-0.64%"
"03/28/2018",18.304,18.373,18.4464,18.199,NA,NA,"-0.42%"
"03/27/2018",18.381,18.347,18.4402,18.307,NA,NA,"0.24%"
"03/26/2018",18.3371,18.5205,18.5407,18.2617,NA,NA,"-0.98%"
"03/23/2018",18.5187,18.6352,18.6922,18.487,NA,NA,"-0.62%"
"03/22/2018",18.6344,18.439,18.6717,18.4205,NA,NA,"1.07%"
"03/21/2018",18.4365,18.769,18.7718,18.4015,NA,NA,"-1.76%"
"03/20/2018",18.7673,18.702,18.8107,18.6937,NA,NA,"0.32%"
"03/19/2018",18.7069,18.6968,18.8499,18.6857,NA,NA,"0.09%"
"03/16/2018",18.6898,18.6992,18.773,18.6743,NA,NA,"-0.05%"
"03/15/2018",18.6999,18.5905,18.7599,18.5699,NA,NA,"0.62%"
"03/14/2018",18.5845,18.6105,18.6305,18.5185,NA,NA,"-0.12%"
"03/13/2018",18.6062,18.5828,18.6517,18.498,NA,NA,"0.10%"
"03/12/2018",18.5877,18.6136,18.685,18.5568,NA,NA,"-0.11%"
"03/09/2018",18.608,18.6637,18.6814,18.507,NA,NA,"-0.28%"
"03/08/2018",18.6605,18.7095,18.7779,18.6115,NA,NA,"-0.29%"
"03/07/2018",18.714,18.7397,18.9039,18.6965,NA,NA,"-0.13%"
"03/06/2018",18.7387,18.7962,18.8002,18.652,NA,NA,"-0.31%"
"03/05/2018",18.7962,18.81,18.9634,18.775,NA,NA,"-0.02%"
"03/02/2018",18.8,18.8412,18.985,18.7925,NA,NA,"-0.21%"
"03/01/2018",18.8403,18.8402,18.9527,18.7842,NA,NA,"0.00%"
"02/28/2018",18.8403,18.8498,18.8897,18.7727,NA,NA,"-0.02%"
"02/27/2018",18.8447,18.6697,18.8505,18.6309,NA,NA,"0.89%"
"02/26/2018",18.6785,18.5502,18.7222,18.5456,NA,NA,"0.77%"
"02/23/2018",18.535,18.612,18.6515,18.5218,NA,NA,"-0.41%"
"02/22/2018",18.611,18.83,18.8592,18.599,NA,NA,"-1.20%"
"02/21/2018",18.8375,18.7054,18.8727,18.6095,NA,NA,"0.70%"
"02/20/2018",18.7072,18.5287,18.7417,18.5147,NA,NA,"0.93%"
"02/19/2018",18.534,18.484,18.576,18.4583,NA,NA,"0.08%"
"02/16/2018",18.519,18.51,18.56,18.4546,NA,NA,"0.10%"
"02/15/2018",18.5012,18.5858,18.5858,18.4282,NA,NA,"-0.46%"
"02/14/2018",18.587,18.6593,18.7847,18.532,NA,NA,"-0.41%"
"02/13/2018",18.6635,18.6132,18.6838,18.5685,NA,NA,"0.33%"
"02/12/2018",18.603,18.7115,18.7308,18.5895,NA,NA,"-0.57%"
"02/09/2018",18.71,18.901,18.97,18.676,NA,NA,"-0.98%"
"02/08/2018",18.896,18.7955,18.9746,18.6875,NA,NA,"0.52%"
"02/07/2018",18.798,18.6,18.808,18.5888,NA,NA,"1.04%"
"02/06/2018",18.604,18.776,18.9362,18.5787,NA,NA,"-0.93%"
"02/05/2018",18.779,18.604,18.859,18.524,NA,NA,"0.97%"
"02/02/2018",18.5983,18.3538,18.6612,18.3227,NA,NA,"1.36%"
"02/01/2018",18.349,18.5955,18.6715,18.308,NA,NA,"-1.35%"
"01/31/2018",18.6,18.7695,18.7825,18.5675,NA,NA,"-0.91%"
"01/30/2018",18.771,18.6025,18.7892,18.5644,NA,NA,"0.85%"
"01/29/2018",18.612,18.4822,18.6864,18.4822,NA,NA,"0.69%"
"01/26/2018",18.4844,18.608,18.632,18.4135,NA,NA,"-0.65%"
"01/25/2018",18.605,18.5066,18.655,18.3035,NA,NA,"0.56%"
"01/24/2018",18.5005,18.6966,18.7177,18.453,NA,NA,"-1.04%"
"01/23/2018",18.694,18.68,18.883,18.672,NA,NA,"0.05%"
"01/22/2018",18.6842,18.6147,18.7781,18.5705,NA,NA,"0.38%"
"01/19/2018",18.613,18.609,18.666,18.546,NA,NA,"0.03%"
"01/18/2018",18.607,18.712,18.8107,18.593,NA,NA,"-0.58%"
"01/17/2018",18.7147,18.7699,18.838,18.5768,NA,NA,"-0.30%"
"01/16/2018",18.7705,18.8515,18.8952,18.743,NA,NA,"-0.45%"
"01/15/2018",18.8555,19.047,19.0597,18.7895,NA,NA,"-0.97%"
"01/12/2018",19.04,19.2785,19.2862,18.986,NA,NA,"-1.20%"
"01/11/2018",19.2705,19.2913,19.4367,19.219,NA,NA,"-0.11%"
"01/10/2018",19.291,19.2403,19.4183,19.163,NA,NA,"0.27%"
"01/09/2018",19.2387,19.2235,19.3555,19.1845,NA,NA,"0.07%"
"01/08/2018",19.225,19.1765,19.2996,19.1685,NA,NA,"0.23%"
"01/05/2018",19.181,19.2935,19.4095,19.169,NA,NA,"-0.56%"
"01/04/2018",19.2895,19.347,19.3867,19.2035,NA,NA,"-0.32%"
"01/03/2018",19.351,19.537,19.5442,19.329,NA,NA,"-0.97%"
"01/02/2018",19.5413,19.6711,19.6735,19.4426,NA,NA,"-0.60%"
"01/01/2018",19.66,19.6575,19.66,19.6575,NA,NA,"0.04%"
