Date,Price
2017-10-12,0.0387662145603583
2017-10-13,0.03869372600312223
2017-10-16,0.038676116947221874
2017-10-17,0.03867696072227144
2017-10-18,0.03876056100033795
2017-10-19,0.03885011828320378
2017-10-20,0.038833804480823596
2017-10-23,0.038838289962825276
2017-10-24,0.03880183942960807
2017-10-25,0.038811764209460316
2017-10-26,0.038797519092021435
2017-10-27,0.03886532612369044
2017-10-30,0.03885180804325786
2017-10-31,0.03887630956404191
2017-11-01,0.038893207164582624
2017-11-02,0.03885011828320378
2017-11-03,0.038831284066421605
2017-11-06,0.03873180610049361
2017-11-07,0.039092788725262666
2017-11-08,0.03907043562766722
2017-11-09,0.03919166350251023
2017-11-10,0.03919665836884519
2017-11-13,0.039244041341489136
2017-11-14,0.03917738873655347
2017-11-15,0.039160721070629456
2017-11-16,0.03919053654414872
2017-11-17,0.03913406760349411
2017-11-20,0.03929317269076305
2017-11-21,0.03919166350251023
2017-11-22,0.03929114565731666
2017-11-23,0.03930804325785738
2017-11-24,0.039152706865268574
2017-11-27,0.039157770370057805
2017-11-28,0.03921764109496451
2017-11-29,0.03919490273851217
2017-11-30,0.039182312982574574
2017-12-01,0.039132124899649304
2017-12-04,0.039141420543372635
2017-12-05,0.03911268855368234
2017-12-06,0.03908519346807882
2017-12-07,0.03908273912493144
2017-12-08,0.039137377492396076
2017-12-11,0.039092788725262666
2017-12-12,0.03905340420146798
2017-12-13,0.0391424467725583
2017-12-14,0.03907944142091718
2017-12-15,0.039054128169430026
2017-12-18,0.0389977605949212
2017-12-19,0.0390324079942536
2017-12-20,0.03902704527235138
2017-12-21,0.03916085688933959
2017-12-22,0.03914195317443577
2017-12-25,0.03923778942031435
2017-12-26,0.03925954133874926
2017-12-27,0.039286770608864666
2017-12-28,0.03937658602605312
2017-12-29,0.03944355179704017
2018-01-01,0.03944242629044521
2018-01-02,0.039154466056284545
2018-01-03,0.039037446700721914
2018-01-04,0.03909117758744357
2018-01-05,0.039138885367811724
2018-01-08,0.03923722735518711
2018-01-09,0.039211847601367034
2018-01-10,0.03915024682502848
2018-01-11,0.039163748365047886
2018-01-12,0.039108522223629226
2018-01-15,0.039249386477109245
2018-01-16,0.03934014869888476
2018-01-17,0.03926257549520632
2018-01-18,0.03928827725948753
2018-01-19,0.03936576302677139
2018-01-22,0.039405581120445815
2018-01-23,0.03938483608286571
2018-01-24,0.03938953856545784
2018-01-25,0.039453985400227855
2018-01-26,0.03941859973803186
2018-01-29,0.03929424676037314
2018-01-30,0.03925325908112897
2018-01-31,0.039269167475420905
2018-02-01,0.03932479824227828
2018-02-02,0.03922489129058133
2018-02-05,0.039157485965134436
2018-02-06,0.03927217461054587
2018-02-07,0.039295328916831934
2018-02-08,0.03927760665006962
2018-02-09,0.039315409614654115
2018-02-12,0.03934000929564373
2018-02-13,0.03943976642829941
2018-02-14,0.03942893401015228
2018-02-15,0.039459299373836514
2018-02-16,0.03942642020219111
2018-02-19,0.03940738862118522
2018-02-20,0.03946064942212438
2018-02-21,0.03949402491736588
2018-02-22,0.03944505634160807
2018-02-23,0.03946390703197896
2018-02-26,0.03945620870743689
2018-02-27,0.03952447552447552
2018-02-28,0.03948026622578321
2018-03-01,0.03951983032873807
2018-03-02,0.039526637258228706
2018-03-05,0.03945595525613321
2018-03-06,0.03948913457872665
2018-03-07,0.03917440135621954
2018-03-08,0.03949370309120977
2018-03-09,0.039508926678257915
2018-03-12,0.03949582680167776
2018-03-13,0.03946405173506911
2018-03-14,0.03936581658503631
2018-03-15,0.03945132518916177
2018-03-16,0.03943923655096698
2018-03-19,0.03946380243572395
2018-03-20,0.039392148585901225
2018-03-21,0.03940655073442512
2018-03-22,0.03944984365756782
2018-03-23,0.03940003380091263
2018-03-26,0.03960841065804035
2018-03-27,0.039267479640491154
2018-03-28,0.03926757235676314
2018-03-29,0.039378776993618726
2018-03-30,0.03932645990027888
2018-04-02,0.039462342830532154
2018-04-03,0.03943555894050944
2018-04-04,0.03947092186574114
2018-04-05,0.03947424120560471
2018-04-06,0.03946430838234671
2018-04-09,0.039341095081413986
2018-04-10,0.039393401015228424
2018-04-11,0.039433331923711255
2018-04-12,0.03944987516397952
2018-04-13,0.0394406127025769
2018-04-16,0.0393140243902439
2018-04-17,0.0393260519854373
2018-04-18,0.03940384452536201
2018-04-19,0.03942779752835619
2018-04-20,0.039416144863767134
2018-04-23,0.03944204555075777
2018-04-24,0.0393546477205447
2018-04-25,0.03932963731008507
2018-04-26,0.039457925718883666
2018-04-27,0.039435726069117216
2018-04-30,0.03942808798646362
2018-05-01,0.039514444021486274
2018-05-02,0.03948687552921253
2018-05-03,0.03950901549140778
2018-05-04,0.03942373598476835
2018-05-07,0.03940997206467451
2018-05-08,0.039372804604511404
2018-05-09,0.03931139497504442
2018-05-10,0.03924355882726234
2018-05-11,0.03919763263580638
2018-05-14,0.039154357303085446
2018-05-15,0.039269077665791484
2018-05-16,0.03923200677392041
2018-05-17,0.039246369448325505
2018-05-18,0.039215802385584975
2018-05-21,0.0391690313836771
2018-05-22,0.03918127169587673
2018-05-23,0.03916021164021164
2018-05-24,0.03916832353314438
2018-05-25,0.039164762630109165
2018-05-28,0.039290191428087415
2018-05-29,0.03931764307483914
2018-05-30,0.03938105922695906
2018-05-31,0.03946902654867257
2018-06-01,0.03947620055003173
2018-06-04,0.039452704706231204
2018-06-05,0.039406058038551156
2018-06-06,0.03943331498030579
2018-06-07,0.03944837520654154
2018-06-08,0.039467954420299066
2018-06-11,0.039474218948437896
2018-06-12,0.039445760704010825
2018-06-13,0.03951221577677097
2018-06-14,0.039497968167964775
2018-06-15,0.0394527615664383
2018-06-18,0.0395518278476723
2018-06-19,0.039530238266536885
2018-06-20,0.03956803455723542
2018-06-21,0.039588013393803245
2018-06-22,0.039477472899729
2018-06-25,0.03953831166080732
2018-06-26,0.03947549040376223
2018-06-27,0.039438816598143515
2018-06-28,0.03949735113371477
2018-06-29,0.0395271186440678
2018-07-02,0.039521912350597606
2018-07-03,0.03949213616516173
2018-07-04,0.03952364807594508
2018-07-05,0.03951945080091533
2018-07-06,0.039504363297466746
2018-07-09,0.03945623173675518
2018-07-10,0.039451903934940066
2018-07-11,0.03946218345049547
2018-07-12,0.03945044244040815
2018-07-13,0.039404489623041085
2018-07-16,0.039454306655933566
2018-07-17,0.039433610310327286
2018-07-18,0.03946495951159537
2018-07-19,0.03944642251610716
2018-07-20,0.039438064160698394
2018-07-23,0.03938548906594338
2018-07-24,0.03924155756112029
2018-07-25,0.03918192607663615
2018-07-26,0.03933502968617472
2018-07-27,0.03919657612610704
2018-07-30,0.03918011264981155
2018-07-31,0.03917623628119836
2018-08-01,0.039143329237808756
2018-08-02,0.03915603948650596
2018-08-03,0.03911820761509466
2018-08-06,0.039338927027714216
2018-08-07,0.03938700241638052
2018-08-08,0.0393213302266469
2018-08-09,0.039449976693927705
2018-08-10,0.039458428680396646
2018-08-13,0.03949478681020599
2018-08-14,0.03946010086027885
2018-08-15,0.039549866485822066
2018-08-16,0.03946108545523874
2018-08-17,0.03942063357614772
2018-08-20,0.039392244119516855
2018-08-21,0.03933672172808132
2018-08-22,0.03935442877112721
2018-08-23,0.039246146027443675
2018-08-24,0.03925584151710125
2018-08-27,0.039307135907956516
2018-08-28,0.03918396624472574
2018-08-29,0.039140357550399386
2018-08-30,0.03933564658090725
2018-08-31,0.039244756427604874
2018-09-03,0.03920849911114874
2018-09-04,0.03921385912152145
2018-09-05,0.03924480379291369
2018-09-06,0.039231257135608266
2018-09-07,0.03921139379595977
2018-09-10,0.03909847492712602
2018-09-11,0.03912595532660558
2018-09-12,0.03917430804986267
2018-09-13,0.03920081101630481
2018-09-14,0.0392076364250718
2018-09-17,0.03925963488843814
2018-09-18,0.039279858000169046
2018-09-19,0.03934435937566093
2018-09-20,0.03939060516292848
2018-09-21,0.03939486268037747
2018-09-24,0.03939686165038278
2018-09-25,0.03938057210461825
2018-09-26,0.03937217457433775
2018-09-27,0.03939002238837494
2018-09-28,0.03933415015421015
2018-10-01,0.03939608936188184
2018-10-02,0.039409802845442654
2018-10-03,0.0393870831574504
2018-10-04,0.039536261318439535
2018-10-05,0.03945286444041035
2018-10-08,0.0393974937766339
2018-10-09,0.039340733549993664
2018-10-10,0.0394455479017876
2018-10-11,0.039445360388924114
2018-10-12,0.03944878894196221
2018-10-15,0.03943014161910801
2018-10-16,0.03946297940716309
2018-10-17,0.03940714466683557
2018-10-18,0.039424302536614185
2018-10-19,0.03940734487125369
2018-10-22,0.039389718916181315
2018-10-23,0.039382888016546366
2018-10-24,0.03931913098502426
2018-10-25,0.03944825251755945
2018-10-26,0.039345881161377445
2018-10-29,0.03946309292297286
2018-10-30,0.03946860720934168
2018-10-31,0.03943263011034541
2018-11-01,0.03945013112257847
2018-11-02,0.039365441487114496
2018-11-05,0.03937734972331348
2018-11-06,0.03938577222034471
2018-11-07,0.039384030418250955
2018-11-08,0.03932528289140348
2018-11-09,0.03937198884287042
2018-11-12,0.03976510783685672
2018-11-13,0.039377139235157406
2018-11-14,0.03943374666723095
2018-11-15,0.03945504548339328
2018-11-16,0.03946051073904955
2018-11-19,0.039447920189381126
2018-11-20,0.03940778913576075
2018-11-21,0.039412460901175075
2018-11-22,0.039384797397219756
2018-11-23,0.03936718485974992
2018-11-26,0.0393556831616281
2018-11-27,0.03930827702702702
2018-11-28,0.039185604460589676
2018-11-29,0.03941704035874439
2018-11-30,0.03938470652955863
2018-12-03,0.039318893307386416
2018-12-04,0.03939378545423758
2018-12-05,0.0393873492701502
2018-12-06,0.03935366524258703
2018-12-07,0.03928816285073427
2018-12-10,0.039284086112283664
2018-12-11,0.03933265754350397
2018-12-12,0.039299712789322525
2018-12-13,0.039348101800963896
2018-12-14,0.03933527598293847
2018-12-17,0.03929513184584179
2018-12-18,0.03925785047123959
2018-12-19,0.0394104461831254
2018-12-20,0.03921482358913614
2018-12-21,0.039197092630155514
2018-12-24,0.03930760115117657
2018-12-25,0.039182068090505395
2018-12-26,0.03930013117251301
2018-12-27,0.03937267500845452
2018-12-28,0.03944500846023689
2018-12-31,0.039340910051121725
2019-01-01,0.039637369653117684
2019-01-02,0.03981707838276776
2019-01-03,0.03939250559756664
2019-01-04,0.039392325895875595
2019-01-07,0.039324136185293
2019-01-08,0.039454207502534644
2019-01-09,0.03945704032087819
2019-01-10,0.03952022974913422
2019-01-11,0.03952628245725143
2019-01-14,0.039538201772899954
2019-01-15,0.03954472506123828
2019-01-16,0.03962498416318257
2019-01-17,0.03969242469052347
2019-01-18,0.03973057432432433
2019-01-21,0.03980059146599071
2019-01-22,0.04026010218300047
2019-01-23,0.04023716082204499
2019-01-24,0.040339928970065955
2019-01-25,0.04020103898297926
2019-01-28,0.040294514767932485
2019-01-29,0.040187420852680455
2019-01-30,0.04010814921211609
2019-01-31,0.03998564674096589
2019-02-01,0.04015203344735842
2019-02-04,0.04012750147766613
2019-02-05,0.04007769942147713
2019-02-06,0.0400363191013134
2019-02-07,0.040118313191920905
2019-02-08,0.040136042925345394
2019-02-11,0.040168487003640674
2019-02-12,0.040182802979011514
2019-02-13,0.04013290442732583
2019-02-14,0.040155952027800146
2019-02-15,0.04016096920404965
2019-02-18,0.04023995251822961
2019-02-19,0.04023474576271186
2019-02-20,0.04022256071761022
2019-02-21,0.040309828155421994
2019-02-22,0.040273115461040884
2019-02-25,0.040324040780066836
2019-02-26,0.04028997759648307
2019-02-27,0.040125264494286925
2019-02-28,0.04019990682309093
2019-03-01,0.04023208538031509
2019-03-04,0.040149089368911484
2019-03-05,0.04024416090882116
2019-03-06,0.0401999491654664
2019-03-07,0.04017704362558238
2019-03-08,0.040203398449086825
2019-03-11,0.04027235703376888
2019-03-12,0.04049380621075852
2019-03-13,0.04046472184531886
2019-03-14,0.04040675951086956
2019-03-15,0.040352262116968
2019-03-18,0.040379843643779736
2019-03-19,0.04042399524173677
2019-03-20,0.0404082326926348
2019-03-21,0.04037383177570093
2019-03-22,0.040327312812685485
2019-03-25,0.04035586886359776
2019-03-26,0.04031318961127143
2019-03-27,0.04041298436437797
2019-03-28,0.040428583552575746
2019-03-29,0.040531011045029736
2019-04-01,0.040443500424808834
2019-04-02,0.04040877028979349
2019-04-03,0.040359357743607174
2019-04-04,0.04029476724430853
2019-04-05,0.040356141096472585
2019-04-08,0.04037251233202926
2019-04-09,0.04042073948151296
2019-04-10,0.04035147296035317
2019-04-11,0.04035511001614137
2019-04-12,0.040376061120543295
2019-04-15,0.040397485986071006
2019-04-16,0.04040781648258284
2019-04-17,0.04038014425116674
2019-04-18,0.04035641547861507
2019-04-19,0.040327368331778475
2019-04-22,0.04036348195329087
2019-04-23,0.040347840841605156
2019-04-24,0.04036436215389842
2019-04-25,0.04032162253903598
2019-04-26,0.0403830799286503
2019-04-29,0.04037772684831508
2019-04-30,0.040397722444123395
2019-05-01,0.040350534713970466
2019-05-02,0.040379424497071555
2019-05-03,0.040271623801035564
2019-05-06,0.04036700365304562
2019-05-07,0.04036439310286248
2019-05-08,0.04037713412044508
2019-05-09,0.040404349303431876
2019-05-10,0.04036493252991598
2019-05-13,0.040379327902240324
2019-05-14,0.04046068848278793
2019-05-15,0.04035456781745695
2019-05-16,0.04047728432873915
2019-05-17,0.04039035980991174
2019-05-20,0.040418825928128455
2019-05-21,0.04044272603670972
2019-05-22,0.04042300178374246
2019-05-23,0.04040197161553497
2019-05-24,0.04039932030586236
2019-05-27,0.040415145598098313
2019-05-28,0.04041963982330955
2019-05-29,0.04036587436332767
2019-05-30,0.04037219578518015
2019-05-31,0.04031411834620935
2019-06-03,0.040151142056550904
2019-06-04,0.04020147921448611
2019-06-05,0.040070512275932384
2019-06-06,0.04011395526830512
2019-06-07,0.0399830335934849
2019-06-10,0.04005438477226376
2019-06-11,0.040048391204686305
2019-06-12,0.04008406215504798
2019-06-13,0.040041606521185366
2019-06-14,0.04008663156106676
2019-06-17,0.040131813929755934
2019-06-18,0.04012843412435146
2019-06-19,0.04017512539318201
2019-06-20,0.04006122448979592
2019-06-21,0.04013592727890579
2019-06-24,0.04010884353741497
2019-06-25,0.04003736730360934
2019-06-26,0.040083304998299894
2019-06-27,0.04011474713132172
2019-06-28,0.04008407643312102
2019-07-01,0.04021262119408063
2019-07-02,0.04024417219669899
2019-07-03,0.040137056269685875
2019-07-04,0.04010640108954716
2019-07-05,0.04014886015651582
2019-07-08,0.04012414965986395
2019-07-09,0.04023673677935791
2019-07-10,0.04027165119645746
2019-07-11,0.04027079962530869
2019-07-12,0.04022719537100068
2019-07-15,0.0402151909500723
2019-07-16,0.04020500170125893
2019-07-17,0.04020574732188403
2019-07-18,0.04019045999489839
2019-07-19,0.04013859365700195
2019-07-22,0.04017626021798365
2019-07-23,0.04008838276536075
2019-07-24,0.04009691405253762
2019-07-25,0.04018556350017024
2019-07-26,0.04010716108181663
2019-07-29,0.04020239816310911
2019-07-30,0.040267438889362066
2019-07-31,0.04023499361430396
2019-08-01,0.040252572497661364
2019-08-02,0.04015223677496173
2019-08-05,0.040248616432524476
2019-08-06,0.04024620889418981
2019-08-07,0.040227311425166015
2019-08-08,0.0401958446866485
2019-08-09,0.04019495998637835
2019-08-12,0.04020102214650766
2019-08-13,0.04014983824280607
2019-08-14,0.04014727164382396
2019-08-15,0.04014795918367347
2019-08-16,0.04012490440989039
2019-08-19,0.04022469997446591
2019-08-20,0.04024016351558508
2019-08-21,0.040134353741496605
2019-08-22,0.04010623831378548
2019-08-23,0.040036480868753714
2019-08-26,0.040206755721943335
2019-08-27,0.040255340880074895
2019-08-28,0.0402068085106383
2019-08-29,0.040229150694266975
2019-08-30,0.04017524457677584
2019-09-02,0.0402387448840382
2019-09-03,0.04027619128804023
2019-09-04,0.04030799419844723
2019-09-05,0.04023236020086816
2019-09-06,0.04024602026049204
2019-09-09,0.040234122254384476
2019-09-10,0.04033265097236438
2019-09-11,0.040346973572037516
2019-09-12,0.04023123352886169
2019-09-13,0.0401689734227732
2019-09-16,0.04032736572890026
2019-09-17,0.04031790675871474
2019-09-18,0.04034556132436803
2019-09-19,0.040448690608206085
2019-09-20,0.04047050801227413
2019-09-23,0.04039587944832284
2019-09-24,0.040486993603411514
2019-09-25,0.04038831644383888
2019-09-26,0.0404776526782668
2019-09-27,0.040490797546012265
2019-09-30,0.04050230650948232
2019-10-01,0.040439194951390076
2019-10-02,0.04041758990966422
2019-10-03,0.04042078364565588
2019-10-04,0.040411624339526164
2019-10-07,0.04040378226424738
2019-10-08,0.04051481260138308
2019-10-09,0.04048553630855876
2019-10-10,0.04057900571331117
2019-10-11,0.04048466780238501
2019-10-14,0.040556598941437594
2019-10-15,0.04054782831299599
2019-10-16,0.04051859433640396
2019-10-17,0.04046434352901082
2019-10-18,0.040462285033202795
2019-10-21,0.04049220812398876
2019-10-22,0.0404798774780907
2019-10-23,0.04044603336738168
2019-10-24,0.040527796725784444
2019-10-25,0.040447074853103976
2019-10-28,0.040546121682737434
2019-10-29,0.04055977472480587
2019-10-30,0.040521561274927564
2019-10-31,0.0405366436310895
2019-11-01,0.04052806688278451
2019-11-04,0.0405601571172402
2019-11-05,0.04058743169398907
2019-11-06,0.04059998293078433
2019-11-07,0.040610537101870035
2019-11-08,0.040564124414145725
2019-11-11,0.04051574468085106
2019-11-12,0.04057108762359359
2019-11-13,0.04059430422919509
2019-11-14,0.04062942430703625
2019-11-15,0.04062398772483164
2019-11-18,0.04073672528598258
2019-11-19,0.040671495526203666
2019-11-20,0.04072761352986282
2019-11-21,0.04068081117927744
2019-11-22,0.04065667319649093
2019-11-25,0.04064241288233791
2019-11-26,0.04065702127659574
2019-11-27,0.04087674497786857
2019-11-28,0.040765301779177664
2019-11-29,0.04067523841961853
2019-12-02,0.04070709655407711
2019-12-03,0.040721658278597625
2019-12-04,0.04072263458749254
2019-12-05,0.04072476125511596
2019-12-06,0.04067370752065412
2019-12-09,0.04072226485887269
2019-12-10,0.040746523334186505
2019-12-11,0.040753220165486645
2019-12-12,0.04074639597372686
2019-12-13,0.04068592365371506
2019-12-16,0.04070197884680996
2019-12-17,0.0407362224876301
2019-12-18,0.04068765463697637
2019-12-19,0.04064009558760775
2019-12-20,0.04061855670103093
2019-12-23,0.040697852760736196
2019-12-24,0.04074645964852414
2019-12-25,0.04069024286322966
2019-12-26,0.040772118419930045
2019-12-27,0.040722983905305286
2019-12-30,0.04075441138862842
2019-12-31,0.04074269653351503
2020-01-01,0.04077499574178164
2020-01-02,0.040715868416567234
2020-01-03,0.04060015323061207
2020-01-06,0.04069309462915601
2020-01-07,0.04071361582402591
2020-01-08,0.04067922277143344
2020-01-09,0.040692681264377605
2020-01-10,0.040662409535972756
2020-01-13,0.04066519035857252
2020-01-14,0.040720313698746916
2020-01-15,0.04071519904526468
2020-01-16,0.04068336741649625
2020-01-17,0.04069729775807689
2020-01-20,0.040687627811860944
2020-01-21,0.04067808160831417
2020-01-22,0.04068580678139376
2020-01-23,0.04071343334469827
2020-01-24,0.04073335038799352
2020-01-27,0.04072731923601637
2020-01-28,0.04069018404907976
2020-01-29,0.04067438692098092
2020-01-30,0.04066467831273967
2020-01-31,0.04060103715038681
2020-02-03,0.04065848879802368
2020-02-04,0.04066257877703969
2020-02-05,0.04057089297886844
2020-02-06,0.0404923339011925
2020-02-07,0.04055247676698781
2020-02-10,0.040593097571367705
2020-02-11,0.04062132446944516
2020-02-12,0.040581117927743694
2020-02-13,0.04058197000681663
2020-02-14,0.04062398772483164
2020-02-17,0.04068853855986366
2020-02-18,0.04075635991121735
2020-02-19,0.040608843537414965
2020-02-20,0.040812814177387746
2020-02-21,0.04080367784777797
2020-02-24,0.04089538251831658
2020-02-25,0.04096232526423457
2020-02-26,0.04096419437340154
2020-02-27,0.040911183088987384
2020-02-28,0.040849112677252275
2020-03-02,0.04097450763065905
2020-03-03,0.04090645765888567
2020-03-04,0.040918619514273544
2020-03-05,0.04094796013968146
2020-03-06,0.040898407561951795
2020-03-09,0.0410368604750149
2020-03-10,0.04103824205774636
2020-03-11,0.04100034054146093
2020-03-12,0.04102723404255319
2020-03-13,0.041009353741496606
2020-03-16,0.04119015164423241
2020-03-17,0.04130156836004092
2020-03-18,0.041382480633353196
2020-03-19,0.04127993182786536
2020-03-20,0.04132014327136278
2020-03-23,0.041296864349011586
2020-03-24,0.04120173868575812
2020-03-25,0.0411957356076759
2020-03-26,0.04118881118881118
2020-03-27,0.04122323637294208
2020-03-30,0.04115069894306171
2020-03-31,0.041141980569285835
2020-04-01,0.04115260017050299
2020-04-02,0.04115011075140569
2020-04-03,0.04113979044211602
2020-04-06,0.04112966433804737
2020-04-07,0.04114329528028625
2020-04-08,0.04115712338104976
2020-04-09,0.04114870046868343
2020-04-10,0.041147848317000434
2020-04-13,0.04112927950945324
2020-04-14,0.041156566947924654
2020-04-15,0.041140081799591
2020-04-16,0.04119311402761206
2020-04-17,0.04115958081281417
2020-04-20,0.041197237145049886
2020-04-21,0.04117261347185557
2020-04-22,0.041183381576706965
2020-04-23,0.041192949591280656
2020-04-24,0.04115803814713896
2020-04-27,0.04117817315059164
2020-04-28,0.04120211135705772
2020-04-29,0.041191793649442414
2020-04-30,0.04120293065258136
2020-05-01,0.04117576893584391
2020-05-04,0.04111177372635884
2020-05-05,0.04107209817623998
2020-05-06,0.041039591315453386
2020-05-07,0.041102778251235726
2020-05-08,0.04110155051967967
2020-05-11,0.04109464179231621
2020-05-12,0.041116790186557624
2020-05-13,0.04115512394582162
2020-05-14,0.041208791208791215
2020-05-15,0.04119441131368206
2020-05-18,0.04120674961649907
2020-05-19,0.04120910020449897
2020-05-20,0.0412082765667575
2020-05-21,0.041197614991482105
2020-05-22,0.04122007327255687
2020-05-25,0.04121379897785349
2020-05-26,0.04121720613287904
2020-05-27,0.04124040920716113
2020-05-28,0.04121656159482025
2020-05-29,0.041242543037327425
2020-06-01,0.04134377927275824
2020-06-02,0.041126724578436386
2020-06-03,0.04106415608758626
2020-06-04,0.041182584987645904
2020-06-05,0.04119979534407777
2020-06-08,0.041033367381681986
2020-06-09,0.041109312430774474
2020-06-10,0.04113411724608043
2020-06-11,0.04114906303236797
2020-06-12,0.04114896516480709
2020-06-15,0.041156827668455576
2020-06-16,0.041124351008596474
2020-06-17,0.04116544556142444
2020-06-18,0.041205691888207226
2020-06-19,0.041223794102607805
2020-06-22,0.04125298329355609
2020-06-23,0.041228698023176545
2020-06-24,0.0411757193938362
2020-06-25,0.04120910020449897
2020-06-26,0.041215606099327035
2020-06-29,0.04125383566314354
2020-06-30,0.041172913117546846
2020-07-01,0.04125596455351057
2020-07-02,0.041128235694822886
2020-07-03,0.0411682561307902
2020-07-06,0.04121111395210091
2020-07-07,0.0411414708886619
2020-07-08,0.04117912480844543
2020-07-09,0.041143635125936016
2020-07-10,0.04115430418509697
2020-07-13,0.041226784801499404
2020-07-14,0.04119084099421178
2020-07-15,0.04122061328790459
2020-07-16,0.041229235880398674
2020-07-17,0.04116013628620102
2020-07-20,0.041206338388141084
2020-07-21,0.04118092805449128
2020-07-22,0.041135802469135806
2020-07-23,0.04111877394636015
2020-07-24,0.04109758174386921
2020-07-27,0.041098620337250896
2020-07-28,0.0411320272572402
2020-07-29,0.04113599591245848
2020-07-30,0.041078389650183
2020-07-31,0.04109796578432207
2020-08-03,0.04113893858079905
2020-08-04,0.041099574468085105
2020-08-05,0.04111025968497233
2020-08-06,0.041138917262512766
2020-08-07,0.041159247595540044
2020-08-10,0.041115934627170586
2020-08-11,0.04112359550561798
2020-08-12,0.04109777891243298
2020-08-13,0.04111697599182701
2020-08-14,0.041130501404613946
2020-08-17,0.04111697599182701
2020-08-18,0.041151881491571604
2020-08-19,0.04117752234993614
2020-08-20,0.04115698961348544
2020-08-21,0.0411588530587935
2020-08-24,0.041186339635496505
2020-08-25,0.04107855626326964
2020-08-26,0.04120804225592094
2020-08-27,0.04115600544402858
2020-08-28,0.041167957776453566
2020-08-31,0.04115243850540472
2020-09-01,0.041209746123700805
2020-09-02,0.04119594824651004
2020-09-03,0.04126682569432612
2020-09-04,0.04133532168726033
2020-09-07,0.04129265594417496
2020-09-08,0.041322489994039
2020-09-09,0.041321413367390376
2020-09-10,0.041350706864248
2020-09-11,0.04132811169759919
2020-09-14,0.04131670780491957
2020-09-15,0.041331517112208414
2020-09-16,0.041331630481055766
2020-09-17,0.04133588761174968
2020-09-18,0.041322489994039
2020-09-21,0.04133418475947212
2020-09-22,0.04134939553890687
2020-09-23,0.041432828196832965
2020-09-24,0.04148923495872692
2020-09-25,0.041412275474589255
2020-09-28,0.04145045965270684
2020-09-29,0.04143270622286541
2020-09-30,0.04142966556037784
2020-10-01,0.041476121562952245
2020-10-02,0.04142796321525886
2020-10-05,0.04149391022911166
2020-10-06,0.0414951439768274
2020-10-07,0.04148381601362861
2020-10-08,0.04145631067961165
2020-10-09,0.04141568059930195
2020-10-12,0.041454112038140645
2020-10-13,0.04148684322575151
2020-10-14,0.0415759385665529
2020-10-15,0.041472716438239556
2020-10-16,0.04147854954034729
2020-10-19,0.04147990463215259
2020-10-20,0.041469436403882176
2020-10-21,0.04145569081467609
2020-10-22,0.041449855269879106
2020-10-23,0.04143124733929332
2020-10-26,0.04145654209585426
2020-10-27,0.041466382978723404
2020-10-28,0.041454096826342206
2020-10-29,0.04145544301642693
2020-10-30,0.04136204988507704
2020-11-02,0.04137179814483874
2020-11-03,0.04137590464027246
2020-11-04,0.041400595998297145
2020-11-05,0.04137288279853605
2020-11-06,0.04140837874659401
2020-11-09,0.041396438612933455
2020-11-10,0.041422366067626275
2020-11-11,0.04142698926563299
2020-11-12,0.04141616282040364
2020-11-13,0.041431005110732534
2020-11-16,0.041461171662125346
2020-11-17,0.041461171662125346
2020-11-18,0.04146640551818104
2020-11-19,0.04145776566757493
2020-11-20,0.04142309657639244
2020-11-23,0.041471640265712824
2020-11-24,0.04145583099071471
2020-11-25,0.041459841580785285
2020-11-26,0.041458368806402184
2020-11-27,0.041433676508125586
2020-11-30,0.041454823889739666
2020-12-01,0.041428085106382975
2020-12-02,0.04144243869209809
2020-12-03,0.04147031263310333
2020-12-04,0.041439884196185287
2020-12-07,0.04146410016182608
2020-12-08,0.041450225666354416
2020-12-09,0.041374968093252786
2020-12-10,0.04142978795878395
2020-12-11,0.04141617021276595
2020-12-14,0.04140875042560436
2020-12-15,0.041414098416482206
2020-12-16,0.04141750383109143
2020-12-17,0.041414098416482206
2020-12-18,0.041425166013962206
2020-12-21,0.04137408479482377
2020-12-22,0.04140194075587334
2020-12-23,0.04143598910452843
2020-12-24,0.041440973699889354
2020-12-25,0.0415673420738975
2020-12-28,0.041464078992168876
2020-12-29,0.04147637292464879
2020-12-30,0.041406555981268627
2020-12-31,0.04136936170212766
2021-01-01,0.041376318475672
2021-01-04,0.04145315161839864
2021-01-05,0.041426261594757895
2021-01-06,0.041407300263762443
2021-01-07,0.041392598894087626
2021-01-08,0.04142942278222374
2021-01-11,0.04142030465492298
2021-01-12,0.041454235845040446
2021-01-13,0.04145240933083603
2021-01-14,0.04146395437909609
2021-01-15,0.041435618302432385
2021-01-18,0.04144157944004765
2021-01-19,0.04127542372881356
2021-01-20,0.04147066337392489
2021-01-21,0.04147700170357751
2021-01-22,0.04149135508048719
2021-01-25,0.04146445295870583
2021-01-26,0.04146493020088526
2021-01-27,0.04148889078062484
2021-01-28,0.04148523278576901
2021-01-29,0.041457145288960766
2021-02-01,0.041475019150566006
2021-02-02,0.04140960163432073
2021-02-03,0.04146578140960164
2021-02-04,0.041468085106382974
2021-02-05,0.04149063032367973
2021-02-08,0.041462625574663715
2021-02-09,0.041480030656561355
2021-02-10,0.041507713287309296
2021-02-11,0.04149220679669534
2021-02-12,0.04147760177141884
2021-02-15,0.04153039474806036
2021-02-16,0.04160488554834302
2021-02-17,0.041501959447946844
2021-02-18,0.041502087415864364
2021-02-19,0.04148573861217539
2021-02-22,0.04149220679669534
2021-02-23,0.04153098627567982
2021-02-24,0.041513988399863526
2021-02-25,0.04148037796884311
2021-02-26,0.04173890697275998
2021-03-01,0.04148182824070134
2021-03-02,0.041431972789115645
2021-03-03,0.04144412315019561
2021-03-04,0.04174501241544652
2021-03-05,0.041540556643118565
2021-03-08,0.04159553624669904
2021-03-09,0.04156572110060482
2021-03-10,0.041590734905901386
2021-03-11,0.04155949237713994
2021-03-12,0.041570698466780236
2021-03-15,0.04155372041546058
2021-03-16,0.04156859405603338
2021-03-17,0.04158051605211615
2021-03-18,0.041562233951983656
2021-03-19,0.041562366964665816
2021-03-22,0.041597990805380555
2021-03-23,0.041728732490604714
2021-03-24,0.041597819606507117
2021-03-25,0.04159666013461702
2021-03-26,0.04158558405043878
2021-03-29,0.04181005110732538
2021-03-30,0.04189688964635705
2021-03-31,0.04187308347529812
2021-04-01,0.04181562579875606
2021-04-02,0.041868665360701815
2021-04-05,0.041803167035586584
2021-04-06,0.04182305858310627
2021-04-07,0.04185068528134843
2021-04-08,0.04185648621041879
2021-04-09,0.04186483956081369
2021-04-12,0.04187787429739397
2021-04-13,0.04187755449591281
2021-04-14,0.04188292350889135
2021-04-15,0.04197850929558246
2021-04-16,0.04193781942078364
2021-04-19,0.04195055413469736
2021-04-20,0.04197715065222951
2021-04-21,0.0419572073991987
2021-04-22,0.04196198755646467
2021-04-23,0.04192841925862804
2021-04-26,0.04188586030664395
2021-04-27,0.04192746466882343
2021-04-28,0.041913680088533245
2021-04-29,0.04191282880735507
2021-04-30,0.041891385767790265
2021-05-03,0.041903343827107975
2021-05-04,0.04189807725029777
2021-05-05,0.04189329475833901
2021-05-06,0.04191027496382055
2021-05-07,0.041902289556558
2021-05-10,0.04191623393206776
2021-05-11,0.041921668795232014
2021-05-12,0.04192661331517112
2021-05-13,0.041963357477631025
2021-05-14,0.041911739649003237
2021-05-17,0.041943947525342876
2021-05-18,0.041920292940475175
2021-05-19,0.041921832425068126
2021-05-20,0.04193205040871935
2021-05-21,0.04192012942779291
2021-05-24,0.04191279168795776
2021-05-25,0.04189255916907884
2021-05-26,0.04183939368134207
2021-05-27,0.04181160653505787
2021-05-28,0.04174012738853503
2021-05-31,0.04183381576706965
2021-06-01,0.04182963152072164
2021-06-02,0.04185005531444132
2021-06-03,0.04185973274321219
2021-06-04,0.04186212765957447
2021-06-07,0.04196809418188023
2021-06-08,0.041990610328638496
2021-06-09,0.04185686324568121
2021-06-10,0.04187579861998467
2021-06-11,0.041849612535127305
2021-06-14,0.041866643958102696
2021-06-15,0.04193504390077572
2021-06-16,0.04190683018225175
2021-06-17,0.0419994879672299
2021-06-18,0.041943947525342876
2021-06-21,0.041945319819436166
2021-06-22,0.04191449497530233
2021-06-23,0.04208037622915776
2021-06-24,0.041920456481008346
2021-06-25,0.04193119891008175
2021-06-28,0.04190707173857544
2021-06-29,0.04190824751042642
2021-06-30,0.04189345587609565
2021-07-01,0.041898723404255316
2021-07-02,0.041922389583865204
2021-07-05,0.04201536491677337
2021-07-06,0.041964026937175006
2021-07-07,0.042096622488242835
2021-07-08,0.041919802485952666
2021-07-09,0.04201587437057267
2021-07-12,0.04196267257542185
2021-07-13,0.04197579270371633
2021-07-14,0.041961318906023684
2021-07-15,0.041970006816632585
2021-07-16,0.041954169861146605
2021-07-19,0.041958411453894666
2021-07-20,0.041928090653488966
2021-07-21,0.04187744680851064
2021-07-22,0.04200563524590164
2021-07-23,0.04189336513073844
2021-07-26,0.04182731607629428
2021-07-27,0.041848066768863906
2021-07-28,0.04186834710040024
2021-07-29,0.04184728015663574
2021-07-30,0.04180835673559696
2021-08-02,0.04194793000426803
2021-08-03,0.04180990469707284
2021-08-04,0.04207619863013699
2021-08-05,0.04181284059945504
2021-08-06,0.041803474114441415
2021-08-09,0.041796901600272385
2021-08-10,0.041813925774599935
2021-08-11,0.04180688010899183
2021-08-12,0.04178969774372073
2021-08-13,0.0417718177948063
2021-08-16,0.04190143246930423
2021-08-17,0.04189681593734037
2021-08-18,0.04188558780965353
2021-08-19,0.04195742869306088
2021-08-20,0.04198586391893042
2021-08-23,0.04190265486725664
2021-08-24,0.04194600579117697
2021-08-25,0.04193034741144414
2021-08-26,0.04197973433242507
2021-08-27,0.04199267648812058
2021-08-30,0.04197208273044515
2021-08-31,0.04198195130257109
2021-09-01,0.041994209809264306
2021-09-02,0.042015497275204365
2021-09-03,0.042058047493403694
2021-09-06,0.04209365687526607
2021-09-07,0.042111044877799535
2021-09-08,0.04210849016435323
2021-09-09,0.04207372095002979
2021-09-10,0.04204288266825491
2021-09-13,0.04208769689229459
2021-09-14,0.04210046828437633
2021-09-15,0.04209961685823755
2021-09-16,0.04209741973941923
2021-09-17,0.04207116710649528
2021-09-20,0.0421074591280654
2021-09-21,0.04210149863760218
2021-09-22,0.04212108310626703
2021-09-23,0.042097199761681844
2021-09-24,0.04209979564032698
2021-09-27,0.04208255319148936
2021-09-28,0.042114271117166216
2021-09-29,0.04208379460103892
2021-09-30,0.04208255319148936
2021-10-01,0.042069464544138936
2021-10-04,0.042145897173987056
2021-10-05,0.042073399182561304
2021-10-06,0.04208496509450026
2021-10-07,0.04211517165005537
2021-10-08,0.04211723609099429
2021-10-11,0.04210521835362221
2021-10-12,0.042131175468483814
2021-10-13,0.042096032691980256
2021-10-14,0.0421091621253406
2021-10-15,0.04214230933106093
2021-10-18,0.04215016192261803
2021-10-19,0.0421281308570455
2021-10-20,0.04210122699386503
2021-10-21,0.04211230402181323
2021-10-22,0.042090924570066406
2021-10-25,0.04209948045311302
2021-10-26,0.04210051107325383
2021-10-27,0.042122476790733325
2021-10-28,0.04212678936605317
2021-10-29,0.04209621115368242
2021-11-01,0.042129345603271987
2021-11-02,0.04213853625287552
2021-11-03,0.0421019921675464
2021-11-04,0.04213099395281492
2021-11-05,0.0421214443876682
2021-11-08,0.04209670554184047
2021-11-09,0.04210131971051511
2021-11-10,0.04207571246278179
2021-11-11,0.04210324559161768
2021-11-12,0.042101769911504425
2021-11-15,0.04211117732186941
2021-11-16,0.04210302256279268
2021-11-17,0.04210795164311255
2021-11-18,0.042108669732583884
2021-11-19,0.04212948783392888
2021-11-22,0.04210880299676486
2021-11-23,0.0421066076294278
2021-11-24,0.042111224663600746
2021-11-25,0.042104232308609386
2021-11-26,0.0421091621253406
2021-11-29,0.042113599591245846
2021-11-30,0.04226021542143956
2021-12-01,0.04207691653194928
2021-12-02,0.04209617021276596
2021-12-03,0.042082872458095805
2021-12-06,0.04209244913594961
2021-12-07,0.04208273044514427
2021-12-08,0.04208609834949804
2021-12-09,0.04208117076491109
2021-12-10,0.042085461355124275
2021-12-13,0.0421066076294278
2021-12-14,0.04210284352119871
2021-12-15,0.04211449991480661
2021-12-16,0.042110865122615804
2021-12-17,0.04210880299676486
2021-12-20,0.04210521835362221
2021-12-21,0.042096568168270454
2021-12-22,0.042112748020097075
2021-12-23,0.04210589036431733
2021-12-24,0.042104904632152586
2021-12-27,0.04211220841137409
2021-12-28,0.042124978716158695
2021-12-29,0.04211628500893845
2021-12-30,0.042108669732583884
2021-12-31,0.04209948045311302
2022-01-03,0.04231684354673057
2022-01-04,0.04209110259684972
2022-01-05,0.04207336794620819
2022-01-06,0.042053160674731645
2022-01-07,0.04206641123882503
2022-01-10,0.0420682901907357
2022-01-11,0.04206591160691475
2022-01-12,0.04202909647779479
2022-01-13,0.04205772177762643
2022-01-14,0.04205959982971477
2022-01-17,0.04205669532646634
2022-01-18,0.042068114091102594
2022-01-19,0.04204560925799864
2022-01-20,0.04207151979565773
2022-01-21,0.0420529406758022
2022-01-24,0.04205621805792163
2022-01-25,0.04207935967302452
2022-01-26,0.042070345767330944
2022-01-27,0.04209298365122616
2022-01-28,0.04207818754790904
2022-01-31,0.04206620713130797
2022-02-01,0.04208567535343212
2022-02-02,0.04207698203184875
2022-02-03,0.042098271310567995
2022-02-04,0.04209163685913814
2022-02-07,0.04207336794620819
2022-02-08,0.04204307482761556
2022-02-09,0.04202586573640773
2022-02-10,0.04206282989954027
2022-02-11,0.04208446866485014
2022-02-14,0.04205601907032181
2022-02-15,0.04202230926430518
2022-02-16,0.042042223546437385
2022-02-17,0.04204785422343325
2022-02-18,0.04206232970027248
2022-02-21,0.04208088548318433
2022-02-22,0.0420543163630172
2022-02-23,0.042074042553191485
2022-02-24,0.04208730428863173
2022-02-25,0.042080708326238725
2022-02-28,0.04206908286540752
2022-03-01,0.042071635188021095
2022-03-02,0.042134639965913934
2022-03-03,0.04208219877467665
2022-03-04,0.04207507021874202
2022-03-07,0.04207762362754277
2022-03-08,0.04208847299021693
2022-03-09,0.042044043873820255
2022-03-10,0.042083936324167875
2022-03-11,0.04209621115368242
2022-03-14,0.04211207630727304
2022-03-15,0.042087023160762946
2022-03-16,0.04205126021798365
2022-03-17,0.04209163685913814
2022-03-18,0.04205819790691739
2022-03-21,0.04206400544727211
2022-03-22,0.042013103037522335
2022-03-23,0.04203826530612245
2022-03-24,0.042042517006802727
2022-03-25,0.042085957446808514
2022-03-28,0.042048684994467615
2022-03-29,0.04203146258503401
2022-03-30,0.04204184029254188
2022-03-31,0.04198656348328939
2022-04-01,0.041994393952263655
2022-04-04,0.04199200816187723
2022-04-05,0.04199676843268985
2022-04-06,0.04196955523428863
2022-04-07,0.041985544217687076
2022-04-08,0.041988945578231296
2022-04-11,0.04196463487205645
2022-04-12,0.041961067664059847
2022-04-13,0.041948151296217595
2022-04-14,0.04198044217687075
2022-04-15,0.04198740854177301
2022-04-18,0.041950348580173435
2022-04-19,0.04201105912377712
2022-04-20,0.042036942458290774
2022-04-21,0.042014290575025516
2022-04-22,0.04199880922003913
2022-04-25,0.04206878937510642
2022-04-26,0.04204833631180325
2022-04-27,0.04208035410282601
2022-04-28,0.0421066076294278
2022-04-29,0.04207304614336796
2022-05-02,0.04219574686138867
2022-05-03,0.04212903775675445
2022-05-04,0.042040660088465465
2022-05-05,0.04206805614632072
2022-05-06,0.0421145824465821
2022-05-09,0.04204323036337333
2022-05-10,0.042088052456782765
2022-05-11,0.04208819273005874
2022-05-12,0.04207592135500894
2022-05-13,0.04211899079440846
2022-05-16,0.042138413023097246
2022-05-17,0.04218515358361775
2022-05-18,0.0421139111186787
2022-05-19,0.04215016192261803
2022-05-20,0.04212611844908394
2022-05-23,0.042142552647284504
2022-05-24,0.042088623775031954
2022-05-25,0.04207293175428133
2022-05-26,0.04206223358908781
2022-05-27,0.04209637526652452
2022-05-30,0.042077689752108356
2022-05-31,0.04208553416254899
2022-06-01,0.04210203037024399
2022-06-02,0.042122504692032076
2022-06-03,0.042146087550132265
2022-06-06,0.04213481228668942
2022-06-07,0.04213036430338709
2022-06-08,0.042097681554722134
2022-06-09,0.04215944008193923
2022-06-10,0.0421296928327645
2022-06-13,0.04211689419795221
2022-06-14,0.04213889599863493
2022-06-15,0.04211689419795221
2022-06-16,0.042088623775031954
2022-06-17,0.04217576791808873
2022-06-20,0.04211759693225394
2022-06-21,0.042132559924933886
2022-06-22,0.042128548290853295
2022-06-23,0.04211243611584327
2022-06-24,0.04213049040511727
2022-06-27,0.04214413646055437
2022-06-28,0.042100059660785824
2022-06-29,0.04209153669138328
2022-06-30,0.042152244410308924
2022-07-01,0.042136890555744974
2022-07-04,0.04210826939471441
2022-07-05,0.042118680194389975
2022-07-06,0.042106250532958134
2022-07-07,0.042130853876993946
2022-07-08,0.042107282960941496
2022-07-11,0.04208987039563438
2022-07-12,0.042122452460134734
2022-07-13,0.04207243289305496
2022-07-14,0.042137065801826405
2022-07-15,0.04211262798634812
2022-07-18,0.042125661601502475
2022-07-19,0.04210611618186471
2022-07-20,0.042076115709531535
2022-07-21,0.04207199522306577
2022-07-22,0.042011935208866154
2022-07-25,0.04201073985680191
2022-07-26,0.04200818623688923
2022-07-27,0.04205530897917378
2022-07-28,0.042038553394745826
2022-07-29,0.04201553696431621
2022-08-01,0.04193878421007758
2022-08-02,0.041964026937175006
2022-08-03,0.04195394456289979
2022-08-04,0.04199437004179817
2022-08-05,0.04200700017073587
2022-08-08,0.041761344251108834
2022-08-09,0.04177484008528785
2022-08-10,0.041833233762908595
2022-08-11,0.041762998377870744
2022-08-12,0.04166481687014429
2022-08-15,0.04123666467525817
2022-08-16,0.04162399726915856
2022-08-17,0.04161491213103566
2022-08-18,0.04172413793103448
2022-08-19,0.04162512803004439
2022-08-22,0.04158155000426294
2022-08-23,0.04129145000426221
2022-08-24,0.04141371077762619
2022-08-25,0.04154614530863143
2022-08-26,0.04155390398086451
2022-08-29,0.04150700136612022
2022-08-30,0.04148878082074908
2022-08-31,0.04129830248229975
2022-09-01,0.04126365187713311
2022-09-02,0.041012625831769324
2022-09-05,0.0411316889988905
2022-09-06,0.0413047188326649
2022-09-07,0.04141942095823725
2022-09-08,0.04161560126312196
2022-09-09,0.04180117858057904
2022-09-12,0.04193661370237484
2022-09-13,0.042017768665641546
2022-09-14,0.04202236639918047
2022-09-15,0.041995902339081445
2022-09-16,0.041995902339081445
2022-09-19,0.042051238257899234
2022-09-20,0.04216994022203246
2022-09-21,0.04214779418039082
2022-09-22,0.04216213907397916
2022-09-23,0.042140296979006654
2022-09-26,0.04211927309956488
2022-09-27,0.042194539249146755
2022-09-28,0.04219064686806622
2022-09-29,0.042186966905493006
2022-09-30,0.042200887523468164
2022-10-03,0.04218155447487416
2022-10-04,0.04211334926596108
2022-10-05,0.0420580204778157
2022-10-06,0.042114514890349
2022-10-07,0.04212682427242468
2022-10-10,0.042142308020842234
2022-10-11,0.04213327637761641
2022-10-12,0.042144137989924
2022-10-13,0.042130167406901266
2022-10-14,0.042105577859400355
2022-10-17,0.04212711430035879
2022-10-18,0.04209618177158965
2022-10-19,0.04194965870307167
2022-10-20,0.0419264254011608
2022-10-21,0.0418756397134084
2022-10-24,0.04191391237509608
2022-10-25,0.041807311240177655
2022-10-26,0.04153228561667236
2022-10-27,0.041744880546075086
2022-10-28,0.04197832209609968
2022-10-31,0.04187441344595171
2022-11-01,0.04182648012284593
2022-11-02,0.041869877049180326
2022-11-03,0.041807084933845495
2022-11-04,0.0416881454297175
2022-11-07,0.04172661255873558
2022-11-08,0.04178534836065574
2022-11-09,0.04174833532525183
2022-11-10,0.041620421753607105
2022-11-11,0.041747075399197336
2022-11-14,0.041839296388011274
2022-11-15,0.04199880464480874
2022-11-16,0.041941126279863475
2022-11-17,0.04203910853044146
2022-11-18,0.04217647561288118
2022-11-21,0.04208596281767013
2022-11-22,0.04206384431546603
2022-11-23,0.04208550217595358
2022-11-24,0.04192681678607984
2022-11-25,0.04192356905229037
2022-11-28,0.04196331058020478
2022-11-29,0.04193207031916709
2022-11-30,0.04202833006229201
2022-12-01,0.04203292953420918
2022-12-02,0.04197900665642601
2022-12-05,0.041923897278389216
2022-12-06,0.04187905151825316
2022-12-07,0.04190988223246287
2022-12-08,0.04193085787451985
2022-12-09,0.042
2022-12-12,0.04205242038760352
2022-12-13,0.04202253905916503
2022-12-14,0.041951739427012275
2022-12-15,0.0419309462915601
2022-12-16,0.0418662572500853
2022-12-19,0.04183927657396349
2022-12-20,0.0418552654036525
2022-12-21,0.041724549876269314
2022-12-22,0.04175998634346193
2022-12-23,0.04189179964160765
2022-12-26,0.041959044368600686
2022-12-27,0.041994880546075086
2022-12-28,0.0421505376344086
2022-12-29,0.04218288833916233
2022-12-30,0.04214468520730251
2023-01-02,0.041978668941979526
2023-01-03,0.04203103683492497
2023-01-04,0.04201877934272301
2023-01-05,0.04199744027303755
2023-01-06,0.04201945226516509
2023-01-09,0.04198276597559935
2023-01-10,0.04206090591145611
2023-01-11,0.04209659527263419
2023-01-12,0.04213535888025945
2023-01-13,0.04212141882673943
2023-01-16,0.04203259663793839
2023-01-17,0.0420503198294243
2023-01-18,0.04208806212134141
2023-01-19,0.04195205187270711
2023-01-20,0.04187153459012198
2023-01-23,0.041879532463100416
2023-01-24,0.04190675433353258
2023-01-25,0.041747846114475816
2023-01-26,0.04156996587030717
2023-01-27,0.04172734248444027
2023-01-30,0.041887807377049176
2023-01-31,0.04193840116031056
2023-02-01,0.04185324232081911
2023-02-02,0.04178251599147122
2023-02-03,0.04170080218467315
2023-02-06,0.04173672094807741
2023-02-07,0.041734493643887045
2023-02-08,0.041733936342691354
2023-02-09,0.04171148100725565
2023-02-10,0.04176064147402542
2023-02-13,0.04175767918088737
2023-02-14,0.04177133105802048
2023-02-15,0.041769722814498936
2023-02-16,0.04178434218389823
2023-02-17,0.04183027718550107
2023-02-20,0.04190069953932776
2023-02-21,0.04194335437638628
2023-02-22,0.04189728715236308
2023-02-23,0.04187670532060027
2023-02-24,0.04196773092026635
2023-02-27,0.042008028698325935
2023-02-28,0.04202253905916503
2023-03-01,0.04197779675491034
2023-03-02,0.04198719590268886
2023-03-03,0.04201468955504313
2023-03-06,0.041967717140661026
2023-03-07,0.041951677623153764
2023-03-08,0.0418907383696116
2023-03-09,0.04188172043010752
2023-03-10,0.042009405728943995
2023-03-13,0.04197165058492016
2023-03-14,0.0419396110542477
2023-03-15,0.04190565554892092
2023-03-16,0.04193275876781296
2023-03-17,0.04200102485267743
2023-03-20,0.04195477815699658
2023-03-21,0.041978162586368675
2023-03-22,0.04188762895387501
2023-03-23,0.041968275626812206
2023-03-24,0.04203891781172655
2023-03-27,0.04210984137813406
2023-03-28,0.042193603411513854
2023-03-29,0.04223151070545082
2023-03-30,0.04223750533959846
2023-03-31,0.042204200102441525
2023-04-03,0.042134860268353135
2023-04-04,0.04206728716591239
2023-04-05,0.042094790777113575
2023-04-06,0.042116271128564114
2023-04-07,0.042140842663020255
2023-04-10,0.04205889884763124
2023-04-11,0.04210310686241038
2023-04-12,0.04210683505418551
2023-04-13,0.042097311139564664
2023-04-14,0.0421284215911998
2023-04-17,0.04211586042146575
2023-04-18,0.04208482676224611
2023-04-19,0.0420719104961995
2023-04-20,0.04207308743169399
2023-04-21,0.04211303679672159
2023-04-24,0.042060430180949133
2023-04-25,0.0420892719979517
2023-04-26,0.04216700819672131
2023-04-27,0.04212462654716175
2023-04-28,0.042057040389377506
2023-05-01,0.042072249871288825
2023-05-02,0.042058698063305186
2023-05-03,0.042030049513402765
2023-05-04,0.04201177373944203
2023-05-05,0.042010920569917246
2023-05-08,0.04195477815699658
2023-05-09,0.041944183664760604
2023-05-10,0.041991124007851835
2023-05-11,0.042034303268196946
2023-05-12,0.042070379227878374
2023-05-15,0.04212853119399164
2023-05-16,0.04219283276450512
2023-05-17,0.042297389523972016
2023-05-18,0.04241764806280936
2023-05-19,0.04247266826101811
2023-05-22,0.04239395749765298
2023-05-23,0.04238887466939681
2023-05-24,0.0423080204778157
2023-05-25,0.04220059752454119
2023-05-26,0.04227676284787434
2023-05-29,0.04230605103695485
2023-05-30,0.042356606350290205
2023-05-31,0.042364288152953226
2023-06-01,0.042361929150661545
2023-06-02,0.04233677562516003
2023-06-05,0.04232206861239119
2023-06-06,0.042296928327645054
2023-06-07,0.04229790866410584
2023-06-08,0.042236729817374974
2023-06-09,0.04227866473149492
2023-06-12,0.04225825723308014
2023-06-13,0.0423190508706043
2023-06-14,0.04225275194129192
2023-06-15,0.04230349065460442
2023-06-16,0.042294494238156205
2023-06-19,0.042304147465437786
2023-06-20,0.04233441447593035
2023-06-21,0.04229246651309615
2023-06-22,0.0423193721743581
2023-06-23,0.04223350687035931
2023-06-26,0.04225057608602885
2023-06-27,0.04230624786616593
2023-06-28,0.04235118285079853
2023-06-29,0.04237233134073442
2023-06-30,0.042337662337662334
2023-07-03,0.04224376494704476
2023-07-04,0.04226511786812436
2023-07-05,0.042250704947449376
2023-07-06,0.042260847283908436
2023-07-07,0.04222174767233279
2023-07-10,0.0422249743764947
2023-07-11,0.042236932012299284
2023-07-12,0.042231334358448655
2023-07-13,0.04215329402717252
2023-07-14,0.04211614005123826
2023-07-17,0.04215145564757108
2023-07-18,0.04214602903501281
2023-07-19,0.04212913143735588
2023-07-20,0.04207888670707761
2023-07-21,0.04212333447215579
2023-07-24,0.041969257045260465
2023-07-25,0.04201878736122972
2023-07-26,0.042029208301306686
2023-07-27,0.042057567475230616
2023-07-28,0.04208162568306011
2023-07-31,0.0420894885150713
2023-08-01,0.042083867110769495
2023-08-02,0.04210930828351836
2023-08-03,0.042250812104633266
2023-08-04,0.04218968755335496
2023-08-07,0.04224451464185094
2023-08-08,0.04223161670509864
2023-08-09,0.042200495260865854
2023-08-10,0.042215195282454494
2023-08-11,0.0421173556542535
2023-08-14,0.04218301435406698
2023-08-15,0.04215609256254803
2023-08-16,0.04211150956284153
2023-08-17,0.042168417456657274
2023-08-18,0.04218587170069189
2023-08-21,0.04213614622480356
2023-08-22,0.042153478037942234
2023-08-23,0.04213943950786056
2023-08-24,0.04215579091219679
2023-08-25,0.04212633376013658
2023-08-28,0.0421609156132559
2023-08-29,0.042193829587214765
2023-08-30,0.04215999316998208
2023-08-31,0.04218576433393147
2023-09-01,0.04227132843221063
2023-09-04,0.04219801811037075
2023-09-05,0.04230007681147051
2023-09-06,0.042341388438220474
2023-09-07,0.04236469182175175
2023-09-08,0.0423369193989071
2023-09-11,0.04234691263130925
2023-09-12,0.04232819552073576
2023-09-13,0.04240478223740393
2023-09-14,0.04244039989746219
2023-09-15,0.04244165170556553
2023-09-18,0.0424292916346236
2023-09-19,0.04241523614313776
2023-09-20,0.04260377358490566
2023-09-21,0.04236543546873667
2023-09-22,0.04236518771331058
2023-09-25,0.0424071068591441
2023-09-26,0.042439128577530974
2023-09-27,0.042450042698548254
2023-09-28,0.042404814751579305
2023-09-29,0.04245961883599692
2023-10-02,0.042462616423139365
2023-10-03,0.04251560495938435
2023-10-04,0.04246369383222279
2023-10-05,0.042236965212214
2023-10-06,0.04239046887009992
2023-10-09,0.04223565469095863
2023-10-10,0.0423812777587974
2023-10-11,0.042387830099991454
2023-10-12,0.04237842919408598
2023-10-13,0.04241903785354183
2023-10-16,0.04227970001704449
2023-10-17,0.04243377200478551
2023-10-18,0.042537888517852555
2023-10-19,0.04248119658119658
2023-10-20,0.04246347090489618
2023-10-23,0.04219881053525913
2023-10-24,0.042371882473522374
2023-10-25,0.04236691446637614
2023-10-26,0.042334925780583524
2023-10-27,0.04243841943209032
2023-10-30,0.0423674096848578
2023-10-31,0.042514349353208254
2023-11-01,0.04233032060027285
2023-11-02,0.04254413024850043
2023-11-03,0.04243889933344727
2023-11-06,0.04242416474408271
2023-11-07,0.04232946793997272
2023-11-08,0.0424141172449154
2023-11-09,0.042433980001709254
2023-11-10,0.042465800273597816
2023-11-13,0.042461328091616096
2023-11-14,0.04245044429254955
2023-11-15,0.042432917450008545
2023-11-16,0.04245192718571062
2023-11-17,0.042438857533778004
2023-11-20,0.042462616423139365
2023-11-21,0.04244146299777816
2023-11-22,0.042527387880862716
2023-11-23,0.04244039989746219
2023-11-24,0.04229923273657289
2023-11-27,0.04242359569745604
2023-11-28,0.0424655894673848
2023-11-29,0.0424985031220597
2023-11-30,0.04244423553542432
2023-12-01,0.042353896103896095
2023-12-04,0.0424064901793339
2023-12-05,0.04240489014277165
2023-12-06,0.042462788708297686
2023-12-07,0.04230041748317288
2023-12-08,0.04232219000511683
2023-12-11,0.04244958988380041
2023-12-12,0.04246176194138255
2023-12-13,0.04240410081161897
2023-12-14,0.04244510892780863
2023-12-15,0.0424246048697138
2023-12-18,0.042434002563007264
2023-12-19,0.04243700350217818
2023-12-20,0.0424382531407572
2023-12-21,0.04243421052631579
2023-12-22,0.042428229665071766
2023-12-25,0.042417122351332874
2023-12-26,0.042429523321373654
2023-12-27,0.04246967367162139
2023-12-28,0.04241986494572186
2023-12-29,0.04244960710625213
2024-01-01,0.04244279371584699
2024-01-02,0.04240307429547396
2024-01-03,0.04241399914639351
2024-01-04,0.04244450136612021
2024-01-05,0.04241782634679416
2024-01-08,0.042470085470085475
2024-01-09,0.04243977447462839
2024-01-10,0.042441920054663476
2024-01-11,0.04244469121038695
2024-01-12,0.042441920054663476
2024-01-15,0.042420180980023904
2024-01-16,0.042480355312606764
2024-01-17,0.04245368394092035
2024-01-18,0.04248334187596104
2024-01-19,0.04246369383222279
2024-01-22,0.042466689443115824
2024-01-23,0.0424850504015035
2024-01-24,0.04250235022647637
2024-01-25,0.042489109080037585
2024-01-26,0.04251517483115329
2024-01-29,0.0424942322481415
2024-01-30,0.042487825715506196
2024-01-31,0.04248205741626794
2024-02-01,0.042465811965811964
2024-02-02,0.042467932272960494
2024-02-05,0.04251132962804617
2024-02-06,0.04249679569341194
2024-02-07,0.04247074899649842
2024-02-08,0.0425017094017094
2024-02-09,0.042494017094017095
2024-02-12,0.04248055389349517
2024-02-13,0.04250683760683761
2024-02-14,0.04249615450350368
2024-02-15,0.04251474484998718
2024-02-16,0.04251880984952121
2024-02-19,0.042487608955734064
2024-02-20,0.04248354841466541
2024-02-21,0.04246667805878332
2024-02-22,0.04248248761318982
2024-02-23,0.04247799709476202
2024-02-26,0.042444045788484534
2024-02-27,0.042387460493721704
2024-02-28,0.04241349850491243
2024-02-29,0.042441671651995555
2024-03-01,0.0423923812777588
2024-03-04,0.04245621529261
2024-03-05,0.042446608576798224
2024-03-06,0.042420153714773694
2024-03-07,0.04242268921920383
2024-03-08,0.04238213187564059
2024-03-11,0.04240498761636348
2024-03-12,0.042400922446190634
2024-03-13,0.04242931579396942
2024-03-14,0.04244233726294208
2024-03-15,0.04243423300307483
2024-03-18,0.04245258841619682
2024-03-19,0.04246775433501324
2024-03-20,0.04245150816030077
2024-03-21,0.04246625662053648
2024-03-22,0.04242931579396942
2024-03-25,0.04243700350217818
2024-03-26,0.04241011187975061
2024-03-27,0.04246304997864161
2024-03-28,0.04243377200478551
2024-03-29,0.04245020090621527
