"Date","Price","Open","High","Low","Vol.","Change.."
2024-08-22,4.4666,4.4617,4.4722,4.4583,NA,"+0.10%"
2024-08-21,4.462,4.4727,4.4823,4.4533,NA,"-0.24%"
2024-08-20,4.4728,4.4907,4.4967,4.4714,NA,"-0.37%"
2024-08-19,4.4894,4.5121,4.5147,4.4889,NA,"-0.45%"
2024-08-16,4.5098,4.5353,4.5359,4.5103,NA,"-0.51%"
2024-08-15,4.5329,4.5189,4.5458,4.5151,NA,"+0.36%"
2024-08-14,4.5165,4.5265,4.531,4.5036,NA,"-0.17%"
2024-08-13,4.5243,4.5528,4.5622,4.5224,NA,"-0.58%"
2024-08-12,4.5507,4.5602,4.5624,4.5482,NA,"-0.14%"
2024-08-09,4.5573,4.5589,4.5638,4.5514,NA,"+0.03%"
2024-08-08,4.5561,4.5567,4.575,4.5454,NA,"+0.04%"
2024-08-07,4.5543,4.553,4.565,4.5494,NA,"+0.07%"
2024-08-06,4.5512,4.5436,4.5659,4.5382,NA,"+0.22%"
2024-08-05,4.5412,4.5606,4.5705,4.5205,NA,"-0.36%"
2024-08-02,4.5576,4.6114,4.6153,4.5525,NA,"-1.09%"
2024-08-01,4.6079,4.5988,4.6189,4.5911,NA,"+0.31%"
2024-07-31,4.5935,4.6009,4.6066,4.5847,NA,"-0.10%"
2024-07-30,4.598,4.5968,4.6095,4.5893,NA,"+0.09%"
2024-07-29,4.5937,4.5781,4.6063,4.573,NA,"+0.37%"
2024-07-26,4.5768,4.5814,4.5844,4.5718,NA,"-0.06%"
2024-07-25,4.5797,4.5856,4.5911,4.5705,NA,"-0.07%"
2024-07-24,4.5831,4.581,4.5939,4.5728,NA,"+0.12%"
2024-07-23,4.5777,4.5651,4.5869,4.562,NA,"+0.34%"
2024-07-22,4.5621,4.567,4.5739,4.5589,NA,"-0.07%"
2024-08-18,4.5113,4.527,4.527,4.511,NA,"+0.03%"
2024-07-19,4.5653,4.5605,4.5717,4.5568,NA,"+0.16%"
2024-07-18,4.558,4.5432,4.5625,4.5411,NA,"+0.38%"
2024-07-17,4.5406,4.558,4.5619,4.5368,NA,"-0.34%"
2024-07-16,4.5561,4.5602,4.5719,4.552,NA,"-0.05%"
2024-07-15,4.5584,4.5562,4.5704,4.5475,NA,"+0.09%"
2024-08-11,4.5609,4.5567,4.5609,4.5567,NA,"+0.08%"
2024-07-12,4.5542,4.5769,4.5816,4.5531,NA,"-0.44%"
2024-07-11,4.5744,4.5926,4.5954,4.5633,NA,"-0.35%"
2024-07-10,4.5905,4.5983,4.6016,4.5905,NA,"-0.13%"
2024-07-09,4.5963,4.5953,4.6026,4.5901,NA,"+0.07%"
2024-07-08,4.5931,4.6,4.6024,4.5856,NA,"+0.17%"
2024-08-04,4.5413,4.5616,4.569,4.5213,NA,"-0.44%"
2024-08-03,4.5612,4.5555,4.5639,4.5555,NA,"+0.08%"
2024-07-28,4.5937,4.5781,4.6063,4.573,NA,"+0.37%"
2024-07-21,4.5621,4.567,4.5739,4.5589,NA,"-0.07%"
2024-07-14,4.5584,4.5562,4.5704,4.5475,NA,"+0.09%"
2024-07-07,4.5931,4.6,4.6024,4.5856,NA,"+0.17%"
2024-07-04,4.5853,4.6029,4.6056,4.5876,NA,"-0.29%"
2024-07-03,4.5985,4.6136,4.6165,4.6004,NA,"-0.29%"
2024-07-02,4.6121,4.6318,4.6375,4.6007,NA,"-0.39%"
2024-07-01,4.63,4.6336,4.6488,4.6294,NA,"-0.02%"
2024-06-30,4.6309,4.6362,4.6434,4.6174,NA,"-0.10%"
2024-06-28,4.6356,4.6503,4.6611,4.6382,"","-0.26%"
2024-06-27,4.6476,4.6602,4.6624,4.6395,"","-0.22%"
2024-06-26,4.6578,4.6438,4.6678,4.6381,"","0.37%"
2024-06-25,4.6408,4.6356,4.6561,4.6312,"","0.16%"
2024-06-24,4.6333,4.653,4.6597,4.6294,"","-0.32%"
2024-06-21,4.6482,4.649,4.6652,4.6402,"","0.02%"
2024-06-20,4.6474,4.6324,4.6513,4.6283,"","0.40%"
2024-06-19,4.6287,4.6326,4.6408,4.6264,"","-0.03%"
2024-06-18,4.6301,4.6361,4.6477,4.6227,"","-0.09%"
2024-06-17,4.6341,4.6507,4.6581,4.6334,"","-0.23%"
2024-06-14,4.6449,4.6354,4.667,4.6307,"","0.27%"
2024-06-13,4.6326,4.6073,4.6384,4.5998,"","0.59%"
2024-06-12,4.6052,4.6347,4.6378,4.5845,"","-0.59%"
2024-06-11,4.6327,4.6237,4.6442,4.6178,"","0.25%"
2024-06-10,4.6211,4.6053,4.6382,4.6053,"","0.40%"
2024-06-07,4.6025,4.5701,4.6084,4.5631,"","0.76%"
2024-06-06,4.5676,4.5781,4.5821,4.5639,"","-0.19%"
2024-06-05,4.5762,4.5722,4.5858,4.5676,"","0.12%"
2024-06-04,4.5705,4.5616,4.5827,4.5557,"","0.23%"
2024-06-03,4.5602,4.5885,4.5977,4.5609,"","-0.52%"
2024-05-31,4.584,4.594,4.6035,4.5717,"","-0.18%"
2024-05-30,4.5923,4.6078,4.6147,4.5867,"","-0.29%"
2024-05-29,4.6055,4.5826,4.6095,4.5794,"","0.57%"
2024-05-28,4.5793,4.5832,4.5855,4.5678,"","-0.02%"
2024-05-27,4.5803,4.5848,4.5915,4.5775,"","-0.06%"
2024-05-24,4.5829,4.6,4.605,4.5816,"","-0.33%"
2024-05-23,4.598,4.5969,4.6084,4.5795,"","0.09%"
2024-05-22,4.594,4.582,4.6005,4.577,"","0.30%"
2024-05-21,4.5802,4.582,4.5891,4.567,"","0.02%"
2024-05-20,4.5791,4.5665,4.5852,4.5586,"","0.09%"
2024-05-17,4.5749,4.5777,4.5929,4.5713,"","-0.03%"
2024-05-16,4.5761,4.5697,4.5851,4.5649,"","0.19%"
2024-05-15,4.5674,4.5995,4.6027,4.5686,"","-0.63%"
2024-05-14,4.5964,4.6123,4.621,4.5944,"","-0.28%"
2024-05-13,4.6093,4.622,4.6252,4.6034,"","-0.16%"
2024-05-10,4.6168,4.614,4.6275,4.6098,"","0.10%"
2024-05-09,4.6124,4.6295,4.6403,4.6109,"","-0.31%"
2024-05-08,4.6266,4.6276,4.6371,4.6239,"","0.06%"
2024-05-07,4.6237,4.6161,4.6311,4.611,"","0.25%"
2024-05-06,4.6121,4.6209,4.625,4.6062,"","-0.14%"
2024-05-03,4.6186,4.6395,4.6423,4.6021,"","-0.40%"
2024-05-02,4.637,4.6449,4.663,4.6365,"","-0.08%"
2024-05-01,4.6409,4.6649,4.6736,4.6398,"","-0.44%"
2024-04-30,4.6615,4.6414,4.6663,4.6333,"","0.47%"
2024-04-29,4.6396,4.6535,4.6563,4.6353,"","-0.22%"
2024-04-26,4.65,4.6379,4.6637,4.6274,"","0.31%"
2024-04-25,4.6358,4.651,4.6613,4.633,"","-0.29%"
2024-04-24,4.6491,4.6498,4.6613,4.6436,"","0.02%"
2024-04-23,4.6482,4.67,4.6783,4.6446,"","-0.40%"
2024-04-22,4.667,4.6669,4.6848,4.6627,"","0.02%"
2024-04-19,4.6662,4.6753,4.69,4.6592,"","-0.16%"
2024-04-18,4.6735,4.6611,4.6771,4.6516,"","0.30%"
2024-04-17,4.6597,4.6855,4.6927,4.6573,"","-0.51%"
2024-04-16,4.6836,4.6832,4.6944,4.6691,"","0.07%"
2024-04-15,4.6805,4.6698,4.6866,4.6542,"","0.25%"
2024-04-12,4.6686,4.6356,4.6822,4.6328,"","0.76%"
2024-04-11,4.6332,4.6262,4.6491,4.6208,"","0.20%"
2024-04-10,4.624,4.5764,4.6331,4.5712,"","1.09%"
2024-04-09,4.5741,4.5752,4.5818,4.5635,"","0.02%"
2024-04-08,4.5732,4.584,4.5925,4.5729,"","-0.12%"
2024-04-05,4.5786,4.5851,4.6047,4.578,"","-0.07%"
2024-04-04,4.5819,4.5858,4.591,4.5675,"","-0.03%"
2024-04-03,4.5832,4.6147,4.6196,4.5844,"","-0.63%"
2024-04-02,4.6124,4.6269,4.6364,4.6092,"","-0.26%"
2024-04-01,4.6244,4.6052,4.6331,4.601,"","0.50%"
2024-03-29,4.6014,4.6058,4.6182,4.5984,"","-0.04%"
2024-03-28,4.6033,4.5927,4.617,4.5908,"","0.27%"
2024-03-27,4.5911,4.5876,4.6016,4.5841,"","0.13%"
2024-03-26,4.5852,4.5868,4.5925,4.5739,"","0.01%"
2024-03-25,4.5848,4.6003,4.6034,4.5829,"","-0.27%"
2024-03-22,4.5971,4.5796,4.6041,4.5745,"","0.43%"
2024-03-21,4.5774,4.5535,4.5823,4.5428,"","0.61%"
2024-03-20,4.5496,4.578,4.5914,4.551,"","-0.57%"
2024-03-19,4.5759,4.5739,4.5919,4.5698,"","0.10%"
2024-03-18,4.5713,4.5648,4.5781,4.5564,"","0.17%"
2024-03-15,4.5634,4.568,4.5741,4.5584,"","-0.06%"
2024-03-14,4.566,4.5402,4.5709,4.535,"","0.61%"
2024-03-13,4.5383,4.5467,4.5498,4.5314,"","-0.12%"
2024-03-12,4.5436,4.5465,4.5573,4.5381,"","-0.02%"
2024-03-11,4.5444,4.5399,4.5515,4.5348,"","0.16%"
2024-03-08,4.537,4.5393,4.5513,4.5244,"","0.00%"
2024-03-07,4.5368,4.5609,4.5749,4.5377,"","-0.48%"
2024-03-06,4.5585,4.5795,4.5872,4.5529,"","-0.41%"
2024-03-05,4.5774,4.5802,4.5876,4.5708,"","-0.02%"
2024-03-04,4.5783,4.5826,4.5894,4.5739,"","-0.04%"
2024-03-01,4.58,4.6007,4.6042,4.5801,"","-0.37%"
2024-02-29,4.5969,4.5848,4.6049,4.5762,"","0.34%"
2024-02-28,4.5815,4.5794,4.6042,4.5771,"","0.12%"
2024-02-27,4.5761,4.5819,4.5855,4.5712,"","-0.08%"
2024-02-26,4.5797,4.5979,4.6022,4.5772,"","-0.34%"
2024-02-23,4.5953,4.5981,4.6032,4.5883,"","0.01%"
2024-02-22,4.5948,4.5999,4.608,4.5679,"","0.00%"
2024-02-21,4.5949,4.6042,4.6131,4.5954,"","-0.14%"
2024-02-20,4.6015,4.6185,4.6259,4.5874,"","-0.26%"
2024-02-19,4.6134,4.6192,4.6267,4.6086,"","-0.05%"
2024-02-16,4.6157,4.6199,4.6395,4.6119,"","-0.05%"
2024-02-15,4.6178,4.6385,4.641,4.6109,"","-0.38%"
2024-02-14,4.6353,4.6467,4.6548,4.632,"","-0.21%"
2024-02-13,4.6449,4.6194,4.6522,4.6061,"","0.66%"
2024-02-12,4.6145,4.6147,4.6272,4.6018,"","0.07%"
2024-02-09,4.6112,4.6133,4.6265,4.6069,"","-0.07%"
2024-02-08,4.6146,4.6191,4.6347,4.6093,"","-0.05%"
2024-02-07,4.6169,4.627,4.6292,4.611,"","-0.17%"
2024-02-06,4.6246,4.6309,4.6419,4.6193,"","-0.09%"
2024-02-05,4.6287,4.6128,4.6406,4.609,"","0.51%"
2024-02-02,4.6052,4.5728,4.6146,4.5613,"","0.75%"
2024-02-01,4.5708,4.5993,4.6162,4.5708,"","-0.57%"
2024-01-31,4.597,4.5884,4.611,4.5691,"","0.24%"
2024-01-30,4.586,4.5942,4.6048,4.5823,"","-0.10%"
2024-01-29,4.5907,4.5824,4.6122,4.5824,"","0.18%"
2024-01-26,4.5826,4.5887,4.6035,4.5718,"","-0.08%"
2024-01-25,4.5862,4.5724,4.6003,4.5642,"","0.36%"
2024-01-24,4.5697,4.5851,4.5891,4.552,"","-0.30%"
2024-01-23,4.5833,4.5732,4.5999,4.5583,"","0.30%"
2024-01-22,4.5694,4.5671,4.5767,4.5619,"","0.17%"
2024-01-19,4.5616,4.5754,4.581,4.5648,"","-0.26%"
2024-01-18,4.5734,4.5722,4.59,4.561,"","0.07%"
2024-01-17,4.57,4.576,4.59,4.5689,"","-0.08%"
2024-01-16,4.5735,4.5421,4.5827,4.5409,"","0.76%"
2024-01-15,4.5388,4.5395,4.5499,4.5334,"","0.01%"
2024-01-12,4.5384,4.5318,4.549,4.5248,"","0.19%"
2024-01-11,4.5296,4.5314,4.5507,4.5226,"","0.01%"
2024-01-10,4.5293,4.5486,4.5531,4.5304,"","-0.36%"
2024-01-09,4.5457,4.5409,4.5585,4.5331,"","0.16%"
2024-01-08,4.5383,4.5467,4.5529,4.5276,"","-0.06%"
2024-01-05,4.5409,4.545,4.5739,4.5217,"","-0.04%"
2024-01-04,4.5427,4.5525,4.5557,4.5311,"","-0.16%"
2024-01-03,4.5498,4.5427,4.5656,4.5335,"","0.24%"
2024-01-02,4.5388,4.5041,4.5462,4.5006,"","0.84%"
2024-01-01,4.501,4.5049,4.5072,4.5029,"","-0.05%"
2023-12-29,4.5034,4.4901,4.5083,4.483,"","0.35%"
2023-12-28,4.4875,4.4805,4.4984,4.4651,"","0.23%"
2023-12-27,4.4774,4.5004,4.5062,4.4718,"","-0.46%"
2023-12-26,4.4981,4.5135,4.5165,4.4989,"","-0.28%"
2023-12-25,4.5109,4.514,4.516,4.5094,"","0.01%"
2023-12-22,4.5103,4.5135,4.5219,4.501,"","-0.03%"
2023-12-21,4.5117,4.5434,4.5455,4.5117,"","-0.62%"
2023-12-20,4.5399,4.5272,4.5483,4.5242,"","0.34%"
2023-12-19,4.5247,4.5507,4.5553,4.5222,"","-0.50%"
2023-12-18,4.5476,4.5619,4.5632,4.5452,"","-0.23%"
2023-12-15,4.5583,4.5229,4.5656,4.5172,"","0.84%"
2023-12-14,4.5202,4.5718,4.5745,4.5149,"","-0.98%"
2023-12-13,4.5649,4.6074,4.6184,4.5605,"","-0.86%"
2023-12-12,4.6046,4.6199,4.622,4.5931,"","-0.25%"
2023-12-11,4.6161,4.6183,4.6295,4.6102,"","0.05%"
2023-12-08,4.6138,4.6031,4.6337,4.5999,"","0.30%"
2023-12-07,4.6001,4.6154,4.6196,4.5921,"","-0.27%"
2023-12-06,4.6124,4.5977,4.6184,4.5952,"","0.38%"
2023-12-05,4.5948,4.5844,4.6066,4.5789,"","0.28%"
2023-12-04,4.582,4.5609,4.5985,4.557,"","0.59%"
2023-12-01,4.5553,4.5654,4.5899,4.5532,"","-0.16%"
2023-11-30,4.5626,4.532,4.5701,4.5259,"","0.72%"
2023-11-29,4.53,4.5237,4.5388,4.5113,"","0.22%"
2023-11-28,4.5199,4.5391,4.5486,4.5148,"","-0.38%"
2023-11-27,4.5371,4.5407,4.5518,4.5331,"","0.03%"
2023-11-24,4.5358,4.5573,4.563,4.5366,"","-0.40%"
2023-11-23,4.5541,4.5665,4.568,4.5469,"","-0.22%"
2023-11-22,4.5641,4.5547,4.582,4.5489,"","0.25%"
2023-11-21,4.5527,4.545,4.5602,4.533,"","0.21%"
2023-11-20,4.5432,4.5556,4.5624,4.5387,"","-0.15%"
2023-11-17,4.5501,4.5812,4.5936,4.5517,"","-0.61%"
2023-11-16,4.5782,4.5798,4.5893,4.5599,"","0.00%"
2023-11-15,4.5782,4.569,4.5896,4.5658,"","0.25%"
2023-11-14,4.567,4.6482,4.6521,4.564,"","-1.68%"
2023-11-13,4.6452,4.6541,4.6635,4.6431,"","-0.11%"
2023-11-10,4.6501,4.6572,4.6639,4.6473,"","-0.11%"
2023-11-09,4.6552,4.6382,4.6623,4.6301,"","0.42%"
2023-11-08,4.6356,4.6426,4.661,4.6333,"","-0.10%"
2023-11-07,4.6401,4.6368,4.6606,4.6321,"","0.16%"
2023-11-06,4.6327,4.6338,4.6386,4.6179,"","0.08%"
2023-11-03,4.6288,4.6771,4.6819,4.6232,"","-0.99%"
2023-11-02,4.675,4.7004,4.7038,4.6571,"","-0.48%"
2023-11-01,4.6977,4.6965,4.726,4.6932,"","0.11%"
2023-10-31,4.6924,4.6763,4.7059,4.6522,"","0.39%"
2023-10-30,4.6743,4.6986,4.7069,4.6709,"","-0.48%"
2023-10-27,4.697,4.7018,4.7151,4.6826,"","-0.05%"
2023-10-26,4.6993,4.6972,4.72,4.6901,"","0.12%"
2023-10-25,4.6939,4.6884,4.6993,4.6789,"","0.18%"
2023-10-24,4.6854,4.6582,4.6925,4.6473,"","0.64%"
2023-10-23,4.6558,4.6951,4.7047,4.6531,"","-0.76%"
2023-10-20,4.6913,4.6995,4.7101,4.6898,"","-0.14%"
2023-10-19,4.6977,4.7183,4.7235,4.6849,"","-0.38%"
2023-10-18,4.7157,4.6976,4.7259,4.6886,"","0.43%"
2023-10-17,4.6956,4.7014,4.7181,4.6881,"","-0.07%"
2023-10-16,4.6989,4.7246,4.7268,4.699,"","-0.53%"
2023-10-13,4.7239,4.7132,4.7322,4.7006,"","0.28%"
2023-10-12,4.7109,4.6761,4.7151,4.6646,"","0.84%"
2023-10-11,4.6716,4.6819,4.6923,4.6681,"","-0.18%"
2023-10-10,4.6798,4.6985,4.7059,4.6739,"","-0.34%"
2023-10-09,4.6957,4.7064,4.7238,4.6946,"","0.15%"
2023-10-06,4.6887,4.7101,4.738,4.6835,"","-0.41%"
2023-10-05,4.7078,4.7356,4.7378,4.7083,"","-0.53%"
2023-10-04,4.7327,4.7535,4.7614,4.7223,"","-0.39%"
2023-10-03,4.7513,4.7476,4.7626,4.7387,"","0.16%"
2023-10-02,4.7436,4.7061,4.7485,4.694,"","0.92%"
2023-09-29,4.7003,4.7077,4.7137,4.6832,"","-0.09%"
2023-09-28,4.7043,4.7377,4.7435,4.7008,"","-0.63%"
2023-09-27,4.7342,4.7029,4.745,4.6986,"","0.73%"
2023-09-26,4.7,4.6904,4.7085,4.6831,"","0.26%"
2023-09-25,4.688,4.6623,4.6992,4.6589,"","0.57%"
2023-09-22,4.6613,4.6621,4.6831,4.6539,"","0.03%"
2023-09-21,4.6599,4.6625,4.6821,4.6557,"","-0.01%"
2023-09-20,4.6605,4.6541,4.6687,4.6272,"","0.19%"
2023-09-19,4.6515,4.6476,4.6582,4.6357,"","0.14%"
2023-09-18,4.645,4.6597,4.6652,4.6417,"","-0.30%"
2023-09-15,4.6592,4.6698,4.675,4.6494,"","-0.18%"
2023-09-14,4.6676,4.6307,4.6766,4.6207,"","0.84%"
2023-09-13,4.6286,4.6245,4.6386,4.6031,"","0.13%"
2023-09-12,4.6225,4.616,4.6466,4.6089,"","0.20%"
2023-09-11,4.6133,4.634,4.639,4.6108,"","-0.46%"
2023-09-08,4.6345,4.6421,4.6437,4.6207,"","-0.10%"
2023-09-07,4.6392,4.6253,4.646,4.6228,"","0.35%"
2023-09-06,4.623,4.6223,4.6367,4.6089,"","0.06%"
2023-09-05,4.6204,4.582,4.6302,4.5792,"","0.93%"
2023-09-04,4.5776,4.5919,4.595,4.5749,"","-0.27%"
2023-09-01,4.5901,4.5566,4.5957,4.5451,"","0.79%"
2023-08-31,4.554,4.523,4.5613,4.517,"","0.74%"
2023-08-30,4.5205,4.5412,4.5529,4.5125,"","-0.40%"
2023-08-29,4.5386,4.5671,4.5831,4.5342,"","-0.54%"
2023-08-28,4.5634,4.5732,4.5764,4.5596,"","-0.13%"
2023-08-25,4.5695,4.5676,4.5892,4.5535,"","0.13%"
2023-08-24,4.5636,4.5459,4.5729,4.5376,"","0.48%"
2023-08-23,4.5419,4.5514,4.5757,4.5395,"","-0.15%"
2023-08-22,4.5489,4.5336,4.5596,4.5077,"","0.42%"
2023-08-21,4.5297,4.5476,4.5508,4.526,"","-0.32%"
2023-08-18,4.5442,4.547,4.5617,4.5361,"","0.05%"
2023-08-17,4.5419,4.5371,4.5546,4.5217,"","0.18%"
2023-08-16,4.5336,4.529,4.5409,4.5141,"","0.13%"
2023-08-15,4.5276,4.5305,4.534,4.5093,"","0.00%"
2023-08-14,4.5278,4.5102,4.5457,4.5071,"","0.49%"
2023-08-11,4.5058,4.5012,4.515,4.4879,"","0.15%"
2023-08-10,4.4991,4.5062,4.5111,4.4678,"","-0.11%"
2023-08-09,4.5039,4.5174,4.5199,4.496,"","-0.23%"
2023-08-08,4.5142,4.4996,4.5307,4.4941,"","0.39%"
2023-08-07,4.4966,4.4887,4.516,4.4879,"","0.18%"
2023-08-04,4.4887,4.5196,4.5309,4.4795,"","-0.61%"
2023-08-03,4.5162,4.5118,4.5331,4.505,"","0.16%"
2023-08-02,4.509,4.49,4.5212,4.4741,"","0.49%"
2023-08-01,4.487,4.4838,4.5051,4.4813,"","0.12%"
2023-07-31,4.4818,4.4794,4.4897,4.4665,"","0.17%"
2023-07-28,4.4744,4.4916,4.5061,4.4633,"","-0.29%"
2023-07-27,4.4875,4.4426,4.4956,4.418,"","1.06%"
2023-07-26,4.4403,4.4556,4.4641,4.434,"","-0.27%"
2023-07-25,4.4524,4.4458,4.4722,4.4339,"","0.22%"
2023-07-24,4.4428,4.4372,4.457,4.4255,"","0.18%"
2023-07-21,4.4347,4.4327,4.4451,4.4244,"","0.13%"
2023-07-20,4.4291,4.4092,4.4414,4.3974,"","0.54%"
2023-07-19,4.4052,4.4015,4.4248,4.3965,"","0.20%"
2023-07-18,4.3963,4.3977,4.4101,4.3787,"","0.06%"
2023-07-17,4.3937,4.3923,4.413,4.3899,"","0.02%"
2023-07-14,4.3928,4.3983,4.4116,4.3891,"","-0.05%"
2023-07-13,4.3952,4.445,4.4475,4.3955,"","-1.06%"
2023-07-12,4.4425,4.4962,4.4999,4.4395,"","-1.13%"
2023-07-11,4.4931,4.4978,4.5118,4.4868,"","-0.04%"
2023-07-10,4.4947,4.5069,4.5251,4.4955,"","-0.28%"
2023-07-07,4.5071,4.5491,4.5602,4.5082,"","-0.83%"
2023-07-06,4.5448,4.561,4.5739,4.5402,"","-0.26%"
2023-07-05,4.5568,4.5526,4.5644,4.5373,"","0.16%"
2023-07-04,4.5494,4.5368,4.5547,4.5345,"","0.31%"
2023-07-03,4.5355,4.5429,4.5599,4.5291,"","-0.14%"
2023-06-30,4.5419,4.5676,4.5823,4.5376,"","-0.55%"
2023-06-29,4.5672,4.5476,4.5733,4.5351,"","0.49%"
2023-06-28,4.5449,4.526,4.5553,4.5216,"","0.49%"
2023-06-27,4.5229,4.543,4.5457,4.5182,"","-0.38%"
2023-06-26,4.5401,4.542,4.5515,4.5358,"","-0.10%"
2023-06-23,4.5445,4.5309,4.5725,4.5275,"","0.36%"
2023-06-22,4.5282,4.5164,4.5354,4.5062,"","0.34%"
2023-06-21,4.513,4.5458,4.5512,4.5146,"","-0.68%"
2023-06-20,4.5441,4.5423,4.5577,4.5317,"","0.11%"
2023-06-19,4.5391,4.536,4.5489,4.529,"","0.19%"
2023-06-16,4.5303,4.5324,4.5441,4.5171,"","0.02%"
2023-06-15,4.5296,4.574,4.5869,4.5278,"","-0.92%"
2023-06-14,4.5717,4.5979,4.6068,4.5605,"","-0.50%"
2023-06-13,4.5947,4.6076,4.6099,4.5851,"","-0.18%"
2023-06-12,4.603,4.6091,4.6146,4.5922,"","-0.11%"
2023-06-09,4.6079,4.5945,4.6139,4.592,"","0.37%"
2023-06-08,4.5908,4.6365,4.6386,4.5917,"","-0.90%"
2023-06-07,4.6323,4.6386,4.6498,4.6167,"","-0.08%"
2023-06-06,4.6359,4.6347,4.6532,4.6206,"","0.13%"
2023-06-05,4.6297,4.6347,4.6523,4.6304,"","-0.08%"
2023-06-02,4.6335,4.6149,4.6378,4.6034,"","0.46%"
2023-06-01,4.6122,4.6471,4.66,4.6107,"","-0.68%"
2023-05-31,4.6439,4.6285,4.6721,4.6254,"","0.40%"
2023-05-30,4.6253,4.6325,4.6515,4.6172,"","-0.11%"
2023-05-29,4.6305,4.6224,4.6346,4.614,"","0.27%"
2023-05-26,4.618,4.6158,4.6348,4.6063,"","0.13%"
2023-05-25,4.6122,4.6177,4.6335,4.607,"","-0.03%"
2023-05-24,4.6134,4.6159,4.6181,4.5918,"","0.00%"
2023-05-23,4.6132,4.5979,4.6209,4.5938,"","0.40%"
2023-05-22,4.5947,4.6042,4.6129,4.5903,"","-0.19%"
2023-05-19,4.6035,4.6176,4.6276,4.5967,"","-0.26%"
2023-05-18,4.6156,4.5771,4.6217,4.5718,"","0.90%"
2023-05-17,4.5743,4.5549,4.59,4.5503,"","0.47%"
2023-05-16,4.553,4.5429,4.5605,4.5342,"","0.28%"
2023-05-15,4.5403,4.5369,4.5496,4.531,"","-0.01%"
2023-05-12,4.5406,4.5164,4.5451,4.5071,"","0.61%"
2023-05-11,4.5131,4.4845,4.5264,4.4771,"","0.72%"
2023-05-10,4.481,4.4881,4.5006,4.4727,"","-0.07%"
2023-05-09,4.4841,4.4726,4.4971,4.4701,"","0.35%"
2023-05-08,4.4685,4.4604,4.4752,4.4531,"","-0.01%"
2023-05-05,4.4691,4.4749,4.4949,4.4594,"","-0.07%"
2023-05-04,4.4721,4.4557,4.4868,4.442,"","0.45%"
2023-05-03,4.4519,4.4823,4.4854,4.4443,"","-0.66%"
2023-05-02,4.4815,4.484,4.5065,4.4758,"","0.31%"
2023-05-01,4.4675,4.4715,4.4722,4.4715,"","-0.04%"
2023-04-28,4.4694,4.4775,4.4992,4.4626,"","-0.13%"
2023-04-27,4.4753,4.4752,4.4957,4.4633,"","0.04%"
2023-04-26,4.4734,4.4988,4.501,4.4514,"","-0.47%"
2023-04-25,4.4947,4.4673,4.5033,4.4564,"","0.71%"
2023-04-24,4.4632,4.4952,4.4998,4.4634,"","-0.59%"
2023-04-21,4.4896,4.4964,4.5148,4.4886,"","-0.10%"
2023-04-20,4.4942,4.5007,4.5115,4.4868,"","-0.07%"
2023-04-19,4.4972,4.499,4.5184,4.4892,"","0.05%"
2023-04-18,4.495,4.5148,4.518,4.4925,"","-0.51%"
2023-04-17,4.518,4.496,4.5255,4.4933,"","0.59%"
2023-04-14,4.4917,4.4697,4.5031,4.4557,"","0.55%"
2023-04-13,4.4671,4.4924,4.5003,4.4607,"","-0.52%"
2023-04-12,4.4904,4.524,4.5264,4.4884,"","-0.67%"
2023-04-11,4.5209,4.5397,4.5419,4.5029,"","-0.36%"
2023-04-10,4.5374,4.5268,4.5551,4.5137,"","0.27%"
2023-04-07,4.525,4.5203,4.5401,4.5181,"","0.19%"
2023-04-06,4.5163,4.5241,4.5379,4.5125,"","-0.07%"
2023-04-05,4.5194,4.5022,4.5314,4.4938,"","0.47%"
2023-04-04,4.4983,4.5301,4.5395,4.4929,"","-0.59%"
2023-04-03,4.5252,4.584,4.5876,4.5215,"","-0.79%"
2023-03-31,4.5611,4.5382,4.5665,4.5289,"","0.57%"
2023-03-30,4.5353,4.5689,4.5773,4.5282,"","-0.67%"
2023-03-29,4.5659,4.5656,4.5841,4.5514,"","0.05%"
2023-03-28,4.5634,4.5762,4.5809,4.5619,"","-0.23%"
2023-03-27,4.5737,4.5742,4.5952,4.5717,"","-0.10%"
2023-03-24,4.5782,4.5454,4.5986,4.5424,"","0.75%"
2023-03-23,4.544,4.5307,4.5492,4.4991,"","0.40%"
2023-03-22,4.526,4.5718,4.576,4.5079,"","-0.96%"
2023-03-21,4.5701,4.5909,4.6007,4.5613,"","-0.37%"
2023-03-20,4.5873,4.5995,4.6329,4.5859,"","-0.51%"
2023-03-17,4.6108,4.6381,4.6403,4.6055,"","-0.50%"
2023-03-16,4.6338,4.6484,4.665,4.6238,"","-0.25%"
2023-03-15,4.6455,4.5841,4.6785,4.5711,"","1.39%"
2023-03-14,4.5816,4.5844,4.61,4.5774,"","0.01%"
2023-03-13,4.5813,4.6177,4.6182,4.576,"","-0.76%"
2023-03-10,4.6162,4.642,4.6487,4.5926,"","-0.51%"
2023-03-09,4.6398,4.656,4.6607,4.6368,"","-0.31%"
2023-03-08,4.6543,4.6627,4.675,4.643,"","-0.07%"
2023-03-07,4.6577,4.6052,4.6645,4.5985,"","1.21%"
2023-03-06,4.602,4.6281,4.633,4.5991,"","-0.54%"
2023-03-03,4.6271,4.6457,4.6527,4.6286,"","-0.32%"
2023-03-02,4.6421,4.6116,4.655,4.6082,"","0.74%"
2023-03-01,4.6082,4.6573,4.6639,4.5979,"","-0.98%"
2023-02-28,4.654,4.6422,4.6592,4.6224,"","0.38%"
2023-02-27,4.6366,4.6663,4.6721,4.6313,"","-0.54%"
2023-02-24,4.6616,4.6395,4.6701,4.6314,"","0.56%"
2023-02-23,4.6355,4.6369,4.6515,4.6234,"","0.06%"
2023-02-22,4.6328,4.6206,4.6392,4.5961,"","0.31%"
2023-02-21,4.6183,4.602,4.6258,4.5984,"","0.44%"
2023-02-20,4.598,4.5934,4.6101,4.5876,"","0.26%"
2023-02-17,4.5863,4.5913,4.6322,4.5865,"","-0.03%"
2023-02-16,4.5877,4.5835,4.6018,4.5687,"","0.13%"
2023-02-15,4.5818,4.5623,4.5968,4.5525,"","0.50%"
2023-02-14,4.5591,4.5693,4.5786,4.5367,"","-0.13%"
2023-02-13,4.5649,4.5894,4.5981,4.565,"","-0.42%"
2023-02-10,4.5843,4.5549,4.5953,4.5496,"","0.72%"
2023-02-09,4.5515,4.5714,4.5722,4.5325,"","-0.34%"
2023-02-08,4.567,4.5651,4.5728,4.5474,"","0.14%"
2023-02-07,4.5606,4.5658,4.5984,4.5497,"","-0.04%"
2023-02-06,4.5623,4.5352,4.5724,4.5301,"","0.77%"
2023-02-03,4.5275,4.492,4.5382,4.4787,"","0.83%"
2023-02-02,4.4904,4.4652,4.5075,4.446,"","0.60%"
2023-02-01,4.4637,4.5278,4.5335,4.4619,"","-1.37%"
2023-01-31,4.5255,4.5277,4.554,4.5212,"","0.03%"
2023-01-30,4.5241,4.5073,4.5322,4.4921,"","0.45%"
2023-01-27,4.5037,4.4769,4.521,4.4718,"","0.66%"
2023-01-26,4.4742,4.4861,4.4939,4.4682,"","-0.21%"
2023-01-25,4.4838,4.5139,4.522,4.4809,"42.06K","-0.61%"
2023-01-24,4.5112,4.5181,4.538,4.5098,"15.28K","-0.09%"
2023-01-23,4.5154,4.5168,4.5378,4.5029,"37.67K","-0.15%"
2023-01-20,4.5224,4.5454,4.5613,4.5243,"41.26K","-0.42%"
2023-01-19,4.5416,4.5735,4.5802,4.5398,"48.31K","-0.63%"
2023-01-18,4.5703,4.5711,4.5835,4.5359,"45.89K","0.00%"
2023-01-17,4.5703,4.5587,4.5785,4.5381,"43.06K","0.35%"
2023-01-16,4.5542,4.5543,4.5796,4.5517,"38.49K","-0.18%"
2023-01-13,4.5622,4.5543,4.5875,4.5462,"45.74K","0.26%"
2023-01-12,4.5505,4.5894,4.6085,4.5468,"45.03K","-0.80%"
2023-01-11,4.587,4.5968,4.6028,4.5794,"43.88K","-0.14%"
2023-01-10,4.5936,4.5898,4.6069,4.5788,"45.28K","0.15%"
2023-01-09,4.5869,4.6143,4.621,4.5753,"44.89K","-0.87%"
2023-01-06,4.6271,4.6821,4.7032,4.6274,"37.95K","-1.10%"
2023-01-05,4.6788,4.6477,4.6864,4.633,"43.92K","0.75%"
2023-01-04,4.6438,4.6756,4.6807,4.6321,"49.73K","-0.61%"
2023-01-03,4.6724,4.616,4.6898,4.6158,"42.20K","1.26%"
2023-01-02,4.6144,4.6193,4.6318,4.6181,"6.62K","-0.04%"
2022-12-30,4.6161,4.6413,4.6532,4.6123,"32.98K","-0.48%"
2022-12-29,4.6385,4.658,4.6611,4.6298,"39.00K","-0.35%"
2022-12-28,4.6547,4.6303,4.662,4.6224,"43.67K","0.61%"
2022-12-27,4.6266,4.6099,4.6427,4.5964,"38.18K","0.06%"
2022-12-26,4.624,4.6258,4.629,4.6252,"0.00K","-0.03%"
2022-12-23,4.6253,4.6217,4.6318,4.6049,"43.92K","0.14%"
2022-12-22,4.6187,4.6148,4.6344,4.5895,"58.91K","0.15%"
2022-12-21,4.6116,4.6198,4.6262,4.5941,"55.14K","-0.13%"
2022-12-20,4.6178,4.6266,4.6414,4.6045,"47.88K","-0.15%"
2022-12-19,4.6246,4.6455,4.6502,4.6122,"40.90K","-0.30%"
2022-12-16,4.6384,4.6312,4.6433,4.6107,"48.21K","0.21%"
2022-12-15,4.6287,4.6062,4.6465,4.5816,"51.04K","0.49%"
2022-12-14,4.606,4.6336,4.6434,4.6013,"42.76K","-0.53%"
2022-12-13,4.6304,4.6779,4.6858,4.6192,"46.07K","-0.96%"
2022-12-12,4.6755,4.6809,4.6922,4.6584,"40.04K","0.10%"
2022-12-09,4.6707,4.6561,4.684,4.6423,"35.71K","0.37%"
2022-12-08,4.6535,4.6804,4.6902,4.6509,"33.43K","-0.46%"
2022-12-07,4.6749,4.694,4.7064,4.6589,"42.69K","-0.32%"
2022-12-06,4.6899,4.6866,4.6993,4.662,"38.58K","0.13%"
2022-12-05,4.6839,4.6581,4.6925,4.6416,"37.76K","0.34%"
2022-12-02,4.668,4.686,4.7295,4.6682,"44.13K","-0.31%"
2022-12-01,4.6827,4.7372,4.7407,4.6798,"37.57K","-1.08%"
2022-11-30,4.7336,4.7618,4.7969,4.7273,"35.05K","-0.51%"
2022-11-29,4.758,4.7601,4.7667,4.7287,"44.59K","0.00%"
2022-11-28,4.7578,4.7393,4.7611,4.6918,"36.70K","0.63%"
2022-11-25,4.7279,4.7271,4.7582,4.7042,"38.73K","0.11%"
2022-11-24,4.7228,4.7436,4.7495,4.7181,"51.05K","-0.46%"
2022-11-23,4.7446,4.7871,4.7989,4.7407,"51.82K","-0.82%"
2022-11-22,4.7837,4.8218,4.825,4.7829,"49.83K","-0.73%"
2022-11-21,4.8189,4.785,4.8341,4.785,"37.49K","0.76%"
2022-11-18,4.7826,4.7568,4.7913,4.7382,"47.77K","0.64%"
2022-11-17,4.7521,4.7334,4.7824,4.727,"56.86K","0.47%"
2022-11-16,4.7301,4.7568,4.7643,4.7111,"60.02K","-0.50%"
2022-11-15,4.7539,4.7497,4.7814,4.6877,"55.20K","0.17%"
2022-11-14,4.7456,4.7449,4.7729,4.7276,"43.29K","0.48%"
2022-11-11,4.7228,4.7795,4.8005,4.7199,"46.95K","-1.11%"
2022-11-10,4.7757,4.8906,4.9261,4.7717,"46.12K","-2.23%"
2022-11-09,4.8845,4.8625,4.8987,4.8376,"42.59K","0.53%"
2022-11-08,4.8589,4.8783,4.9057,4.8518,"40.24K","-0.35%"
2022-11-07,4.8758,4.915,4.9268,4.8709,"35.09K","-0.58%"
2022-11-04,4.9042,5.0264,5.0314,4.9052,"46.26K","-2.36%"
2022-11-03,5.0228,4.9977,5.0389,4.9852,"46.25K","0.55%"
2022-11-02,4.9952,4.9687,5.0018,4.917,"45.67K","0.60%"
2022-11-01,4.9655,4.9666,4.9829,4.9365,"24.78K","-0.01%"
2022-10-31,4.9662,4.9404,4.9752,4.9394,"17.96K","0.59%"
2022-10-28,4.9369,4.9152,4.9569,4.8962,"47.79K","0.52%"
2022-10-27,4.9112,4.8284,4.9174,4.8214,"48.93K","1.78%"
2022-10-26,4.8254,4.9175,4.9311,4.8221,"43.23K","-1.77%"
2022-10-25,4.9125,4.9737,4.9857,4.9098,"46.32K","-1.16%"
2022-10-24,4.9703,4.992,5.0125,4.9638,"39.09K","-0.18%"
2022-10-21,4.9792,5.0264,5.0626,4.9767,"42.77K","-0.89%"
2022-10-20,5.0238,5.0348,5.0451,4.9936,"45.31K","-0.16%"
2022-10-19,5.0317,5.0055,5.0501,4.9971,"44.57K","0.62%"
2022-10-18,5.0007,5.0159,5.032,4.9949,"48.40K","-0.24%"
2022-10-17,5.0126,5.0754,5.08,5.0097,"40.04K","-1.17%"
2022-10-14,5.0718,5.0507,5.0845,5.0336,"53.71K","0.51%"
2022-10-13,5.0461,5.0897,5.1249,5.034,"55.91K","-0.78%"
2022-10-12,5.086,5.0874,5.1102,5.0729,"54.34K","0.06%"
2022-10-11,5.0827,5.0871,5.1056,5.051,"61.05K","-0.08%"
2022-10-10,5.0869,5.0786,5.1045,5.0677,"49.44K","0.39%"
2022-10-07,5.0672,5.0434,5.0821,5.0317,"55.02K","0.52%"
2022-10-06,5.0408,4.9919,5.0469,4.9683,"56.32K","1.06%"
2022-10-05,4.9881,4.9469,5.0213,4.9406,"58.94K","0.92%"
2022-10-04,4.9424,5.036,5.0476,4.9386,"60.64K","-1.77%"
2022-10-03,5.0313,5.0542,5.075,5.0257,"48.56K","-0.30%"
2022-09-30,5.0465,5.0418,5.0847,5.0217,"49.51K","0.14%"
2022-09-29,5.0392,5.0826,5.137,5.0413,"52.42K","-0.78%"
2022-09-28,5.079,5.1603,5.1927,5.0721,"48.81K","-1.48%"
2022-09-27,5.1555,5.1425,5.1698,5.1094,"47.17K","0.32%"
2022-09-26,5.1389,5.0996,5.1484,5.0873,"43.40K","0.84%"
2022-09-23,5.096,5.0244,5.1122,5.0145,"56.76K","1.52%"
2022-09-22,5.0198,5.025,5.0406,4.9879,"57.24K","-0.05%"
2022-09-21,5.0222,4.9566,5.0356,4.9529,"51.64K","1.39%"
2022-09-20,4.9535,4.9202,4.9623,4.9047,"48.75K","0.81%"
2022-09-19,4.9139,4.9127,4.9439,4.9127,"34.08K","0.04%"
2022-09-16,4.912,4.9225,4.9534,4.904,"50.38K","-0.15%"
2022-09-15,4.9194,4.9338,4.9498,4.9135,"54.84K","-0.24%"
2022-09-14,4.9314,4.9373,4.9446,4.9143,"49.62K","-0.06%"
2022-09-13,4.9344,4.8523,4.9399,4.8275,"56.38K","1.77%"
2022-09-12,4.8486,4.8797,4.8878,4.8041,"46.96K","-0.55%"
2022-09-09,4.8755,4.8818,4.8862,4.8273,"46.09K","-0.07%"
2022-09-08,4.879,4.8552,4.914,4.8471,"55.01K","0.60%"
2022-09-07,4.8498,4.891,4.9241,4.8507,"58.04K","-0.78%"
2022-09-06,4.8879,4.859,4.9103,4.8338,"57.94K","0.68%"
2022-09-05,4.8548,4.8371,4.8914,4.8371,"45.80K","0.49%"
2022-09-02,4.8312,4.8665,4.8674,4.7973,"44.81K","-0.66%"
2022-09-01,4.8633,4.8166,4.8742,4.8146,"49.59K","1.02%"
2022-08-31,4.814,4.8577,4.8759,4.8088,"54.39K","-0.89%"
2022-08-30,4.8571,4.867,4.8774,4.838,"51.18K","-0.14%"
2022-08-29,4.8637,4.8878,4.9135,4.8538,"37.06K","-0.40%"
2022-08-26,4.8833,4.8845,4.8993,4.8281,"48.73K","0.05%"
2022-08-25,4.881,4.8776,4.8985,4.8566,"51.45K","0.14%"
2022-08-24,4.8741,4.8634,4.9238,4.8561,"57.50K","0.29%"
2022-08-23,4.8599,4.9092,4.9356,4.8569,"57.35K","-0.94%"
2022-08-22,4.906,4.8646,4.9219,4.8615,"33.25K","0.94%"
2022-08-19,4.8603,4.8349,4.867,4.8325,"47.58K","0.55%"
2022-08-18,4.8338,4.7941,4.8414,4.7873,"54.81K","0.88%"
2022-08-17,4.7918,4.7989,4.814,4.7826,"51.33K","-0.09%"
2022-08-16,4.796,4.7941,4.8278,4.7878,"41.11K","0.85%"
2022-08-15,4.7556,4.7608,4.7618,4.7592,"0.04K","-0.04%"
2022-08-12,4.7575,4.7461,4.7773,4.7419,"56.34K","0.34%"
2022-08-11,4.7414,4.763,4.7786,4.7272,"56.20K","-0.39%"
2022-08-10,4.7602,4.8005,4.8176,4.7324,"54.03K","-0.77%"
2022-08-09,4.7969,4.8059,4.8206,4.7846,"51.44K","-0.13%"
2022-08-08,4.803,4.83,4.8439,4.7937,"44.58K","-0.62%"
2022-08-05,4.8332,4.808,4.8591,4.804,"49.44K","0.59%"
2022-08-04,4.8048,4.8436,4.852,4.8041,"48.95K","-0.73%"
2022-08-03,4.8402,4.8451,4.8665,4.8229,"54.40K","-0.06%"
2022-08-02,4.8429,4.7973,4.8486,4.781,"51.79K","1.02%"
2022-08-01,4.7939,4.8204,4.8288,4.794,"42.36K","-0.47%"
2022-07-29,4.8167,4.8382,4.8636,4.8108,"44.68K","-0.38%"
2022-07-28,4.835,4.8296,4.8812,4.8104,"46.16K","0.11%"
2022-07-27,4.8296,4.8739,4.885,4.8232,"53.15K","-0.85%"
2022-07-26,4.8708,4.8261,4.88,4.8113,"52.19K","1.00%"
2022-07-25,4.8226,4.8351,4.8438,4.8077,"39.07K","-0.08%"
2022-07-22,4.8266,4.8256,4.8746,4.8087,"43.18K","0.09%"
2022-07-21,4.8222,4.8517,4.8643,4.805,"44.57K","-0.47%"
2022-07-20,4.8451,4.8314,4.8629,4.8099,"47.65K","0.35%"
2022-07-19,4.828,4.869,4.8797,4.8085,"50.12K","-0.77%"
2022-07-18,4.8655,4.8973,4.9016,4.8396,"39.48K","-0.56%"
2022-07-15,4.893,4.9329,4.9398,4.8914,"49.06K","-0.73%"
2022-07-14,4.9288,4.9096,4.9675,4.9076,"49.12K","0.43%"
2022-07-13,4.9078,4.9238,4.9434,4.8805,"42.17K","-0.28%"
2022-07-12,4.9215,4.9219,4.9434,4.9065,"37.62K","0.09%"
2022-07-11,4.9171,4.8687,4.9255,4.8674,"36.23K","1.41%"
2022-07-08,4.8488,4.8659,4.9093,4.8489,"45.52K","-0.27%"
2022-07-07,4.8617,4.8544,4.8751,4.8352,"50.37K","0.23%"
2022-07-06,4.8507,4.8162,4.8662,4.8112,"41.24K","0.78%"
2022-07-05,4.8131,4.7438,4.8311,4.7309,"53.50K","1.55%"
2022-07-04,4.7398,4.7419,4.748,4.7244,"41.02K","-0.01%"
2022-07-01,4.7402,4.7169,4.7737,4.7137,"35.05K","0.59%"
2022-06-30,4.7123,4.7335,4.7663,4.714,"42.99K","-0.39%"
2022-06-29,4.7309,4.7007,4.7372,4.6908,"41.18K","0.74%"
2022-06-28,4.6963,4.6723,4.7083,4.6609,"46.30K","0.58%"
2022-06-27,4.6692,4.6842,4.6869,4.6571,"48.64K","-0.24%"
2022-06-24,4.6805,4.7007,4.7069,4.6776,"37.01K","-0.37%"
2022-06-23,4.698,4.6811,4.7205,4.6738,"36.99K","0.48%"
2022-06-22,4.6757,4.6978,4.7266,4.6627,"39.81K","-0.36%"
2022-06-21,4.6928,4.7045,4.7073,4.6733,"48.57K","-0.22%"
2022-06-20,4.7031,4.6969,4.7117,4.6873,"41.04K","-0.11%"
2022-06-17,4.7085,4.6863,4.7345,4.6811,"41.67K","0.56%"
2022-06-16,4.6825,4.7305,4.7652,4.6653,"41.53K","-0.96%"
2022-06-15,4.7277,4.7449,4.7666,4.7056,"34.21K","-0.31%"
2022-06-14,4.7423,4.7473,4.7549,4.714,"30.88K","-0.04%"
2022-06-13,4.744,4.6991,4.754,4.6982,"10.64K","1.03%"
2022-06-10,4.6958,4.6564,4.7078,4.6431,"39.15K","0.90%"
2022-06-09,4.6537,4.6132,4.6598,4.5894,"39.39K","0.95%"
2022-06-08,4.6098,4.62,4.6357,4.5979,"36.75K","-0.12%"
2022-06-07,4.6155,4.6217,4.6421,4.6135,"35.62K","-0.05%"
2022-06-06,4.6177,4.6066,4.6261,4.5948,"19.29K","0.21%"
2022-06-03,4.6078,4.5969,4.6192,4.5905,"31.88K","0.29%"
2022-06-02,4.5944,4.6389,4.6415,4.5958,"40.38K","-0.87%"
2022-06-01,4.6349,4.6041,4.6508,4.6019,"28.45K","0.70%"
2022-05-31,4.6026,4.5866,4.6286,4.5858,"37.21K","0.42%"
2022-05-30,4.5834,4.594,4.6052,4.583,"27.60K","-0.39%"
2022-05-27,4.6013,4.6061,4.6227,4.5901,"35.73K","0.01%"
2022-05-26,4.6008,4.6255,4.6371,4.603,"36.81K","-0.50%"
2022-05-25,4.6237,4.6041,4.6441,4.6021,"42.74K","0.48%"
2022-05-24,4.6014,4.6259,4.641,4.598,"42.93K","-0.50%"
2022-05-23,4.6243,4.6845,4.6845,4.6231,"35.56K","-1.22%"
2022-05-20,4.6813,4.6719,4.6975,4.6669,"43.65K","0.21%"
2022-05-19,4.6717,4.7267,4.7304,4.6632,"47.96K","-1.16%"
2022-05-18,4.7264,4.6891,4.7305,4.6824,"44.62K","0.83%"
2022-05-17,4.6877,4.7414,4.7456,4.6865,"49.52K","-1.06%"
2022-05-16,4.7379,4.7491,4.7628,4.7361,"41.46K","-0.18%"
2022-05-13,4.7463,4.7659,4.779,4.746,"50.56K","-0.35%"
2022-05-12,4.763,4.7063,4.7814,4.6975,"54.30K","1.26%"
2022-05-11,4.7037,4.6979,4.7109,4.6765,"49.41K","0.19%"
2022-05-10,4.695,4.6833,4.7012,4.6704,"54.21K","0.31%"
2022-05-09,4.6807,4.6893,4.7155,4.669,"41.70K","-0.17%"
2022-05-06,4.6888,4.6934,4.7222,4.668,"46.25K","-0.06%"
2022-05-05,4.6917,4.6554,4.7169,4.6483,"50.88K","0.83%"
2022-05-04,4.6533,4.7025,4.7106,4.6515,"50.57K","-0.97%"
2022-05-03,4.6987,4.7082,4.7167,4.6761,"47.16K","-0.12%"
2022-05-02,4.7045,4.7043,4.7164,4.6815,"41.25K","0.35%"
2022-04-29,4.6883,4.7126,4.7178,4.6714,"39.12K","-0.47%"
2022-04-28,4.7104,4.6865,4.7268,4.6825,"51.77K","0.57%"
2022-04-27,4.6837,4.6491,4.7068,4.6398,"47.99K","0.81%"
2022-04-26,4.6461,4.6167,4.6503,4.6059,"35.96K","0.71%"
2022-04-25,4.6134,4.5778,4.6237,4.5767,"6.29K","0.85%"
2022-04-22,4.5746,4.563,4.5901,4.555,"25.32K","0.32%"
2022-04-21,4.5602,4.5552,4.5676,4.5172,"44.38K","0.20%"
2022-04-20,4.5512,4.5806,4.5826,4.5469,"45.23K","-0.60%"
2022-04-19,4.5785,4.5807,4.5903,4.5684,"43.10K","0.03%"
2022-04-18,4.5772,4.5786,4.5861,4.5672,"19.09K","0.22%"
2022-04-15,4.5671,4.562,4.5784,4.5608,"16.61K","0.15%"
2022-04-14,4.5602,4.5389,4.5985,4.5229,"39.12K","0.58%"
2022-04-13,4.5339,4.5624,4.5731,4.5354,"43.13K","-0.55%"
2022-04-12,4.5591,4.5385,4.5648,4.5311,"41.41K","0.51%"
2022-04-11,4.5358,4.5407,4.5469,4.518,"38.46K","-0.10%"
2022-04-08,4.5402,4.543,4.5612,4.536,"41.54K","0.03%"
2022-04-07,4.539,4.5353,4.5496,4.5172,"38.56K","0.19%"
2022-04-06,4.5302,4.5314,4.5491,4.518,"43.49K","0.02%"
2022-04-05,4.5294,4.5046,4.5361,4.4964,"40.38K","0.60%"
2022-04-04,4.5024,4.4742,4.5094,4.471,"33.20K","0.66%"
2022-04-01,4.473,4.4651,4.4853,4.4618,"42.13K","0.25%"
2022-03-31,4.462,4.4337,4.4721,4.4233,"47.36K","0.71%"
2022-03-30,4.4306,4.4616,4.4637,4.4275,"45.89K","-0.63%"
2022-03-29,4.4589,4.5056,4.511,4.44,"50.02K","-0.92%"
2022-03-28,4.5002,4.52,4.5234,4.4974,"41.92K","-0.07%"
2022-03-25,4.5033,4.4999,4.5068,4.4822,"29.75K","0.19%"
2022-03-24,4.4949,4.4962,4.5141,4.4901,"44.04K","0.05%"
2022-03-23,4.4926,4.4809,4.5134,4.4756,"44.93K","0.34%"
2022-03-22,4.4775,4.4899,4.5155,4.4753,"43.07K","-0.21%"
2022-03-21,4.4871,4.4806,4.4936,4.468,"32.08K","0.30%"
2022-03-18,4.4738,4.4599,4.4994,4.4489,"41.70K","0.38%"
2022-03-17,4.457,4.4804,4.491,4.4413,"47.41K","-0.44%"
2022-03-16,4.4765,4.5157,4.5192,4.4741,"45.03K","-0.82%"
2022-03-15,4.5135,4.523,4.5289,4.4893,"30.44K","-0.15%"
2022-03-14,4.5203,4.5368,4.5409,4.5009,"27.58K","-0.26%"
2022-03-11,4.5322,4.5055,4.5399,4.48,"48.10K","0.69%"
2022-03-10,4.5011,4.4663,4.5088,4.4488,"50.86K","0.81%"
2022-03-09,4.4648,4.5395,4.545,4.4599,"53.48K","-1.64%"
2022-03-08,4.5394,4.5592,4.5631,4.5156,"47.45K","-0.36%"
2022-03-07,4.5556,4.5323,4.5819,4.5268,"40.67K","0.69%"
2022-03-04,4.5244,4.4721,4.5482,4.4689,"41.77K","1.22%"
2022-03-03,4.4699,4.4475,4.4861,4.4468,"45.44K","0.54%"
2022-03-02,4.4461,4.4464,4.4771,4.4384,"50.45K","0.02%"
2022-03-01,4.445,4.411,4.4618,4.4036,"48.39K","0.85%"
2022-02-28,4.4075,4.4321,4.4372,4.3995,"41.57K","0.47%"
2022-02-25,4.387,4.4219,4.433,4.388,"40.99K","-0.74%"
2022-02-24,4.4197,4.3746,4.4563,4.3726,"43.85K","1.10%"
2022-02-23,4.3715,4.3667,4.3773,4.3535,"39.28K","0.22%"
2022-02-22,4.3618,4.3703,4.3812,4.3499,"41.65K","-0.19%"
2022-02-21,4.3699,4.3513,4.3742,4.3416,"38.74K","0.15%"
2022-02-18,4.3634,4.3495,4.3703,4.3441,"29.97K","0.38%"
2022-02-17,4.3469,4.3453,4.3642,4.3395,"31.40K","0.10%"
2022-02-16,4.3425,4.3463,4.3546,4.3343,"39.84K","-0.08%"
2022-02-15,4.3458,4.374,4.3756,4.3417,"41.87K","-0.55%"
2022-02-14,4.3697,4.3578,4.384,4.3558,"39.56K","0.34%"
2022-02-11,4.3549,4.3249,4.3668,4.3236,"40.97K","0.72%"
2022-02-10,4.3237,4.3262,4.3478,4.2998,"40.97K","-0.02%"
2022-02-09,4.3244,4.3307,4.3381,4.3177,"40.36K","-0.06%"
2022-02-08,4.327,4.3218,4.3412,4.3191,"44.97K","0.16%"
2022-02-07,4.3202,4.3229,4.3341,4.315,"38.70K","0.05%"
2022-02-04,4.318,4.3239,4.3357,4.3067,"41.05K","-0.07%"
2022-02-03,4.321,4.3747,4.3901,4.3189,"45.97K","-1.17%"
2022-02-02,4.372,4.3874,4.3913,4.3643,"46.50K","-0.30%"
2022-02-01,4.3852,4.4036,4.4093,4.384,"49.96K","-0.35%"
2022-01-31,4.4006,4.4303,4.4402,4.3953,"42.83K","-0.74%"
2022-01-28,4.4336,4.4384,4.449,4.4259,"44.43K","-0.06%"
2022-01-27,4.4363,4.3985,4.4448,4.3963,"47.57K","0.91%"
2022-01-26,4.3961,4.3762,4.4016,4.3712,"40.12K","0.51%"
2022-01-25,4.3737,4.3623,4.3919,4.3611,"41.48K","0.30%"
2022-01-24,4.3605,4.3678,4.3793,4.3604,"16.33K","0.08%"
2022-01-21,4.357,4.3717,4.3759,4.3524,"36.88K","-0.27%"
2022-01-20,4.369,4.3594,4.3753,4.3482,"37.91K","0.28%"
2022-01-19,4.3569,4.3654,4.3684,4.3535,"40.49K","-0.14%"
2022-01-18,4.3628,4.334,4.3699,4.3287,"47.70K","0.73%"
2022-01-17,4.331,4.3283,4.3417,4.3223,"34.57K","0.07%"
2022-01-14,4.3279,4.3155,4.3372,4.305,"30.90K","0.35%"
2022-01-13,4.3129,4.3207,4.324,4.3048,"32.97K","-0.11%"
2022-01-12,4.3175,4.3502,4.3564,4.3156,"34.00K","-0.67%"
2022-01-11,4.3465,4.3665,4.3723,4.3467,"33.38K","-0.38%"
2022-01-10,4.3629,4.3506,4.3828,4.3506,"28.62K","0.31%"
2022-01-07,4.3496,4.3758,4.3802,4.3505,"32.32K","-0.51%"
2022-01-06,4.3718,4.3716,4.3849,4.3612,"41.46K","0.05%"
2022-01-05,4.3695,4.3834,4.3876,4.3588,"39.66K","-0.26%"
2022-01-04,4.3807,4.3799,4.3911,4.3685,"41.73K","0.07%"
2022-01-03,4.3778,4.3642,4.3869,4.3517,"34.59K","0.68%"
2021-12-31,4.3481,4.3705,4.3805,4.346,"29.05K","-0.44%"
2021-12-30,4.3671,4.3615,4.3824,4.3568,"36.95K","0.19%"
2021-12-29,4.3589,4.3772,4.3922,4.3535,"39.07K","-0.37%"
2021-12-28,4.3753,4.3691,4.3862,4.3659,"41.89K","0.19%"
2021-12-27,4.3669,4.3733,4.3804,4.3654,"35.07K","-0.06%"
2021-12-24,4.3694,4.3685,4.3797,4.3622,"16.02K","0.06%"
2021-12-23,4.3667,4.3698,4.3854,4.3628,"31.72K","-0.01%"
2021-12-22,4.3671,4.3856,4.3949,4.363,"35.44K","-0.32%"
2021-12-21,4.3813,4.3881,4.3967,4.3777,"34.07K","-0.13%"
2021-12-20,4.3868,4.4013,4.4026,4.3766,"29.27K","-0.33%"
2021-12-17,4.4012,4.3687,4.4056,4.3601,"43.54K","0.82%"
2021-12-16,4.3655,4.3847,4.3881,4.3559,"40.85K","-0.34%"
2021-12-15,4.3805,4.396,4.411,4.3804,"35.35K","-0.29%"
2021-12-14,4.3932,4.3859,4.399,4.3697,"44.48K","0.24%"
2021-12-13,4.3827,4.3739,4.3963,4.3724,"37.62K","0.27%"
2021-12-10,4.3711,4.3824,4.3947,4.3699,"37.33K","-0.20%"
2021-12-09,4.3799,4.363,4.3893,4.3611,"33.75K","0.42%"
2021-12-08,4.3615,4.3917,4.3936,4.3578,"35.79K","-0.57%"
2021-12-07,4.3865,4.3847,4.4087,4.378,"34.99K","0.11%"
2021-12-06,4.3816,4.3858,4.3928,4.3738,"31.51K","0.25%"
2021-12-03,4.3708,4.3802,4.3944,4.3662,"41.98K","-0.16%"
2021-12-02,4.3776,4.3713,4.3828,4.3597,"38.12K","0.20%"
2021-12-01,4.369,4.365,4.3783,4.3561,"10.97K","0.18%"
2021-11-30,4.361,4.3841,4.4003,4.3485,"21.38K","-0.45%"
2021-11-29,4.3807,4.3739,4.3977,4.3739,"36.18K","0.25%"
2021-11-26,4.3698,4.4152,4.4166,4.3685,"48.20K","-0.96%"
2021-11-25,4.4122,4.4187,4.4203,4.406,"46.54K","-0.10%"
2021-11-24,4.4165,4.3999,4.4253,4.3962,"46.39K","0.46%"
2021-11-23,4.3964,4.405,4.4094,4.3889,"39.74K","-0.15%"
2021-11-22,4.4028,4.3847,4.4078,4.3825,"34.67K","0.36%"
2021-11-19,4.3869,4.3527,4.4005,4.3509,"44.98K","0.87%"
2021-11-18,4.349,4.3721,4.3758,4.3502,"43.07K","-0.47%"
2021-11-17,4.3696,4.372,4.393,4.366,"42.46K","0.02%"
2021-11-16,4.3688,4.354,4.3762,4.347,"42.43K","0.39%"
2021-11-15,4.3519,4.3201,4.3585,4.3159,"36.37K","0.72%"
2021-11-12,4.3208,4.3189,4.3288,4.3136,"42.24K","0.10%"
2021-11-11,4.3165,4.3111,4.3224,4.3073,"40.88K","0.17%"
2021-11-10,4.3091,4.2685,4.3131,4.2674,"35.95K","1.01%"
2021-11-09,4.2661,4.2707,4.2786,4.2618,"35.24K","-0.04%"
2021-11-08,4.2677,4.2819,4.2857,4.2668,"38.00K","-0.20%"
2021-11-05,4.2762,4.2838,4.3006,4.2755,"39.34K","-0.13%"
2021-11-04,4.2817,4.262,4.2949,4.2595,"43.55K","0.52%"
2021-11-03,4.2595,4.2754,4.282,4.261,"44.11K","-0.29%"
2021-11-02,4.2721,4.263,4.2772,4.2596,"40.46K","0.26%"
2021-11-01,4.2609,4.2813,4.2874,4.2625,"14.94K","-0.37%"
2021-10-29,4.2766,4.2372,4.2907,4.2329,"30.18K","1.03%"
2021-10-28,4.2332,4.2645,4.275,4.2323,"36.99K","-0.70%"
2021-10-27,4.2631,4.2659,4.2728,4.2537,"39.94K","0.07%"
2021-10-26,4.2602,4.2624,4.2708,4.2541,"36.97K","0.03%"
2021-10-25,4.2589,4.2483,4.2695,4.2397,"31.77K","0.33%"
2021-10-22,4.2449,4.2556,4.2578,4.2432,"39.48K","-0.19%"
2021-10-21,4.2529,4.2442,4.2575,4.2387,"42.13K","0.27%"
2021-10-20,4.2416,4.2535,4.2611,4.2409,"43.94K","-0.22%"
2021-10-19,4.2508,4.2621,4.2632,4.24,"45.44K","-0.23%"
2021-10-18,4.2604,4.2636,4.2762,4.2565,"42.96K","-0.08%"
2021-10-15,4.264,4.2678,4.2719,4.2588,"45.10K","-0.03%"
2021-10-14,4.2654,4.2694,4.2737,4.2566,"48.70K","0.00%"
2021-10-13,4.2655,4.2936,4.2947,4.2676,"52.23K","-0.59%"
2021-10-12,4.291,4.2845,4.2962,4.2764,"50.50K","0.21%"
2021-10-11,4.282,4.2776,4.2863,4.2693,"45.38K","0.20%"
2021-10-08,4.2736,4.2832,4.2888,4.2705,"47.32K","-0.16%"
2021-10-07,4.2804,4.2792,4.2852,4.2724,"54.32K","0.06%"
2021-10-06,4.2777,4.2632,4.2934,4.2605,"58.08K","0.39%"
2021-10-05,4.261,4.2616,4.2746,4.2566,"47.45K","0.00%"
2021-10-04,4.261,4.2656,4.2674,4.2495,"46.86K","-0.04%"
2021-10-01,4.2625,4.2724,4.2805,4.2594,"43.79K","-0.17%"
2021-09-30,4.2697,4.2646,4.2809,4.2594,"45.00K","0.18%"
2021-09-29,4.2621,4.2378,4.2691,4.2337,"38.79K","0.66%"
2021-09-28,4.2341,4.2313,4.2432,4.2276,"42.15K","0.13%"
2021-09-27,4.2288,4.2188,4.2369,4.2183,"34.66K","0.19%"
2021-09-24,4.2208,4.2175,4.2319,4.2133,"35.85K","0.15%"
2021-09-23,4.2144,4.2355,4.2374,4.2112,"40.25K","-0.45%"
2021-09-22,4.2334,4.2201,4.237,4.2113,"38.85K","0.37%"
2021-09-21,4.2177,4.2201,4.2253,4.2111,"40.35K","0.00%"
2021-09-20,4.2176,4.2179,4.2313,4.2158,"34.20K","0.06%"
2021-09-17,4.215,4.2057,4.2196,4.1969,"33.60K","0.30%"
2021-09-16,4.2022,4.1872,4.2125,4.1852,"39.37K","0.42%"
2021-09-15,4.1848,4.1921,4.1944,4.1809,"37.51K","-0.12%"
2021-09-14,4.1897,4.189,4.1951,4.1764,"42.67K","0.08%"
2021-09-13,4.1863,4.1855,4.2028,4.1855,"35.76K","0.08%"
2021-09-10,4.1829,4.1809,4.1859,4.1701,"33.80K","0.08%"
2021-09-09,4.1796,4.1849,4.1905,4.1757,"36.89K","-0.15%"
2021-09-08,4.1859,4.1807,4.1943,4.1761,"35.51K","0.16%"
2021-09-07,4.1791,4.1685,4.1831,4.1618,"41.71K","0.32%"
2021-09-06,4.1657,4.1621,4.1742,4.1591,"36.52K","0.17%"
2021-09-03,4.1587,4.1594,4.1687,4.1515,"32.23K","0.07%"
2021-09-02,4.1559,4.168,4.1737,4.1582,"39.36K","-0.24%"
2021-09-01,4.1661,4.1786,4.1855,4.1617,"44.29K","-0.25%"
2021-08-31,4.1765,4.1838,4.185,4.1658,"44.20K","-0.10%"
2021-08-30,4.1808,4.1857,4.1898,4.1783,"36.48K","-0.02%"
2021-08-27,4.1815,4.1981,4.207,4.1805,"35.34K","-0.34%"
2021-08-26,4.1958,4.1866,4.2004,4.1852,"38.73K","0.29%"
2021-08-25,4.1838,4.1947,4.2048,4.1849,"39.32K","-0.16%"
2021-08-24,4.1907,4.1971,4.2038,4.1892,"38.10K","-0.07%"
2021-08-23,4.1935,4.2186,4.2186,4.1942,"37.67K","-0.52%"
2021-08-20,4.2155,4.2244,4.2316,4.2155,"30.84K","-0.14%"
2021-08-19,4.2213,4.2042,4.2241,4.2022,"49.31K","0.46%"
2021-08-18,4.2018,4.2055,4.2123,4.1935,"57.25K","-0.03%"
2021-08-17,4.2029,4.1745,4.2073,4.1736,"56.52K","0.72%"
2021-08-16,4.1727,4.1644,4.1784,4.1618,"45.51K","0.28%"
2021-08-13,4.1609,4.1872,4.189,4.1593,"52.73K","-0.56%"
2021-08-12,4.1843,4.186,4.1919,4.1811,"47.96K","0.03%"
2021-08-11,4.1832,4.1946,4.2003,4.1803,"48.08K","-0.21%"
2021-08-10,4.1921,4.1863,4.1996,4.1828,"60.35K","0.20%"
2021-08-09,4.1836,4.1779,4.1876,4.1733,"43.62K","0.21%"
2021-08-06,4.1747,4.1527,4.1796,4.1495,"33.62K","0.59%"
2021-08-05,4.1502,4.1548,4.1587,4.1451,"45.41K","-0.06%"
2021-08-04,4.1525,4.146,4.1574,4.1322,"47.22K","0.23%"
2021-08-03,4.1429,4.1439,4.1497,4.1336,"50.09K","0.01%"
2021-08-02,4.1423,4.1427,4.1456,4.1321,"34.38K","0.08%"
2021-07-30,4.1389,4.1392,4.1505,4.1311,"31.61K","0.07%"
2021-07-29,4.1358,4.1543,4.1568,4.1361,"44.66K","-0.38%"
2021-07-28,4.1515,4.1618,4.1797,4.1516,"39.09K","-0.19%"
2021-07-27,4.1593,4.1663,4.1806,4.1525,"43.34K","-0.11%"
2021-07-26,4.1638,4.1801,4.1845,4.1603,"43.01K","-0.36%"
2021-07-23,4.179,4.1824,4.189,4.1753,"50.17K","-0.02%"
2021-07-22,4.1799,4.1753,4.1874,4.1604,"55.62K","0.17%"
2021-07-21,4.1728,4.1806,4.1927,4.1707,"64.43K","-0.12%"
2021-07-20,4.1779,4.1749,4.1913,4.1716,"61.69K","0.13%"
2021-07-19,4.1723,4.173,4.1896,4.166,"46.92K","0.01%"
2021-07-16,4.172,4.1727,4.1803,4.1667,"39.49K","0.05%"
2021-07-15,4.17,4.1639,4.1786,4.158,"36.60K","0.21%"
2021-07-14,4.1614,4.1852,4.1869,4.1631,"30.46K","-0.51%"
2021-07-13,4.1826,4.1552,4.1866,4.1481,"31.18K","0.74%"
2021-07-12,4.152,4.1509,4.1646,4.1462,"26.91K","0.14%"
2021-07-09,4.1464,4.1608,4.1703,4.147,"31.69K","-0.26%"
2021-07-08,4.1572,4.179,4.1818,4.1513,"34.42K","-0.45%"
2021-07-07,4.1761,4.1675,4.1834,4.162,"33.93K","0.29%"
2021-07-06,4.1641,4.1525,4.1725,4.1402,"37.24K","0.34%"
2021-07-05,4.1498,4.1556,4.1582,4.1458,"31.50K","-0.06%"
2021-07-02,4.1523,4.1585,4.1745,4.1497,"31.96K","-0.07%"
2021-07-01,4.1552,4.1555,4.164,4.1448,"34.70K","0.06%"
2021-06-30,4.1526,4.1418,4.16,4.1367,"37.20K","0.32%"
2021-06-29,4.1394,4.1314,4.1501,4.1297,"37.24K","0.23%"
2021-06-28,4.1299,4.1295,4.1401,4.1231,"30.87K","0.08%"
2021-06-25,4.1267,4.1273,4.1335,4.1153,"29.82K","0.05%"
2021-06-24,4.1247,4.1301,4.1329,4.1171,"33.06K","-0.05%"
2021-06-23,4.1269,4.1252,4.1358,4.1141,"42.35K","0.10%"
2021-06-22,4.1226,4.1361,4.147,4.1201,"45.12K","-0.26%"
2021-06-21,4.1333,4.1525,4.1581,4.1295,"17.86K","-0.44%"
2021-06-18,4.1516,4.1354,4.1589,4.1291,"50.74K","0.44%"
2021-06-17,4.1336,4.1048,4.1412,4.1001,"55.32K","0.76%"
2021-06-16,4.1026,4.0595,4.1055,4.0569,"53.95K","1.11%"
2021-06-15,4.0576,4.0614,4.0695,4.0512,"54.43K","0.00%"
2021-06-14,4.0574,4.0634,4.0678,4.056,"41.79K","-0.05%"
2021-06-11,4.0595,4.0436,4.0669,4.0343,"48.62K","0.49%"
2021-06-10,4.0396,4.0415,4.0539,4.0358,"60.63K","0.02%"
2021-06-09,4.0389,4.0444,4.0454,4.0283,"61.43K","-0.07%"
2021-06-08,4.0417,4.0388,4.0479,4.0361,"55.53K","0.14%"
2021-06-07,4.036,4.046,4.0546,4.0347,"44.42K","-0.18%"
2021-06-04,4.0434,4.0595,4.0689,4.0395,"44.87K","-0.32%"
2021-06-03,4.0565,4.0306,4.0622,4.0279,"59.39K","0.71%"
2021-06-02,4.028,4.0293,4.0469,4.023,"50.28K","0.06%"
2021-06-01,4.0254,4.0223,4.0302,4.0143,"48.24K","0.15%"
2021-05-31,4.0195,4.0319,4.039,4.019,"45.77K","-0.30%"
2021-05-28,4.0316,4.0313,4.0561,4.0301,"54.00K","0.06%"
2021-05-27,4.0293,4.0332,4.0389,4.0245,"68.05K","-0.03%"
2021-05-26,4.0305,4.0193,4.0368,4.0142,"72.26K","0.33%"
2021-05-25,4.0173,4.0332,4.0344,4.0142,"69.85K","-0.32%"
2021-05-24,4.03,4.045,4.0478,4.0273,"34.80K","-0.30%"
2021-05-21,4.0423,4.0295,4.0515,4.025,"37.80K","0.36%"
2021-05-20,4.0279,4.0476,4.0497,4.029,"37.34K","-0.42%"
2021-05-19,4.0448,4.0308,4.0528,4.0219,"44.24K","0.41%"
2021-05-18,4.0284,4.0533,4.0555,4.0266,"41.14K","-0.59%"
2021-05-17,4.0522,4.0615,4.0621,4.0471,"35.87K","0.00%"
2021-05-14,4.0524,4.0789,4.0822,4.0528,"33.05K","-0.61%"
2021-05-13,4.0772,4.0814,4.0901,4.0693,"38.84K","-0.06%"
2021-05-12,4.0798,4.056,4.0847,4.0545,"34.83K","0.64%"
2021-05-11,4.0538,4.062,4.0644,4.044,"38.62K","-0.14%"
2021-05-10,4.0596,4.05,4.0625,4.0441,"35.70K","0.30%"
2021-05-07,4.0476,4.083,4.089,4.0463,"35.42K","-0.82%"
2021-05-06,4.0809,4.1035,4.1072,4.0798,"44.13K","-0.49%"
2021-05-05,4.101,4.1016,4.112,4.0971,"45.66K","0.04%"
2021-05-04,4.0995,4.0844,4.1062,4.0835,"31.15K","0.40%"
2021-05-03,4.0833,4.0978,4.1006,4.0798,"14.43K","-0.29%"
2021-04-30,4.095,4.0649,4.1007,4.0624,"22.69K","0.80%"
2021-04-29,4.0626,4.064,4.0711,4.055,"38.48K","0.03%"
2021-04-28,4.0614,4.0759,4.0889,4.0609,"42.77K","-0.30%"
2021-04-27,4.0738,4.0739,4.0867,4.0718,"42.94K","0.07%"
2021-04-26,4.071,4.0657,4.0827,4.0618,"41.77K","0.11%"
2021-04-23,4.0667,4.1005,4.102,4.0676,"53.29K","-0.76%"
2021-04-22,4.0977,4.0926,4.1079,4.0816,"58.13K","0.19%"
2021-04-21,4.0901,4.0943,4.1066,4.0903,"55.31K","-0.04%"
2021-04-20,4.0917,4.092,4.0991,4.0781,"54.60K","0.06%"
2021-04-19,4.0894,4.1266,4.1266,4.0875,"45.47K","-0.47%"
2021-04-16,4.1087,4.1164,4.1226,4.1059,"48.34K","-0.13%"
2021-04-15,4.114,4.1123,4.1207,4.1057,"55.99K","0.11%"
2021-04-14,4.1096,4.1195,4.1234,4.1089,"61.51K","-0.17%"
2021-04-13,4.1166,4.1311,4.1437,4.1161,"73.35K","-0.31%"
2021-04-12,4.1292,4.1372,4.1473,4.1274,"57.40K","-0.09%"
2021-04-09,4.133,4.13,4.1472,4.127,"41.92K","0.12%"
2021-04-08,4.128,4.1432,4.1512,4.1252,"44.18K","-0.33%"
2021-04-07,4.1417,4.139,4.1476,4.1279,"46.00K","0.13%"
2021-04-06,4.1362,4.1579,4.1691,4.1345,"51.65K","-0.51%"
2021-04-05,4.1573,4.1818,4.1894,4.156,"26.58K","-0.53%"
2021-04-02,4.1794,4.1712,4.183,4.1651,"25.95K","0.27%"
2021-04-01,4.1681,4.1953,4.2016,4.1695,"67.70K","-0.56%"
2021-03-31,4.1916,4.2004,4.2064,4.182,"72.09K","-0.13%"
2021-03-30,4.1972,4.1757,4.2036,4.1679,"52.49K","0.58%"
2021-03-29,4.1732,4.1466,4.1772,4.1442,"36.62K","0.82%"
2021-03-26,4.1392,4.1518,4.1532,4.1388,"58.05K","-0.26%"
2021-03-25,4.1501,4.1372,4.154,4.131,"56.82K","0.37%"
2021-03-24,4.1348,4.1247,4.1405,4.1235,"55.56K","0.28%"
2021-03-23,4.1233,4.0971,4.1288,4.0931,"40.61K","0.70%"
2021-03-22,4.0946,4.1038,4.1151,4.091,"37.29K","-0.16%"
2021-03-19,4.1011,4.1003,4.115,4.0915,"36.88K","0.09%"
2021-03-18,4.0973,4.0782,4.1047,4.0746,"39.64K","0.51%"
2021-03-17,4.0765,4.1038,4.1116,4.0761,"32.93K","-0.62%"
2021-03-16,4.102,4.0947,4.1122,4.0872,"54.73K","0.24%"
2021-03-15,4.092,4.0938,4.1019,4.0904,"23.94K","0.21%"
2021-03-12,4.0833,4.0735,4.103,4.0722,"36.56K","0.28%"
2021-03-11,4.0717,4.0971,4.1018,4.0713,"41.98K","-0.58%"
2021-03-10,4.0956,4.1051,4.1177,4.0956,"41.26K","-0.13%"
2021-03-09,4.101,4.1249,4.1293,4.0982,"38.08K","-0.53%"
2021-03-08,4.123,4.0982,4.1267,4.0981,"37.47K","0.67%"
2021-03-05,4.0955,4.0777,4.1045,4.0736,"31.76K","0.52%"
2021-03-04,4.0744,4.0424,4.0801,4.0395,"35.71K","0.85%"
2021-03-03,4.04,4.0317,4.051,4.0257,"40.15K","0.24%"
2021-03-02,4.0304,4.0452,4.0674,4.0307,"38.58K","-0.31%"
2021-03-01,4.043,4.0384,4.0546,4.0289,"35.84K","0.18%"
2021-02-26,4.0356,4.0024,4.042,4.0002,"37.62K","0.84%"
2021-02-25,4.0019,4.0065,4.0114,3.9806,"49.19K","-0.01%"
2021-02-24,4.0022,4.012,4.0274,4.0026,"43.52K","-0.20%"
2021-02-23,4.0102,4.011,4.0191,4.0026,"62.58K","0.05%"
2021-02-22,4.0082,4.0228,4.0338,4.0055,"56.64K","-0.32%"
2021-02-19,4.0212,4.0325,4.0357,4.0129,"58.00K","-0.21%"
2021-02-18,4.0297,4.0498,4.0511,4.0305,"68.58K","-0.43%"
2021-02-17,4.0469,4.0271,4.0552,4.0251,"72.59K","0.55%"
2021-02-16,4.0247,4.0192,4.032,4.0054,"73.89K","0.21%"
2021-02-15,4.0164,4.0226,4.024,4.0128,"59.80K","-0.07%"
2021-02-12,4.0191,4.0183,4.0358,4.0168,"30.41K","0.06%"
2021-02-11,4.0168,4.0224,4.0245,4.0117,"57.70K","-0.08%"
2021-02-10,4.02,4.0228,4.0265,4.0134,"58.14K","0.00%"
2021-02-09,4.02,4.0451,4.0476,4.0209,"58.29K","-0.57%"
2021-02-08,4.043,4.0478,4.0572,4.0399,"58.73K","-0.05%"
2021-02-05,4.045,4.0753,4.0793,4.0443,"58.41K","-0.69%"
2021-02-04,4.0733,4.0497,4.0778,4.0447,"68.44K","0.61%"
2021-02-03,4.0488,4.0424,4.0617,4.0402,"81.05K","0.21%"
2021-02-02,4.0402,4.0427,4.0543,4.0308,"83.29K","-0.02%"
2021-02-01,4.0409,4.0148,4.0451,4.0138,"71.59K","0.68%"
2021-01-29,4.0135,4.0233,4.0336,4.0096,"43.63K","-0.19%"
2021-01-28,4.0212,4.0273,4.0382,4.0159,"78.87K","-0.08%"
2021-01-27,4.0245,4.0094,4.0458,4.0055,"85.06K","0.43%"
2021-01-26,4.0071,4.0151,4.0268,4.0032,"72.48K","-0.13%"
2021-01-25,4.0125,4.0064,4.0242,4.0002,"70.14K","0.21%"
2021-01-22,4.0039,4.007,4.0133,3.9987,"35.05K","0.00%"
2021-01-21,4.0038,4.0275,4.0275,4.0038,"36.15K","-0.49%"
2021-01-20,4.0234,4.019,4.0369,4.0079,"35.86K","0.17%"
2021-01-19,4.0166,4.0356,4.0375,4.013,"44.47K","-0.40%"
2021-01-18,4.0329,4.0328,4.0446,4.0315,"35.19K","-0.02%"
2021-01-15,4.0338,4.0094,4.0374,4.0065,"40.75K","0.65%"
2021-01-14,4.0076,4.0072,4.0256,4.0011,"44.76K","0.06%"
2021-01-13,4.0051,3.9911,4.0136,3.9852,"41.13K","0.40%"
2021-01-12,3.9892,4.0089,4.0153,3.9904,"41.49K","-0.41%"
2021-01-11,4.0056,3.9846,4.0156,3.9827,"34.67K","0.57%"
2021-01-08,3.9829,3.9682,3.9936,3.9584,"35.23K","0.44%"
2021-01-07,3.9655,3.9525,3.9785,3.9455,"42.18K","0.43%"
2021-01-06,3.9486,3.9616,3.9715,3.943,"43.47K","-0.26%"
2021-01-05,3.959,3.9757,3.9771,3.9575,"39.76K","-0.36%"
2021-01-04,3.9734,3.9789,3.9792,3.9562,"38.42K","-0.24%"
2021-01-01,3.9831,3.9825,3.9831,3.9825,"","0.08%"
2020-12-31,3.9801,3.9583,3.9862,3.9544,"54.59K","0.62%"
2020-12-30,3.9554,3.9803,3.9811,3.9529,"63.79K","-0.56%"
2020-12-29,3.9776,3.9905,3.9935,3.9709,"61.00K","-0.26%"
2020-12-28,3.9879,3.9972,4.0002,3.9773,"51.57K","-0.32%"
2020-12-25,4.0007,3.9987,4.0058,3.9924,"4.58K","0.12%"
2020-12-24,3.9958,3.9965,4.0031,3.9865,"31.84K","0.02%"
2020-12-23,3.995,4.0027,4.0068,3.9862,"65.66K","-0.12%"
2020-12-22,3.9996,3.9724,4.0068,3.9679,"88.74K","0.75%"
2020-12-21,3.9698,3.9753,4.0143,3.9685,"75.24K","-0.02%"
2020-12-18,3.9705,3.9685,3.9829,3.9667,"44.06K","0.12%"
2020-12-17,3.9658,3.9901,3.9936,3.9665,"46.24K","-0.57%"
2020-12-16,3.9886,4.0064,4.0166,3.9869,"47.91K","-0.37%"
2020-12-15,4.0034,4.0075,4.0173,4.0003,"53.69K","-0.07%"
2020-12-14,4.0062,4.014,4.0195,3.9994,"46.04K","-0.30%"
2020-12-11,4.0182,4.0118,4.0241,4.0023,"59.25K","0.23%"
2020-12-10,4.0088,4.0285,4.0318,4.0047,"64.91K","-0.42%"
2020-12-09,4.0258,4.0248,4.0363,4.0089,"75.25K","0.08%"
2020-12-08,4.0224,4.0245,4.0306,4.0152,"80.44K","0.03%"
2020-12-07,4.0211,4.0177,4.0353,4.005,"57.45K","0.14%"
2020-12-04,4.0154,4.0131,4.0217,4.0005,"61.98K","0.16%"
2020-12-03,4.009,4.0202,4.0285,4.0016,"79.32K","-0.22%"
2020-12-02,4.0179,4.0365,4.048,4.0187,"60.62K","-0.37%"
2020-12-01,4.033,4.0865,4.0865,4.0345,"17.33K","-1.27%"
2020-11-30,4.085,4.0759,4.0885,4.0578,"13.86K","0.34%"
2020-11-27,4.071,4.0902,4.0927,4.0732,"33.62K","-0.42%"
2020-11-26,4.0881,4.0882,4.102,4.0796,"31.39K","0.05%"
2020-11-25,4.0861,4.0964,4.1031,4.0833,"34.87K","-0.19%"
2020-11-24,4.094,4.1158,4.1175,4.0952,"34.52K","-0.46%"
2020-11-23,4.1128,4.107,4.1304,4.0928,"28.71K","0.23%"
2020-11-20,4.1035,4.1032,4.1134,4.0973,"34.32K","0.07%"
2020-11-19,4.1007,4.1113,4.1252,4.1006,"34.39K","-0.19%"
2020-11-18,4.1085,4.1073,4.113,4.0967,"35.33K","0.08%"
2020-11-17,4.1052,4.1095,4.1147,4.0965,"36.59K","-0.07%"
2020-11-16,4.108,4.1073,4.1252,4.1012,"29.38K","-0.07%"
2020-11-13,4.1109,4.122,4.1265,4.1124,"37.20K","-0.23%"
2020-11-12,4.1202,4.1318,4.1389,4.1173,"45.07K","-0.21%"
2020-11-11,4.129,4.1187,4.1448,4.1123,"39.74K","0.30%"
2020-11-10,4.1166,4.1164,4.1332,4.1061,"44.62K","0.07%"
2020-11-09,4.1137,4.0969,4.1236,4.0805,"38.79K","0.43%"
2020-11-06,4.0962,4.1132,4.1248,4.0916,"44.39K","-0.36%"
2020-11-05,4.1111,4.1507,4.1553,4.1016,"47.91K","-0.88%"
2020-11-04,4.1475,4.152,4.1923,4.1329,"50.79K","-0.05%"
2020-11-03,4.1496,4.18,4.1821,4.143,"48.07K","-0.65%"
2020-11-02,4.1768,4.1739,4.187,4.1732,"40.61K","0.12%"
2020-10-30,4.1717,4.1755,4.1825,4.1618,"45.94K","-0.03%"
2020-10-29,4.1729,4.1511,4.184,4.1463,"42.22K","0.60%"
2020-10-28,4.1482,4.1333,4.1625,4.1315,"42.82K","0.42%"
2020-10-27,4.1308,4.1262,4.1346,4.1168,"38.66K","0.15%"
2020-10-26,4.1246,4.117,4.13,4.1114,"44.05K","0.52%"
2020-10-23,4.1033,4.123,4.1351,4.1045,"36.45K","-0.41%"
2020-10-22,4.1201,4.11,4.1271,4.1068,"59.79K","0.31%"
2020-10-21,4.1072,4.1239,4.1245,4.1024,"58.86K","-0.33%"
2020-10-20,4.121,4.1437,4.1463,4.1173,"56.96K","-0.46%"
2020-10-19,4.1402,4.1602,4.1683,4.1333,"47.96K","-0.44%"
2020-10-16,4.1585,4.1646,4.1708,4.1509,"68.34K","-0.08%"
2020-10-15,4.1618,4.1508,4.172,4.1461,"67.56K","0.32%"
2020-10-14,4.1484,4.151,4.1596,4.1399,"58.76K","0.01%"
2020-10-13,4.1479,4.1244,4.1564,4.1231,"63.14K","0.63%"
2020-10-12,4.1219,4.1167,4.1353,4.1167,"48.70K","0.18%"
2020-10-09,4.1146,4.1424,4.1448,4.1161,"51.09K","-0.61%"
2020-10-08,4.14,4.1442,4.1554,4.1359,"62.85K","-0.03%"
2020-10-07,4.1413,4.154,4.1575,4.1368,"72.88K","-0.24%"
2020-10-06,4.1512,4.1377,4.1551,4.1287,"65.41K","0.38%"
2020-10-05,4.1353,4.156,4.1586,4.1314,"45.66K","-0.44%"
2020-10-02,4.1534,4.149,4.1712,4.1482,"57.98K","0.14%"
2020-10-01,4.1476,4.1585,4.16,4.1403,"62.21K","-0.17%"
2020-09-30,4.1546,4.1466,4.1723,4.142,"62.22K","0.23%"
2020-09-29,4.145,4.1775,4.1796,4.1434,"64.74K","-0.69%"
2020-09-28,4.174,4.1855,4.1972,4.173,"46.90K","-0.21%"
2020-09-25,4.1829,4.1796,4.2003,4.1722,"58.92K","0.14%"
2020-09-24,4.177,4.1771,4.1946,4.1691,"60.41K","0.07%"
2020-09-23,4.1742,4.1519,4.1806,4.1498,"44.30K","0.60%"
2020-09-22,4.1494,4.1275,4.1579,4.1262,"41.41K","0.59%"
2020-09-21,4.125,4.0944,4.143,4.0914,"37.94K","0.62%"
2020-09-18,4.0994,4.1003,4.1079,4.0917,"33.74K","0.03%"
2020-09-17,4.098,4.1109,4.1387,4.0989,"37.34K","-0.27%"
2020-09-16,4.109,4.1002,4.1219,4.0883,"33.36K","0.25%"
2020-09-15,4.0986,4.0923,4.1039,4.0802,"35.54K","0.23%"
2020-09-14,4.0892,4.102,4.1056,4.0843,"38.18K","-0.19%"
2020-09-11,4.0971,4.1122,4.1129,4.0895,"27.88K","-0.32%"
2020-09-10,4.1102,4.1148,4.1167,4.0761,"36.20K","-0.05%"
2020-09-09,4.1122,4.1256,4.1352,4.1059,"40.29K","-0.21%"
2020-09-08,4.121,4.1073,4.1298,4.0995,"28.59K","0.36%"
2020-09-07,4.1062,4.1046,4.1115,4.0964,"27.52K","0.20%"
2020-09-04,4.0979,4.0912,4.12,4.0865,"34.91K","0.24%"
2020-09-03,4.088,4.0858,4.1098,4.0845,"35.98K","0.12%"
2020-09-02,4.0831,4.064,4.0981,4.0578,"36.72K","0.53%"
2020-09-01,4.0615,4.0535,4.0676,4.0293,"31.63K","0.26%"
2020-08-31,4.0508,4.0677,4.0728,4.0434,"29.06K","-0.30%"
2020-08-28,4.0628,4.0939,4.0981,4.0584,"36.68K","-0.74%"
2020-08-27,4.093,4.0907,4.1154,4.0675,"33.80K","0.10%"
2020-08-26,4.0891,4.0893,4.1132,4.087,"34.54K","0.03%"
2020-08-25,4.0877,4.1053,4.1069,4.086,"31.92K","-0.37%"
2020-08-24,4.1029,4.1048,4.1085,4.0832,"28.33K","0.04%"
2020-08-21,4.1012,4.08,4.1199,4.0711,"34.64K","0.61%"
2020-08-20,4.0765,4.089,4.1003,4.0778,"33.09K","-0.23%"
2020-08-19,4.0861,4.0542,4.0926,4.047,"29.01K","0.87%"
2020-08-18,4.051,4.0711,4.0739,4.0417,"30.21K","-0.44%"
2020-08-17,4.0691,4.0837,4.0869,4.068,"36.05K","-0.28%"
2020-08-14,4.0804,4.0909,4.1051,4.0792,"45.04K","-0.20%"
2020-08-13,4.0887,4.1027,4.1045,4.074,"38.33K","-0.29%"
2020-08-12,4.1004,4.1171,4.1285,4.0914,"27.16K","-0.37%"
2020-08-11,4.1155,4.1191,4.1243,4.0946,"48.22K","-0.01%"
2020-08-10,4.1158,4.1026,4.1199,4.0975,"35.51K","0.31%"
2020-08-07,4.103,4.0723,4.1176,4.0701,"40.68K","0.81%"
2020-08-06,4.0699,4.0733,4.0931,4.057,"48.80K","-0.02%"
2020-08-05,4.0708,4.0953,4.0987,4.0599,"47.50K","-0.52%"
2020-08-04,4.0922,4.1073,4.1255,4.0932,"42.38K","-0.34%"
2020-08-03,4.1062,4.1027,4.1349,4.1006,"27.96K","0.15%"
2020-07-31,4.1,4.077,4.1073,4.0564,"33.27K","0.63%"
2020-07-30,4.0742,4.0994,4.1195,4.076,"34.37K","-0.56%"
2020-07-29,4.0972,4.1248,4.1269,4.0943,"33.34K","-0.61%"
2020-07-28,4.1223,4.1098,4.1327,4.0975,"28.64K","0.38%"
2020-07-27,4.1067,4.1262,4.1331,4.0988,"24.29K","-0.84%"
2020-07-24,4.1415,4.1683,4.1746,4.1431,"30.74K","-0.57%"
2020-07-23,4.1654,4.1786,4.1904,4.1564,"37.45K","-0.27%"
2020-07-22,4.1765,4.199,4.2077,4.1708,"37.29K","-0.48%"
2020-07-21,4.1967,4.2289,4.2386,4.1943,"30.12K","-0.70%"
2020-07-20,4.2263,4.2322,4.2459,4.222,"21.83K","-0.07%"
2020-07-17,4.2291,4.2544,4.2576,4.2265,"23.93K","-0.54%"
2020-07-16,4.2519,4.2445,4.2596,4.2322,"23.76K","0.25%"
2020-07-15,4.2413,4.2488,4.2523,4.2287,"31.44K","-0.12%"
2020-07-14,4.2463,4.2698,4.2773,4.2445,"32.14K","-0.51%"
2020-07-13,4.2679,4.2735,4.2879,4.2573,"26.25K","-0.34%"
2020-07-10,4.2823,4.2875,4.3018,4.2748,"31.23K","-0.06%"
2020-07-09,4.285,4.2723,4.2897,4.2535,"32.13K","0.36%"
2020-07-08,4.2695,4.2921,4.2979,4.2635,"33.51K","-0.45%"
2020-07-07,4.2886,4.2785,4.2989,4.2687,"32.15K","0.29%"
2020-07-06,4.2764,4.2885,4.2887,4.2632,"28.90K","-0.51%"
2020-07-03,4.2984,4.3011,4.3126,4.2966,"35.35K","0.01%"
2020-07-02,4.298,4.3054,4.3101,4.2744,"29.57K","-0.13%"
2020-07-01,4.3038,4.3081,4.3233,4.2874,"33.85K","0.00%"
2020-06-30,4.3039,4.3086,4.327,4.2963,"31.82K","-0.05%"
2020-06-29,4.306,4.3016,4.317,4.2901,"26.62K","-0.17%"
2020-06-26,4.3134,4.3142,4.3257,4.3064,"36.38K","0.03%"
2020-06-25,4.312,4.3024,4.3281,4.2973,"32.49K","0.28%"
2020-06-24,4.2998,4.2824,4.3027,4.2746,"35.26K","0.47%"
2020-06-23,4.2796,4.2997,4.3108,4.2677,"44.94K","-0.45%"
2020-06-22,4.299,4.324,4.3281,4.2958,"32.06K","-0.68%"
2020-06-19,4.3286,4.3196,4.3361,4.303,"40.22K","0.25%"
2020-06-18,4.3178,4.301,4.3274,4.2944,"49.51K","0.42%"
2020-06-17,4.2997,4.294,4.3168,4.2792,"49.19K","0.22%"
2020-06-16,4.2903,4.2704,4.308,4.258,"49.15K","0.53%"
2020-06-15,4.2676,4.2965,4.307,4.2656,"34.64K","-0.57%"
2020-06-12,4.2921,4.2796,4.312,4.2652,"36.32K","0.37%"
2020-06-11,4.2763,4.2497,4.2839,4.2389,"43.82K","0.73%"
2020-06-10,4.2453,4.2578,4.2682,4.2329,"36.33K","-0.25%"
2020-06-09,4.256,4.2795,4.3042,4.2515,"27.99K","-0.30%"
2020-06-08,4.269,4.2775,4.2918,4.2696,"4.94K","-0.30%"
2020-06-05,4.2817,4.2674,4.2906,4.2484,"40.63K","0.42%"
2020-06-04,4.2639,4.294,4.3229,4.2565,"55.72K","-0.63%"
2020-06-03,4.291,4.3235,4.3274,4.2875,"40.83K","-0.76%"
2020-06-02,4.3237,4.3548,4.3594,4.3222,"24.82K","-0.84%"
2020-06-01,4.3605,4.364,4.3645,4.3637,"0.01K","0.00%"
2020-05-29,4.3606,4.3711,4.3751,4.3465,"41.99K","-0.17%"
2020-05-28,4.368,4.4008,4.4074,4.3649,"44.60K","-0.65%"
2020-05-27,4.3965,4.4106,4.43,4.3907,"39.50K","-0.24%"
2020-05-26,4.407,4.4411,4.4452,4.4029,"38.41K","-0.73%"
2020-05-25,4.4394,4.4461,4.4552,4.4356,"29.58K","0.01%"
2020-05-22,4.4389,4.4215,4.45,4.4175,"30.87K","0.49%"
2020-05-21,4.4174,4.4123,4.4269,4.3981,"33.13K","0.20%"
2020-05-20,4.4088,4.4321,4.4338,4.401,"33.94K","-0.44%"
2020-05-19,4.4284,4.4351,4.4392,4.4106,"35.82K","-0.07%"
2020-05-18,4.4315,4.4742,4.4819,4.4292,"31.59K","-0.88%"
2020-05-15,4.471,4.4798,4.4872,4.4611,"31.07K","-0.15%"
2020-05-14,4.4775,4.4689,4.4921,4.4592,"29.18K","0.24%"
2020-05-13,4.4667,4.4531,4.473,4.4376,"36.54K","0.37%"
2020-05-12,4.4502,4.4667,4.4752,4.4377,"39.40K","-0.32%"
2020-05-11,4.4643,4.4523,4.4713,4.4507,"29.64K","0.31%"
2020-05-08,4.4506,4.4556,4.4669,4.4394,"35.17K","-0.03%"
2020-05-07,4.4521,4.4688,4.4833,4.4544,"37.75K","-0.30%"
2020-05-06,4.4655,4.4523,4.4777,4.4468,"36.57K","0.39%"
2020-05-05,4.448,4.4266,4.4619,4.42,"39.47K","0.52%"
2020-05-04,4.4248,4.4047,4.4341,4.4044,"35.03K","0.52%"
2020-05-01,4.4019,4.4191,4.427,4.3895,"11.11K","-0.29%"
2020-04-30,4.4148,4.4529,4.4714,4.3974,"35.41K","-0.80%"
2020-04-29,4.4503,4.4768,4.479,4.4485,"42.03K","-0.52%"
2020-04-28,4.4737,4.4704,4.4801,4.4479,"40.11K","0.14%"
2020-04-27,4.4673,4.4673,4.4762,4.4526,"33.70K","-0.01%"
2020-04-24,4.4679,4.4925,4.5143,4.4663,"44.68K","-0.48%"
2020-04-23,4.4893,4.4731,4.5026,4.4641,"50.74K","0.43%"
2020-04-22,4.47,4.4569,4.4833,4.4449,"47.59K","0.37%"
2020-04-21,4.4537,4.4505,4.4724,4.4461,"46.49K","0.13%"
2020-04-20,4.4478,4.4492,4.46,4.439,"14.00K","0.10%"
2020-04-17,4.4434,4.464,4.4756,4.4391,"54.00K","-0.40%"
2020-04-16,4.4611,4.4297,4.4732,4.4279,"49.54K","0.78%"
2020-04-15,4.4267,4.4009,4.4573,4.3947,"37.54K","0.65%"
2020-04-14,4.3983,4.4268,4.4306,4.3979,"33.58K","-0.62%"
2020-04-13,4.4258,4.4175,4.4351,4.4033,"27.37K","0.22%"
2020-04-10,4.4162,4.4226,4.425,4.4087,"27.54K","-0.07%"
2020-04-09,4.4191,4.4516,4.459,4.412,"35.11K","-0.68%"
2020-04-08,4.4493,4.4383,4.4634,4.4301,"31.21K","0.32%"
2020-04-07,4.4351,4.4766,4.4808,4.422,"42.46K","-0.87%"
2020-04-06,4.4739,4.468,4.4865,4.4589,"38.69K","0.12%"
2020-04-03,4.4684,4.4504,4.4847,4.4474,"35.26K","0.43%"
2020-04-02,4.4493,4.4012,4.4683,4.3991,"38.71K","1.04%"
2020-04-01,4.4036,4.3814,4.4335,4.3765,"31.28K","0.60%"
2020-03-31,4.3772,4.3724,4.4189,4.3682,"34.17K","0.13%"
2020-03-30,4.3715,4.3471,4.3872,4.3455,"35.88K","0.77%"
2020-03-27,4.3381,4.383,4.4163,4.3384,"34.41K","-0.95%"
2020-03-26,4.3796,4.4422,4.4464,4.3716,"33.54K","-1.35%"
2020-03-25,4.4395,4.4854,4.4965,4.437,"33.17K","-0.94%"
2020-03-24,4.4815,4.522,4.524,4.4502,"30.76K","-0.87%"
2020-03-23,4.5207,4.5486,4.5662,4.4781,"30.15K","-0.22%"
2020-03-20,4.5308,4.5347,4.5591,4.4701,"37.36K","-0.02%"
2020-03-19,4.5315,4.4579,4.5486,4.4371,"34.27K","1.73%"
2020-03-18,4.4545,4.4096,4.4975,4.3902,"37.25K","1.09%"
2020-03-17,4.4066,4.3268,4.4264,4.3255,"34.55K","1.91%"
2020-03-16,4.3242,4.3611,4.3613,4.2947,"30.63K","-0.43%"
2020-03-13,4.3428,4.3141,4.3646,4.297,"38.48K","0.74%"
2020-03-12,4.3107,4.2766,4.3636,4.2503,"36.59K","0.85%"
2020-03-11,4.2743,4.2749,4.2822,4.2421,"33.04K","0.06%"
2020-03-10,4.2719,4.2138,4.2769,4.2073,"36.23K","1.44%"
2020-03-09,4.2112,4.25,4.25,4.1927,"30.48K","-1.05%"
2020-03-06,4.2558,4.2803,4.2902,4.2386,"31.83K","-0.52%"
2020-03-05,4.2781,4.315,4.3217,4.2775,"29.16K","-0.80%"
2020-03-04,4.3127,4.3011,4.3327,4.2979,"33.87K","0.34%"
2020-03-03,4.2983,4.3196,4.3352,4.2899,"38.43K","-0.44%"
2020-03-02,4.3172,4.3663,4.3663,4.3004,"26.36K","-1.06%"
2020-02-28,4.3635,4.3673,4.3963,4.3538,"31.60K","-0.02%"
2020-02-27,4.3642,4.4189,4.4197,4.3653,"23.38K","-1.19%"
2020-02-26,4.4169,4.4192,4.4309,4.4046,"31.48K","-0.01%"
2020-02-25,4.4174,4.4269,4.442,4.4111,"31.35K","-0.16%"
2020-02-24,4.4243,4.4225,4.4481,4.4219,"32.73K","0.09%"
2020-02-21,4.4202,4.4468,4.452,4.4146,"34.14K","-0.51%"
2020-02-20,4.4428,4.4229,4.449,4.4194,"32.67K","0.51%"
2020-02-19,4.4202,4.4272,4.4344,4.42,"29.00K","-0.09%"
2020-02-18,4.4242,4.4101,4.4348,4.4083,"25.73K","0.39%"
2020-02-17,4.4072,4.4064,4.4171,4.398,"25.19K","0.15%"
2020-02-14,4.4004,4.3963,4.4049,4.3899,"27.12K","0.15%"
2020-02-13,4.3936,4.3829,4.3997,4.3752,"27.42K","0.29%"
2020-02-12,4.381,4.3695,4.3876,4.3609,"34.77K","0.32%"
2020-02-11,4.367,4.3684,4.3798,4.3637,"32.23K","0.03%"
2020-02-10,4.3657,4.3481,4.37,4.3447,"29.34K","0.44%"
2020-02-07,4.3465,4.3317,4.3531,4.3293,"25.68K","0.39%"
2020-02-06,4.3295,4.3322,4.3389,4.3275,"36.53K","0.00%"
2020-02-05,4.3297,4.326,4.3389,4.3225,"31.51K","0.14%"
2020-02-04,4.3236,4.3203,4.3313,4.3145,"25.90K","0.17%"
2020-02-03,4.3162,4.3086,4.3285,4.3077,"26.26K","0.25%"
2020-01-31,4.3053,4.3299,4.3377,4.3064,"31.81K","-0.49%"
2020-01-30,4.3264,4.3411,4.3443,4.3267,"31.64K","-0.29%"
2020-01-29,4.339,4.336,4.3488,4.3323,"33.01K","0.13%"
2020-01-28,4.3334,4.3375,4.3463,4.3326,"34.38K","-0.04%"
2020-01-27,4.3352,4.3366,4.3422,4.3295,"27.26K","0.04%"
2020-01-24,4.3335,4.3245,4.3382,4.3213,"6.97K","0.27%"
2020-01-23,4.3218,4.3088,4.332,4.3011,"35.72K","0.37%"
2020-01-22,4.3059,4.3116,4.3177,4.3051,"44.20K","-0.07%"
2020-01-21,4.309,4.3071,4.3127,4.2967,"32.79K","0.11%"
2020-01-20,4.3042,4.308,4.3158,4.3034,"26.46K","-0.03%"
2020-01-17,4.3057,4.291,4.3126,4.288,"34.82K","0.42%"
2020-01-16,4.2879,4.2872,4.2961,4.2776,"33.45K","0.09%"
2020-01-15,4.2841,4.2958,4.3004,4.281,"35.93K","-0.21%"
2020-01-14,4.2931,4.2912,4.3057,4.2865,"32.68K","0.10%"
2020-01-13,4.2886,4.2985,4.3027,4.2869,"24.27K","-0.14%"
2020-01-10,4.2948,4.3035,4.3137,4.2932,"25.98K","-0.14%"
2020-01-09,4.3009,4.3018,4.3092,4.2942,"26.98K","0.05%"
2020-01-08,4.2987,4.2853,4.3035,4.2783,"33.29K","0.39%"
2020-01-07,4.282,4.266,4.2917,4.264,"33.10K","0.45%"
2020-01-06,4.263,4.2714,4.2821,4.2607,"21.99K","-0.24%"
2020-01-03,4.2732,4.2804,4.2975,4.2715,"27.72K","-0.07%"
2020-01-02,4.2764,4.2653,4.2831,4.2632,"9.19K","0.13%"
2020-01-01,4.271,4.2704,4.2741,4.267,"0.49K","0.09%"
2019-12-31,4.2673,4.2732,4.2737,4.2558,"25.21K","-0.06%"
2019-12-30,4.2698,4.2831,4.2831,4.2643,"20.00K","-0.22%"
2019-12-27,4.2793,4.3071,4.312,4.2762,"16.62K","-0.64%"
2019-12-26,4.3069,4.3094,4.3137,4.3021,"5.08K","0.02%"
2019-12-25,4.3061,4.311,4.3225,4.3082,"4.05K","-0.04%"
2019-12-24,4.308,4.3113,4.319,4.3078,"25.99K","-0.01%"
2019-12-23,4.3084,4.3057,4.3134,4.3001,"24.14K","0.11%"
2019-12-20,4.3035,4.2841,4.3106,4.2817,"23.00K","0.50%"
2019-12-19,4.2822,4.2944,4.2966,4.2804,"24.88K","-0.23%"
2019-12-18,4.2921,4.2865,4.3,4.2775,"33.04K","0.21%"
2019-12-17,4.283,4.285,4.2915,4.2737,"30.04K","0.00%"
2019-12-16,4.2828,4.2977,4.2977,4.2803,"19.52K","-0.27%"
2019-12-13,4.2944,4.2955,4.3015,4.2681,"28.46K","0.04%"
2019-12-12,4.2925,4.2958,4.306,4.2839,"28.09K","-0.02%"
2019-12-11,4.2932,4.3094,4.3183,4.2896,"25.89K","-0.29%"
2019-12-10,4.3057,4.319,4.3206,4.3055,"25.36K","-0.26%"
2019-12-09,4.317,4.3204,4.3235,4.311,"20.44K","-0.05%"
2019-12-06,4.319,4.3039,4.3282,4.3008,"22.87K","0.41%"
2019-12-05,4.3013,4.3125,4.3129,4.3025,"25.12K","-0.19%"
2019-12-04,4.3094,4.3103,4.3169,4.2965,"29.63K","0.03%"
2019-12-03,4.3081,4.311,4.319,4.3049,"29.20K","-0.01%"
2019-12-02,4.3085,4.3356,4.344,4.3073,"22.11K","-0.65%"
2019-11-29,4.3367,4.3535,4.3561,4.3369,"21.25K","-0.32%"
2019-11-28,4.3506,4.3677,4.3696,4.3379,"26.35K","-0.36%"
2019-11-27,4.3664,4.3382,4.3708,4.3355,"29.49K","0.71%"
2019-11-26,4.3358,4.334,4.3418,4.3316,"31.15K","0.10%"
2019-11-25,4.3314,4.3335,4.3401,4.3237,"27.38K","0.01%"
2019-11-22,4.3309,4.3211,4.3372,4.3092,"28.12K","0.30%"
2019-11-21,4.3179,4.3195,4.3237,4.3071,"35.26K","0.01%"
2019-11-20,4.3174,4.3115,4.3264,4.3088,"30.93K","0.21%"
2019-11-19,4.3084,4.3124,4.3179,4.3082,"24.36K","-0.05%"
2019-11-18,4.3107,4.315,4.3217,4.3059,"25.01K","-0.05%"
2019-11-15,4.3128,4.3245,4.3299,4.3124,"29.67K","-0.22%"
2019-11-14,4.3225,4.3284,4.3387,4.3222,"29.40K","-0.07%"
2019-11-13,4.3257,4.327,4.3324,4.3219,"32.19K","0.03%"
2019-11-12,4.3243,4.3179,4.3295,4.3145,"31.62K","0.21%"
2019-11-11,4.3153,4.3266,4.3272,4.313,"23.25K","-0.12%"
2019-11-08,4.3204,4.3073,4.3246,4.3042,"27.78K","0.36%"
2019-11-07,4.3048,4.3017,4.3148,4.2909,"29.29K","0.13%"
2019-11-06,4.2992,4.2951,4.3033,4.2901,"31.87K","0.15%"
2019-11-05,4.2926,4.2715,4.2995,4.2653,"42.40K","0.55%"
2019-11-04,4.2693,4.256,4.2737,4.2519,"33.23K","0.34%"
2019-11-01,4.255,4.2651,4.2744,4.2544,"33.04K","-0.15%"
2019-10-31,4.2615,4.2673,4.2746,4.2557,"30.84K","-0.09%"
2019-10-30,4.2652,4.2809,4.2948,4.2663,"32.26K","-0.31%"
2019-10-29,4.2783,4.2839,4.2977,4.278,"31.60K","-0.07%"
2019-10-28,4.2815,4.2898,4.2923,4.2813,"24.20K","-0.14%"
2019-10-25,4.2875,4.2835,4.2933,4.2739,"27.16K","0.16%"
2019-10-24,4.2805,4.274,4.2884,4.2583,"29.15K","0.26%"
2019-10-23,4.2696,4.2791,4.2867,4.2686,"32.32K","-0.17%"
2019-10-22,4.2769,4.2681,4.2824,4.2638,"28.81K","0.27%"
2019-10-21,4.2653,4.2677,4.2719,4.2565,"25.88K","0.23%"
2019-10-18,4.2553,4.273,4.2778,4.2577,"31.93K","-0.35%"
2019-10-17,4.2702,4.2938,4.2973,4.2684,"32.71K","-0.49%"
2019-10-16,4.2912,4.3099,4.3158,4.2892,"34.71K","-0.38%"
2019-10-15,4.3077,4.3097,4.3273,4.3025,"34.98K","0.00%"
2019-10-14,4.3075,4.307,4.3174,4.3034,"22.28K","0.05%"
2019-10-11,4.3052,4.3267,4.3285,4.2967,"26.53K","-0.45%"
2019-10-10,4.3245,4.3289,4.3295,4.3041,"31.04K","-0.02%"
2019-10-09,4.3254,4.3351,4.3376,4.3208,"31.38K","-0.16%"
2019-10-08,4.3322,4.3263,4.3418,4.3165,"33.61K","0.20%"
2019-10-07,4.3236,4.3238,4.3317,4.3151,"26.53K","0.08%"
2019-10-04,4.3202,4.3309,4.3333,4.3181,"28.00K","-0.18%"
2019-10-03,4.3282,4.3307,4.3401,4.3172,"28.80K","0.00%"
2019-10-02,4.328,4.3418,4.3565,4.3287,"28.14K","-0.24%"
2019-10-01,4.3384,4.3528,4.366,4.3373,"35.38K","-0.28%"
2019-09-30,4.3505,4.3491,4.3636,4.3405,"28.22K","0.14%"
2019-09-27,4.3445,4.3481,4.3559,4.3389,"37.92K","-0.02%"
2019-09-26,4.3454,4.3375,4.3526,4.3272,"46.02K","0.24%"
2019-09-25,4.3349,4.311,4.3406,4.3091,"45.89K","0.62%"
2019-09-24,4.308,4.3203,4.326,4.3088,"45.85K","-0.21%"
2019-09-23,4.3171,4.314,4.3361,4.3073,"35.10K","0.17%"
2019-09-20,4.3097,4.2978,4.3221,4.2871,"40.55K","0.35%"
2019-09-19,4.2948,4.3001,4.3032,4.281,"43.44K","-0.07%"
2019-09-18,4.2979,4.2766,4.3057,4.272,"45.88K","0.59%"
2019-09-17,4.2729,4.3035,4.3087,4.2722,"44.58K","-0.64%"
2019-09-16,4.3004,4.2748,4.3074,4.2731,"29.45K","0.66%"
2019-09-13,4.2723,4.2801,4.286,4.2625,"46.39K","-0.14%"
2019-09-12,4.2785,4.3015,4.333,4.2722,"45.47K","-0.47%"
2019-09-11,4.2989,4.2845,4.3109,4.2787,"41.45K","0.39%"
2019-09-10,4.282,4.2807,4.2917,4.2762,"41.12K","0.08%"
2019-09-09,4.2784,4.2902,4.2977,4.2725,"26.73K","-0.21%"
2019-09-06,4.2874,4.2861,4.296,4.2785,"36.06K","0.08%"
2019-09-05,4.2839,4.2845,4.292,4.2674,"38.05K","0.05%"
2019-09-04,4.2818,4.3081,4.3109,4.2818,"38.93K","-0.57%"
2019-09-03,4.3062,4.3067,4.3293,4.3042,"44.03K","0.06%"
2019-09-02,4.3035,4.2907,4.3132,4.2869,"29.23K","0.14%"
2019-08-30,4.2975,4.2751,4.3119,4.2729,"40.93K","0.60%"
2019-08-29,4.2718,4.2673,4.2807,4.2625,"38.89K","0.16%"
2019-08-28,4.265,4.2675,4.2733,4.2585,"45.24K","0.01%"
2019-08-27,4.2647,4.2585,4.2698,4.2553,"38.88K","0.18%"
2019-08-26,4.2572,4.2375,4.2625,4.2336,"28.32K","0.53%"
2019-08-23,4.2347,4.2621,4.2735,4.2325,"27.31K","-0.59%"
2019-08-22,4.2597,4.2614,4.2738,4.2507,"35.04K","0.03%"
2019-08-21,4.2586,4.2603,4.2665,4.251,"40.68K","0.04%"
2019-08-20,4.2571,4.2695,4.2751,4.2569,"29.97K","-0.23%"
2019-08-19,4.2669,4.2609,4.2709,4.2562,"22.43K","0.20%"
2019-08-16,4.2585,4.2544,4.2754,4.2523,"33.51K","0.16%"
2019-08-15,4.2516,4.2372,4.2604,4.2325,"25.14K","0.41%"
2019-08-14,4.2342,4.2252,4.2444,4.2178,"42.85K","0.28%"
2019-08-13,4.2224,4.2119,4.2295,4.2072,"40.64K","0.30%"
2019-08-12,4.2098,4.2177,4.2347,4.2049,"31.68K","-0.15%"
2019-08-09,4.2162,4.2249,4.227,4.2106,"35.82K","-0.15%"
2019-08-08,4.2227,4.2228,4.2314,4.2084,"45.07K","0.06%"
2019-08-07,4.22,4.2216,4.233,4.2064,"36.68K","0.03%"
2019-08-06,4.2187,4.2242,4.2357,4.2052,"41.32K","-0.03%"
2019-08-05,4.22,4.2524,4.2571,4.2192,"32.96K","-0.72%"
2019-08-02,4.2506,4.273,4.2781,4.2529,"24.18K","-0.47%"
2019-08-01,4.2708,4.2701,4.2924,4.2674,"36.01K","0.08%"
2019-07-31,4.2673,4.2418,4.2762,4.2373,"30.45K","0.67%"
2019-07-30,4.239,4.2435,4.2501,4.2389,"32.49K","-0.07%"
2019-07-29,4.2421,4.244,4.2561,4.2399,"27.05K","0.08%"
2019-07-26,4.2389,4.2382,4.2531,4.2362,"29.18K","0.08%"
2019-07-25,4.2356,4.2369,4.2548,4.2208,"30.98K","0.05%"
2019-07-24,4.2334,4.2332,4.2427,4.2294,"38.17K","0.07%"
2019-07-23,4.2303,4.2126,4.2357,4.2112,"39.38K","0.49%"
2019-07-22,4.2098,4.2104,4.2171,4.2044,"23.01K","0.06%"
2019-07-19,4.2074,4.1953,4.2181,4.1929,"42.34K","0.36%"
2019-07-18,4.1923,4.2149,4.2232,4.1933,"43.54K","-0.51%"
2019-07-17,4.2137,4.2191,4.2266,4.212,"31.30K","-0.07%"
2019-07-16,4.2167,4.2027,4.2238,4.1999,"29.92K","0.40%"
2019-07-15,4.2001,4.1988,4.2048,4.1926,"24.12K","0.12%"
2019-07-12,4.1951,4.2053,4.2122,4.1958,"33.16K","-0.17%"
2019-07-11,4.2024,4.2065,4.2088,4.1935,"38.69K","-0.04%"
2019-07-10,4.204,4.2184,4.2231,4.2016,"32.14K","-0.30%"
2019-07-09,4.2165,4.2111,4.2244,4.2087,"46.40K","0.19%"
2019-07-08,4.2085,4.2088,4.2145,4.2014,"30.47K","0.07%"
2019-07-05,4.2056,4.1789,4.2157,4.1755,"38.73K","0.72%"
2019-07-04,4.1756,4.1834,4.1901,4.1692,"43.79K","-0.13%"
2019-07-03,4.181,4.195,4.2034,4.1773,"33.95K","-0.27%"
2019-07-02,4.1924,4.1925,4.1985,4.1828,"34.94K","0.06%"
2019-07-01,4.1898,4.1579,4.1968,4.1567,"29.14K","0.91%"
2019-06-28,4.1519,4.1541,4.1662,4.1495,"38.37K","0.01%"
2019-06-27,4.1516,4.151,4.162,4.1465,"38.38K","0.09%"
2019-06-26,4.148,4.1506,4.1623,4.1427,"39.57K","-0.01%"
2019-06-25,4.1485,4.1423,4.159,4.1364,"43.65K","0.23%"
2019-06-24,4.139,4.1544,4.1569,4.1374,"30.59K","-0.42%"
2019-06-21,4.1566,4.1759,4.1852,4.1559,"27.13K","-0.38%"
2019-06-20,4.1725,4.2131,4.2144,4.1731,"32.13K","-0.90%"
2019-06-19,4.2104,4.2188,4.2235,4.2025,"35.45K","-0.13%"
2019-06-18,4.2158,4.2091,4.2269,4.2014,"26.58K","0.21%"
2019-06-17,4.2071,4.2152,4.2165,4.2027,"3.38K","-0.10%"
2019-06-14,4.2115,4.1849,4.217,4.1807,"42.45K","0.70%"
2019-06-13,4.1824,4.1845,4.1902,4.1782,"44.34K","0.00%"
2019-06-12,4.1824,4.1679,4.1877,4.1608,"40.46K","0.44%"
2019-06-11,4.1639,4.1694,4.1813,4.162,"42.33K","-0.07%"
2019-06-10,4.1669,4.1726,4.1817,4.1647,"28.61K","0.18%"
2019-06-07,4.1596,4.1872,4.1976,4.1582,"32.07K","-0.58%"
2019-06-06,4.184,4.2067,4.2096,4.1741,"39.22K","-0.48%"
2019-06-05,4.2042,4.2055,4.2083,4.1778,"38.28K","0.05%"
2019-06-04,4.2023,4.2092,4.2181,4.1982,"40.79K","-0.11%"
2019-06-03,4.2069,4.2522,4.2573,4.2018,"29.66K","-0.94%"
2019-05-31,4.247,4.268,4.2738,4.2417,"32.20K","-0.51%"
2019-05-30,4.2686,4.2772,4.2797,4.2654,"40.61K","-0.10%"
2019-05-29,4.2727,4.267,4.2794,4.2619,"42.83K","0.21%"
2019-05-28,4.2636,4.2508,4.2674,4.2495,"37.42K","0.27%"
2019-05-27,4.252,4.2507,4.2565,4.2445,"29.16K","0.17%"
2019-05-24,4.2448,4.2564,4.26,4.2454,"32.53K","-0.18%"
2019-05-23,4.2523,4.2703,4.2874,4.2542,"40.53K","-0.35%"
2019-05-22,4.2674,4.2685,4.2747,4.2588,"39.86K","0.05%"
2019-05-21,4.2654,4.2629,4.2768,4.259,"41.53K","0.12%"
2019-05-20,4.2601,4.2686,4.2719,4.2592,"28.50K","-0.12%"
2019-05-17,4.2653,4.2621,4.2695,4.2567,"30.04K","0.16%"
2019-05-16,4.2586,4.2505,4.2647,4.2407,"38.91K","0.26%"
2019-05-15,4.2477,4.2485,4.2602,4.2408,"28.81K","0.03%"
2019-05-14,4.2464,4.2424,4.2513,4.2336,"21.39K","0.16%"
2019-05-13,4.2398,4.2369,4.2432,4.225,"21.43K","0.13%"
2019-05-10,4.2341,4.2451,4.2458,4.2299,"34.42K","-0.17%"
2019-05-09,4.2415,4.2506,4.2614,4.2312,"42.43K","-0.16%"
2019-05-08,4.2482,4.2502,4.2548,4.242,"37.78K","0.04%"
2019-05-07,4.2467,4.2468,4.261,4.2389,"36.72K","0.07%"
2019-05-06,4.2436,4.249,4.2549,4.2407,"38.27K","0.18%"
2019-05-03,4.2361,4.2591,4.271,4.2385,"36.21K","-0.47%"
2019-05-02,4.2561,4.2507,4.26,4.2413,"38.11K","0.21%"
2019-05-01,4.247,4.2414,4.2549,4.2253,"31.55K","0.19%"
2019-04-30,4.239,4.2555,4.2579,4.2373,"26.06K","-0.34%"
2019-04-29,4.2533,4.2684,4.2692,4.2531,"3.33K","-0.27%"
2019-04-26,4.2647,4.2737,4.2802,4.2569,"20.01K","-0.10%"
2019-04-25,4.2691,4.266,4.2811,4.2598,"40.43K","0.18%"
2019-04-24,4.2616,4.2387,4.2708,4.2351,"53.96K","0.59%"
2019-04-23,4.2364,4.2249,4.2538,4.2234,"41.74K","0.34%"
2019-04-22,4.2221,4.2323,4.2357,4.223,"25.14K","-0.14%"
2019-04-19,4.2282,4.2357,4.2393,4.2279,"34.64K","-0.16%"
2019-04-18,4.2351,4.2174,4.2408,4.2119,"47.80K","0.51%"
2019-04-17,4.2136,4.2193,4.2206,4.2002,"43.16K","-0.06%"
2019-04-16,4.2163,4.209,4.2201,4.206,"37.90K","0.23%"
2019-04-15,4.2066,4.2129,4.2152,4.2039,"28.11K","-0.06%"
2019-04-12,4.2091,4.2245,4.2267,4.2016,"40.91K","-0.31%"
2019-04-11,4.2224,4.2193,4.229,4.2123,"47.43K","0.14%"
2019-04-10,4.2163,4.2246,4.2396,4.2164,"47.49K","-0.15%"
2019-04-09,4.2226,4.2161,4.227,4.2102,"39.25K","0.15%"
2019-04-08,4.2162,4.2372,4.2372,4.2105,"28.97K","-0.42%"
2019-04-05,4.2339,4.2308,4.2391,4.2247,"34.57K","0.15%"
2019-04-04,4.2277,4.232,4.2401,4.2259,"40.20K","-0.03%"
2019-04-03,4.2289,4.246,4.2494,4.2257,"44.70K","-0.36%"
2019-04-02,4.2443,4.2476,4.2575,4.2419,"39.93K","-0.03%"
2019-04-01,4.2456,4.2537,4.2596,4.2335,"28.80K","-0.17%"
2019-03-29,4.2529,4.2456,4.2607,4.2332,"35.03K","0.23%"
2019-03-28,4.2431,4.2322,4.2494,4.2247,"39.58K","0.30%"
2019-03-27,4.2304,4.2193,4.2375,4.2141,"39.20K","0.32%"
2019-03-26,4.2167,4.2033,4.2207,4.1979,"35.71K","0.38%"
2019-03-25,4.2008,4.2094,4.2112,4.1958,"24.27K","-0.07%"
2019-03-22,4.2038,4.1817,4.2186,4.172,"37.01K","0.60%"
2019-03-21,4.1787,4.1663,4.1943,4.1571,"41.69K","0.36%"
2019-03-20,4.1637,4.1948,4.2012,4.1532,"44.18K","-0.68%"
2019-03-19,4.192,4.195,4.1989,4.1843,"45.42K","0.00%"
2019-03-18,4.1919,4.2003,4.2046,4.1833,"35.14K","-0.14%"
2019-03-15,4.1977,4.2141,4.2171,4.1932,"42.99K","-0.29%"
2019-03-14,4.2101,4.2162,4.2218,4.2051,"47.61K","-0.08%"
2019-03-13,4.2133,4.2318,4.2344,4.2111,"42.93K","-0.37%"
2019-03-12,4.2288,4.2233,4.2383,4.2101,"35.28K","0.20%"
2019-03-11,4.2202,4.2322,4.2356,4.2161,"20.16K","0.07%"
2019-03-08,4.2171,4.2368,4.2414,4.2186,"42.21K","-0.40%"
2019-03-07,4.2342,4.1961,4.2432,4.1895,"44.51K","0.97%"
2019-03-06,4.1934,4.1978,4.2053,4.1884,"50.97K","-0.04%"
2019-03-05,4.1949,4.1793,4.2066,4.1741,"54.11K","0.43%"
2019-03-04,4.1768,4.1678,4.1916,4.1673,"40.53K","0.12%"
2019-03-01,4.172,4.1691,4.1831,4.1565,"43.20K","0.03%"
2019-02-28,4.1707,4.169,4.1776,4.1511,"48.21K","0.08%"
2019-02-27,4.1673,4.1814,4.1892,4.152,"50.62K","-0.26%"
2019-02-26,4.1783,4.1955,4.2003,4.1764,"54.10K","-0.36%"
2019-02-25,4.1933,4.1979,4.2031,4.1859,"42.26K","-0.06%"
2019-02-22,4.1957,4.2006,4.2084,4.1895,"48.52K","-0.05%"
2019-02-21,4.1976,4.1926,4.2063,4.1838,"51.02K","0.19%"
2019-02-20,4.1898,4.1857,4.2027,4.1784,"54.70K","0.14%"
2019-02-19,4.1839,4.1964,4.214,4.1796,"49.91K","-0.23%"
2019-02-18,4.1934,4.1973,4.2002,4.181,"35.55K","-0.01%"
2019-02-15,4.1939,4.1935,4.2214,4.189,"48.42K","0.06%"
2019-02-14,4.1913,4.2112,4.2203,4.1919,"52.00K","-0.37%"
2019-02-13,4.2069,4.1927,4.2118,4.184,"48.32K","0.42%"
2019-02-12,4.1893,4.2075,4.2115,4.1859,"47.67K","-0.37%"
2019-02-11,4.2049,4.1925,4.2115,4.1873,"38.00K","0.35%"
2019-02-08,4.1904,4.1838,4.1956,4.1797,"46.70K","0.23%"
2019-02-07,4.1809,4.1716,4.1865,4.1666,"55.06K","0.29%"
2019-02-06,4.1688,4.1579,4.1741,4.153,"53.80K","0.35%"
2019-02-05,4.1543,4.1549,4.1624,4.149,"51.58K","0.00%"
2019-02-04,4.1543,4.1504,4.1619,4.1479,"32.55K","0.11%"
2019-02-01,4.1496,4.1379,4.1562,4.1314,"43.02K","0.30%"
2019-01-31,4.1373,4.1365,4.1414,4.108,"47.97K","0.04%"
2019-01-30,4.1356,4.1648,4.1676,4.1291,"51.99K","-0.68%"
2019-01-29,4.1639,4.1787,4.1816,4.1572,"46.06K","-0.35%"
2019-01-28,4.1787,4.1729,4.1818,4.1646,"37.02K","0.15%"
2019-01-25,4.1723,4.2225,4.2226,4.171,"45.34K","-1.12%"
2019-01-24,4.2195,4.1889,4.2313,4.1808,"26.00K","0.73%"
2019-01-23,4.189,4.198,4.2047,4.1758,"52.72K","-0.19%"
2019-01-22,4.197,4.1445,4.2062,4.1372,"55.86K","1.28%"
2019-01-21,4.1441,4.1391,4.1517,4.1295,"37.34K","0.10%"
2019-01-18,4.1399,4.1189,4.1457,4.114,"43.56K","0.42%"
2019-01-17,4.1225,4.1162,4.1288,4.11,"44.69K","0.17%"
2019-01-16,4.1155,4.1022,4.1196,4.0964,"","0.33%"
2019-01-15,4.1021,4.08,4.1113,4.0724,"","0.52%"
2019-01-14,4.0808,4.09,4.0962,4.0733,"","-0.01%"
2019-01-11,4.0813,4.0694,4.0932,4.0526,"5.93K","0.31%"
2019-01-10,4.0686,4.0477,4.074,4.0366,"","0.49%"
2019-01-09,4.0489,4.0802,4.0874,4.0435,"","-0.79%"
2019-01-08,4.0813,4.0629,4.0892,4.0581,"3.05K","0.49%"
2019-01-07,4.0613,4.0898,4.0898,4.0583,"3.67K","-0.71%"
2019-01-04,4.0903,4.0918,4.1127,4.0827,"51.87K","-0.04%"
2019-01-03,4.0919,4.1068,4.1227,4.0865,"3.13K","-0.36%"
2019-01-02,4.1065,4.0616,4.1141,4.0482,"0.99K","1.10%"
2019-01-01,4.0617,4.059,4.0754,4.032,"0.90K","0.07%"
2018-12-31,4.059,4.0739,4.0803,4.0583,"","-0.38%"
2018-12-28,4.0744,4.0755,4.0804,4.0595,"","-0.05%"
2018-12-27,4.0763,4.0907,4.0954,4.0649,"","-0.34%"
2018-12-26,4.0904,4.0773,4.0945,4.0597,"","0.33%"
2018-12-25,4.0769,4.0721,4.0835,4.0583,"","0.08%"
2018-12-24,4.0737,4.0772,4.0871,4.0548,"","-0.08%"
2018-12-21,4.077,4.0498,4.0837,4.0417,"","0.69%"
2018-12-20,4.0492,4.0948,4.0984,4.0291,"","-1.13%"
2018-12-19,4.0953,4.0879,4.0995,4.0631,"","0.18%"
2018-12-18,4.088,4.0973,4.1045,4.0756,"","-0.23%"
2018-12-17,4.0973,4.1174,4.1238,4.094,"","-0.50%"
2018-12-14,4.118,4.0953,4.1349,4.0899,"","0.55%"
2018-12-13,4.0953,4.0929,4.1068,4.0832,"","0.08%"
2018-12-12,4.0922,4.1143,4.1174,4.0889,"","-0.53%"
2018-12-11,4.1142,4.0953,4.1181,4.083,"","0.45%"
2018-12-10,4.0959,4.0808,4.0993,4.0601,"","0.40%"
2018-12-07,4.0795,4.0893,4.0959,4.0667,"","-0.24%"
2018-12-06,4.0893,4.1025,4.1128,4.0776,"","-0.33%"
2018-12-05,4.1029,4.0997,4.1152,4.095,"","0.05%"
2018-12-04,4.101,4.0949,4.1101,4.0729,"","0.20%"
2018-12-03,4.0929,4.111,4.115,4.0899,"","-0.46%"
2018-11-30,4.112,4.0896,4.1158,4.0865,"","0.56%"
2018-11-29,4.0891,4.0809,4.1038,4.0788,"","0.20%"
2018-11-28,4.0808,4.1238,4.1369,4.0785,"","-1.02%"
2018-11-27,4.1229,4.1148,4.1328,4.1073,"","0.21%"
2018-11-26,4.1142,4.1079,4.1162,4.0925,"","0.14%"
2018-11-23,4.1084,4.0854,4.114,4.0789,"","0.56%"
2018-11-22,4.0854,4.0953,4.0984,4.0715,"","-0.23%"
2018-11-21,4.0949,4.1022,4.1067,4.0815,"","-0.18%"
2018-11-20,4.1024,4.0742,4.1083,4.0667,"","0.70%"
2018-11-19,4.074,4.0875,4.0946,4.0692,"","-0.30%"
2018-11-16,4.0864,4.1167,4.1218,4.0841,"","-0.72%"
2018-11-15,4.116,4.1201,4.1368,4.1038,"","-0.08%"
2018-11-14,4.1193,4.1265,4.1398,4.1081,"","-0.17%"
2018-11-13,4.1265,4.1506,4.1537,4.1242,"","-0.57%"
2018-11-12,4.1501,4.1148,4.152,4.1113,"","1.00%"
2018-11-09,4.109,4.0983,4.1161,4.0946,"","0.27%"
2018-11-08,4.0978,4.079,4.1006,4.0712,"","0.45%"
2018-11-07,4.0793,4.0799,4.0907,4.0529,"","-0.01%"
2018-11-06,4.0796,4.086,4.095,4.0779,"","-0.16%"
2018-11-05,4.0861,4.0912,4.104,4.0793,"","-0.13%"
2018-11-02,4.0914,4.088,4.1001,4.0688,"","0.11%"
2018-11-01,4.0869,4.1235,4.1255,4.0809,"","-0.87%"
2018-10-31,4.1228,4.1132,4.1276,4.1076,"","0.27%"
2018-10-30,4.1116,4.1047,4.116,4.098,"","0.19%"
2018-10-29,4.104,4.0856,4.1063,4.0844,"","0.42%"
2018-10-26,4.087,4.0987,4.1147,4.0827,"","-0.27%"
2018-10-25,4.0979,4.0894,4.1074,4.0778,"","0.17%"
2018-10-24,4.0908,4.0659,4.0941,4.0628,"","0.60%"
2018-10-23,4.0665,4.0701,4.0801,4.0603,"","-0.09%"
2018-10-22,4.0702,4.0547,4.0738,4.0409,"","0.40%"
2018-10-19,4.0539,4.0782,4.085,4.0471,"","-0.59%"
2018-10-18,4.0779,4.057,4.0804,4.0475,"","0.51%"
2018-10-17,4.0572,4.032,4.0588,4.029,"","0.63%"
2018-10-16,4.0316,4.0279,4.0377,4.015,"","0.10%"
2018-10-15,4.0276,4.0345,4.0403,4.0198,"","-0.19%"
2018-10-12,4.0354,4.0244,4.0434,4.0175,"","0.28%"
2018-10-11,4.024,4.051,4.0518,4.0217,"","-0.67%"
2018-10-10,4.0512,4.0559,4.0642,4.0413,"","-0.12%"
2018-10-09,4.056,4.0628,4.0849,4.0534,"","-0.16%"
2018-10-08,4.0626,4.0553,4.0747,4.0496,"","0.20%"
2018-10-05,4.0546,4.0576,4.0687,4.0452,"","-0.07%"
2018-10-04,4.0575,4.0656,4.0718,4.0492,"","-0.17%"
2018-10-03,4.0646,4.0423,4.0682,4.0252,"","0.56%"
2018-10-02,4.0418,4.0279,4.0565,4.026,"","0.33%"
2018-10-01,4.0286,4.0156,4.0336,4.0052,"","0.47%"
2018-09-28,4.0098,4.0051,4.033,4.0009,"","0.12%"
2018-09-27,4.005,3.9689,4.0067,3.9618,"","0.90%"
2018-09-26,3.9693,3.9585,3.9769,3.9484,"","0.27%"
2018-09-25,3.9586,3.9637,3.9708,3.9519,"","-0.14%"
2018-09-24,3.9643,3.9624,3.9726,3.9413,"","0.07%"
2018-09-21,3.9615,3.9524,3.9725,3.9426,"","0.24%"
2018-09-20,3.9519,3.9836,3.986,3.9479,"","-0.81%"
2018-09-19,3.9842,3.9876,3.9924,3.9701,"","0.03%"
2018-09-18,3.9829,3.9747,3.9924,3.9627,"","0.18%"
2018-09-17,3.9758,3.9912,3.9971,3.9691,"","-0.37%"
2018-09-14,3.9907,3.97,3.9936,3.9599,"","0.54%"
2018-09-13,3.9694,3.9869,4.0014,3.9655,"","-0.44%"
2018-09-12,3.987,3.991,4.0085,3.9797,"","-0.12%"
2018-09-11,3.9916,3.9907,4.0062,3.9762,"","0.01%"
2018-09-10,3.9913,4.0137,4.0228,3.9853,"","-0.60%"
2018-09-07,4.0155,3.9917,4.0162,3.9829,"","0.61%"
2018-09-06,3.9912,3.9853,3.9971,3.9766,"","0.14%"
2018-09-05,3.9858,3.997,4.0176,3.9834,"","-0.27%"
2018-09-04,3.9967,3.9846,4.0179,3.9823,"","0.30%"
2018-09-03,3.9846,3.9989,4.0029,3.9815,"","-0.37%"
