"date","price_aluminium_LME"
2024-08-21,2443
2024-08-20,2435
2024-08-19,2369.5
2024-08-16,2293.5
2024-08-15,2301
2024-08-14,2299
2024-08-13,2256.5
2024-08-12,2268
2024-08-09,2263
2024-08-08,2204.5
2024-08-07,2202.5
2024-08-06,2205
2024-08-05,2167
2024-08-02,2214.5
2024-08-01,2228.5
2024-07-31,2252
2024-07-30,2161.5
2024-07-29,2203.5
2024-07-26,2229
2024-07-25,2218.5
2024-07-24,2266
2024-07-23,2264
2024-07-22,2259
2024-07-19,2312
2024-07-18,2335
2024-07-17,2363
2024-07-16,2377
2024-07-15,2404
2024-07-12,2422
2024-07-11,2428.5
2024-07-10,2432
2024-07-09,2468.5
2024-07-08,2475.5
2024-07-05,2495.5
2024-07-04,2493.5
2024-07-03,2487
2024-07-02,2489.5
2024-07-01,2496.5
2024-06-28,2485.5
2024-06-27,2458.5
2024-06-26,2444
2024-06-25,2451.5
2024-06-24,2454.5
2024-06-21,2452.5
2024-06-20,2461
2024-06-19,2445
2024-06-18,2427.5
2024-06-17,2420.5
2024-06-14,2465.5
2024-06-13,2498
2024-06-12,2476
2024-06-11,2475
2024-06-10,2515.5
2024-06-07,2578.5
2024-06-06,2587
2024-06-05,2577
2024-06-04,2603
2024-06-03,2625
2024-05-31,2677
2024-05-30,2665.5
2024-05-29,2695
2024-05-28,2653
2024-05-24,2599
2024-05-23,2551
2024-05-22,2625
2024-05-21,2645
2024-05-20,2568
2024-05-17,2544
2024-05-16,2538.5
2024-05-15,2529.5
2024-05-14,2477.5
2024-05-13,2510
2024-05-10,2515
2024-05-09,2494
2024-05-08,2488
2024-05-07,2512.5
2024-05-03,2517
2024-05-02,2510
2024-05-01,2554.5
2024-04-30,2545
2024-04-29,2536.5
2024-04-26,2559.5
2024-04-25,2586.5
2024-04-24,2585.5
2024-04-23,2585
2024-04-22,2654
2024-04-19,2645.5
2024-04-18,2600
2024-04-17,2581
2024-04-16,2512
2024-04-15,2520.5
2024-04-12,2443
2024-04-11,2410.5
2024-04-10,2429
2024-04-09,2403
2024-04-08,2417
2024-04-05,2391
2024-04-04,2394.5
2024-04-03,2334
2024-04-02,2322.5
2024-03-28,2270
2024-03-27,2238
2024-03-26,2275.5
2024-03-25,2267.5
2024-03-22,2246.5
2024-03-21,2264
2024-03-20,2231.5
2024-03-19,2202.5
2024-03-18,2224.5
2024-03-15,2218.5
2024-03-14,2205
2024-03-13,2224
2024-03-12,2213.5
2024-03-11,2202
2024-03-08,2209
2024-03-07,2210
2024-03-06,2187.5
2024-03-05,2191.5
2024-03-04,2182.5
2024-03-01,2183.5
2024-02-29,2163
2024-02-28,2130
2024-02-27,2146
2024-02-26,2140.5
2024-02-23,2157
2024-02-22,2178.5
2024-02-21,2211.5
2024-02-20,2147.5
2024-02-19,2185
2024-02-16,2203
2024-02-15,2205
2024-02-14,2194
2024-02-13,2204
2024-02-12,2188
2024-02-09,2180.5
2024-02-08,2214.5
2024-02-07,2195.5
2024-02-06,2184.5
2024-02-05,2183.5
2024-02-02,2209.5
2024-02-01,2212.5
2024-01-31,2232
2024-01-30,2226.5
2024-01-29,2214
2024-01-26,2212
2024-01-25,2188.5
2024-01-24,2207.5
2024-01-23,2145
2024-01-22,2110
2024-01-19,2122
2024-01-18,2130.5
2024-01-17,2142
2024-01-16,2158.5
2024-01-15,2153
2024-01-12,2175
2024-01-11,2203
2024-01-10,2204
2024-01-09,2200
2024-01-08,2205.5
2024-01-05,2215.5
2024-01-04,2235.5
2024-01-03,2255.5
2024-01-02,2336.5
2023-12-29,2335.5
2023-12-28,2313.5
2023-12-27,2293.5
2023-12-22,2234.5
2023-12-21,2180
2023-12-20,2192
2023-12-19,2215.5
2023-12-18,2213
2023-12-15,2196
2023-12-14,2137
2023-12-13,2083
2023-12-12,2090.5
2023-12-11,2082.5
2023-12-08,2111
2023-12-07,2099
2023-12-06,2117.5
2023-12-05,2121.5
2023-12-04,2148.5
2023-12-01,2147.5
2023-11-30,2157.5
2023-11-29,2178
2023-11-28,2164.5
2023-11-27,2177
2023-11-24,2179
2023-11-23,2183
2023-11-22,2194.5
2023-11-21,2201.5
2023-11-20,2192
2023-11-17,2165
2023-11-16,2182.5
2023-11-15,2205
2023-11-14,2194
2023-11-13,2220.5
2023-11-10,2205.5
2023-11-09,2228
2023-11-08,2258.5
2023-11-07,2241
2023-11-06,2254
2023-11-03,2219.5
2023-11-02,2218
2023-11-01,2230.5
2023-10-31,2235
2023-10-30,2252
2023-10-27,2170.5
2023-10-26,2202.5
2023-10-25,2188.5
2023-10-24,2146.5
2023-10-23,2144.5
2023-10-20,2152
2023-10-19,2150.5
2023-10-18,2176.5
2023-10-17,2148.5
2023-10-16,2161.5
2023-10-13,2176
2023-10-12,2180.5
2023-10-11,2179
2023-10-10,2199
2023-10-09,2193
2023-10-06,2208
2023-10-05,2195.5
2023-10-04,2231
2023-10-03,2257
2023-10-02,2286.5
2023-09-29,2307.5
2023-09-28,2232
2023-09-27,2196
2023-09-26,2195
2023-09-25,2182.5
2023-09-22,2199.5
2023-09-21,2166.5
2023-09-20,2202
2023-09-19,2174.5
2023-09-18,2165
2023-09-15,2155.5
2023-09-14,2192.5
2023-09-13,2156.5
2023-09-12,2153
2023-09-11,2154
2023-09-08,2132.5
2023-09-07,2135
2023-09-06,2158
2023-09-05,2136.5
2023-09-04,2149.5
2023-09-01,2184
2023-08-31,2165.5
2023-08-30,2140.5
2023-08-29,2116.5
2023-08-25,2124
2023-08-24,2119.5
2023-08-23,2129
2023-08-22,2121.5
2023-08-21,2068.5
2023-08-18,2096
2023-08-17,2131
2023-08-16,2089
2023-08-15,2085.5
2023-08-14,2096
2023-08-11,2127
2023-08-10,2161.5
2023-08-09,2153
2023-08-08,2143
2023-08-07,2178
2023-08-04,2166
2023-08-03,2147
2023-08-02,2176.5
2023-08-01,2217
2023-07-31,2195.5
2023-07-28,2161.5
2023-07-27,2176
2023-07-26,2170.5
2023-07-25,2184
2023-07-24,2155
2023-07-21,2153.5
2023-07-20,2172
2023-07-19,2142
2023-07-18,2169.5
2023-07-17,2195
2023-07-14,2225
2023-07-13,2236
2023-07-12,2147.5
2023-07-11,2129
2023-07-10,2096
2023-07-07,2086
2023-07-06,2103.5
2023-07-05,2093
2023-07-04,2102.5
2023-07-03,2107
2023-06-30,2096.5
2023-06-29,2105.5
2023-06-28,2141.5
2023-06-27,2151.5
2023-06-26,2116
2023-06-23,2132.5
2023-06-22,2190.5
2023-06-21,2157
2023-06-20,2184.5
2023-06-19,2195
2023-06-16,2224.5
2023-06-15,2197
2023-06-14,2200
2023-06-13,2193.5
2023-06-12,2188
2023-06-09,2221
2023-06-08,2187.5
2023-06-07,2169
2023-06-06,2172
2023-06-05,2216
2023-06-02,2263.5
2023-06-01,2281
2023-05-31,2255
2023-05-30,2230
2023-05-26,2242
2023-05-25,2236
2023-05-24,2234
2023-05-23,2202
2023-05-22,2262
2023-05-19,2300
2023-05-18,2312
2023-05-17,2269
2023-05-16,2235.5
2023-05-15,2260.5
2023-05-12,2230.5
2023-05-11,2229
2023-05-10,2276
2023-05-09,2321
2023-05-05,2277.5
2023-05-04,2297
2023-05-03,2330
2023-05-02,2353
2023-04-28,2342
2023-04-27,2302
2023-04-26,2339.5
2023-04-25,2313
2023-04-24,2354.5
2023-04-21,2388.5
2023-04-20,2410
2023-04-19,2382
2023-04-18,2401
2023-04-17,2364.5
2023-04-14,2356
2023-04-13,2330
2023-04-12,2258.5
2023-04-11,2268
2023-04-06,2300.5
2023-04-05,2306
2023-04-04,2341.5
2023-04-03,2380.5
2023-03-31,2336.5
2023-03-30,2344
2023-03-29,2366
2023-03-28,2315
2023-03-27,2298
2023-03-24,2265
2023-03-23,2265
2023-03-22,2232
2023-03-21,2235
2023-03-20,2237.5
2023-03-17,2232
2023-03-16,2237.5
2023-03-15,2246
2023-03-14,2272
2023-03-13,2236.5
2023-03-10,2249
2023-03-09,2291
2023-03-08,2288.5
2023-03-07,2312.5
2023-03-06,2321.5
2023-03-03,2361.5
2023-03-02,2366.5
2023-03-01,2364
2023-02-28,2300
2023-02-27,2314
2023-02-24,2307
2023-02-23,2368.5
2023-02-22,2385.5
2023-02-21,2430.5
2023-02-20,2392
2023-02-17,2335
2023-02-16,2341.5
2023-02-15,2367
2023-02-14,2391
2023-02-13,2382.5
2023-02-10,2435
2023-02-09,2424.5
2023-02-08,2469
2023-02-07,2472.5
2023-02-06,2486.5
2023-02-03,2560
2023-02-02,2572.5
2023-02-01,2611
2023-01-31,2533.5
2023-01-30,2577
2023-01-27,2597
2023-01-26,2598
2023-01-25,2606
2023-01-24,2594.5
2023-01-23,2593
2023-01-20,2585.5
2023-01-19,2541
2023-01-18,2636
2023-01-17,2562.5
2023-01-16,2603
2023-01-13,2511
2023-01-12,2447
2023-01-11,2451
2023-01-10,2397
2023-01-09,2336.5
2023-01-06,2242.5
2023-01-05,2270
2023-01-04,2250
2023-01-03,2337.5
2022-12-30,2360.5
2022-12-29,2371.5
2022-12-28,2343
2022-12-23,2342
2022-12-22,2362
2022-12-21,2357
2022-12-20,2329.5
2022-12-19,2327
2022-12-16,2354
2022-12-15,2396
2022-12-14,2379.5
2022-12-13,2388
2022-12-12,2390
2022-12-09,2453.5
2022-12-08,2468.5
2022-12-07,2450.5
2022-12-06,2461
2022-12-05,2485
2022-12-02,2448.5
2022-12-01,2430.5
2022-11-30,2387
2022-11-29,2341.5
2022-11-28,2315.5
2022-11-25,2346
2022-11-24,2344
2022-11-23,2364
2022-11-22,2394
2022-11-21,2344
2022-11-18,2369
2022-11-17,2342.5
2022-11-16,2393
2022-11-15,2410
2022-11-14,2392
2022-11-11,2410
2022-11-10,2272
2022-11-09,2338
2022-11-08,2327
2022-11-07,2292
2022-11-04,2306
2022-11-03,2216
2022-11-02,2227
2022-11-01,2245.5
2022-10-31,2197
2022-10-28,2226
2022-10-27,2297
2022-10-26,2265.5
2022-10-25,2170.5
2022-10-24,2160
2022-10-21,2155.5
2022-10-20,2214
2022-10-19,2169
2022-10-18,2200.5
2022-10-17,2240
2022-10-14,2309
2022-10-13,2374
2022-10-12,2227
2022-10-11,2218.5
2022-10-10,2274
2022-10-07,2342
2022-10-06,2355
2022-10-05,2289
2022-10-04,2261.5
2022-10-03,2164
2022-09-30,2180
2022-09-29,2261
2022-09-28,2080
2022-09-27,2106
2022-09-26,2125.5
2022-09-23,2153
2022-09-22,2195.5
2022-09-21,2191
2022-09-20,2245.5
2022-09-19,2232
2022-09-16,2259
2022-09-15,2272
2022-09-14,2227.5
2022-09-13,2309.5
2022-09-12,2288.5
2022-09-09,2280
2022-09-08,2256
2022-09-07,2230.5
2022-09-06,2260
2022-09-05,2290.5
2022-09-02,2309
2022-09-01,2306
2022-08-31,2368.5
2022-08-30,2406.5
2022-08-26,2495
2022-08-25,2442.5
2022-08-24,2422
2022-08-23,2438.5
2022-08-22,2387.5
2022-08-19,2376
2022-08-18,2412
2022-08-17,2414
2022-08-16,2442
2022-08-15,2389.5
2022-08-12,2468.5
2022-08-11,2498
2022-08-10,2462.5
2022-08-09,2488
2022-08-08,2435.5
2022-08-05,2447.5
2022-08-04,2374
2022-08-03,2403
2022-08-02,2448.5
2022-08-01,2469.5
2022-07-29,2452
2022-07-28,2458
2022-07-27,2390.5
2022-07-26,2437
2022-07-25,2431.5
2022-07-22,2460
2022-07-21,2426
2022-07-20,2456.5
2022-07-19,2412
2022-07-18,2377.5
2022-07-15,2320.5
2022-07-14,2329
2022-07-13,2343
2022-07-12,2358
2022-07-11,2417
2022-07-08,2399.5
2022-07-07,2417.5
2022-07-06,2358
2022-07-05,2374
2022-07-04,2431.5
2022-07-01,2384
2022-06-30,2397
2022-06-29,2452
2022-06-28,2500
2022-06-27,2453
2022-06-24,2436
2022-06-23,2480
2022-06-22,2455.5
2022-06-21,2519.5
2022-06-20,2462
2022-06-17,2474
2022-06-16,2500.5
2022-06-15,2580
2022-06-14,2588
2022-06-13,2589.5
2022-06-10,2695
2022-06-09,2752.5
2022-06-08,2765.5
2022-06-07,2715
2022-06-06,2742
2022-06-01,2701.5
2022-05-31,2816.5
2022-05-30,2863
2022-05-27,2823
2022-05-26,2825.5
2022-05-25,2829.5
2022-05-24,2881
2022-05-23,2963
2022-05-20,2931
2022-05-19,2826
2022-05-18,2845
2022-05-17,2836
2022-05-16,2791
2022-05-13,2723
2022-05-12,2688
2022-05-11,2737
2022-05-10,2677
2022-05-09,2708
2022-05-06,2832.5
2022-05-05,2917
2022-05-04,2929
2022-05-03,2911.5
2022-04-29,3039
2022-04-28,3065.5
2022-04-27,3100
2022-04-26,3102.5
2022-04-25,3090
2022-04-22,3244
2022-04-21,3262
2022-04-20,3240
2022-04-19,3312
2022-04-14,3237.5
2022-04-13,3207
2022-04-12,3214.5
2022-04-11,3234.5
2022-04-08,3395
2022-04-07,3346
2022-04-06,3443.5
2022-04-05,3415
2022-04-04,3444
2022-04-01,3483
2022-03-31,3503
2022-03-30,3508
2022-03-29,3583
2022-03-28,3606
2022-03-25,3583
2022-03-24,3664
2022-03-23,3560
2022-03-22,3550.5
2022-03-21,3518
2022-03-18,3380.5
2022-03-17,3288
2022-03-16,3306
2022-03-15,3217.5
2022-03-14,3399
2022-03-11,3472
2022-03-10,3535
2022-03-09,3532
2022-03-08,3500.5
2022-03-07,3984.5
2022-03-04,3851
2022-03-03,3728.5
2022-03-02,3605
2022-03-01,3495.5
2022-02-28,3450
2022-02-25,3355.5
2022-02-24,3519
2022-02-23,3323.5
2022-02-22,3420
2022-02-21,3315
2022-02-18,3314
2022-02-17,3294
2022-02-16,3282
2022-02-15,3223
2022-02-14,3306
2022-02-11,3200
2022-02-10,3313
2022-02-09,3248
2022-02-08,3245
2022-02-07,3148
2022-02-04,3087
2022-02-03,3058.5
2022-02-02,3043
2022-02-01,3072
2022-01-31,3076
2022-01-28,3110
2022-01-27,3107
2022-01-26,3093
2022-01-25,3064
2022-01-24,3044.5
2022-01-21,3079.5
2022-01-20,3109.5
2022-01-19,3036
2022-01-18,3006
2022-01-17,3009
2022-01-14,2977.5
2022-01-13,2960
2022-01-12,3003
2022-01-11,2950
2022-01-10,2923
2022-01-07,2919.5
2022-01-06,2912.5
2022-01-05,2866
2022-01-04,2815.5
2021-12-31,2806
2021-12-30,2829.5
2021-12-29,2835
2021-12-24,2848
2021-12-23,2818
2021-12-22,2811
2021-12-21,2696
2021-12-20,2645.5
2021-12-17,2694
2021-12-16,2630
2021-12-15,2597
2021-12-14,2636
2021-12-13,2677
2021-12-10,2625
2021-12-09,2630.5
2021-12-08,2626
2021-12-07,2625
2021-12-06,2600.5
2021-12-03,2648
2021-12-02,2655
2021-12-01,2669.5
2021-11-30,2635
2021-11-29,2650
2021-11-26,2618.5
2021-11-25,2740.5
2021-11-24,2699
2021-11-23,2691
2021-11-22,2653.5
2021-11-19,2661
2021-11-18,2607.5
2021-11-17,2628
2021-11-16,2628.5
2021-11-15,2678
2021-11-12,2676
2021-11-11,2645.5
2021-11-10,2554
2021-11-09,2582
2021-11-08,2530.5
2021-11-05,2490.5
2021-11-04,2643
2021-11-03,2706
2021-11-02,2680
2021-11-01,2713
2021-10-29,2695
2021-10-28,2721
2021-10-27,2704
2021-10-26,2831
2021-10-25,2917
2021-10-22,2946
2021-10-21,3014
2021-10-20,3065
2021-10-19,3176
2021-10-18,3180
2021-10-15,3163
2021-10-14,3152
2021-10-13,3076
2021-10-12,3052
2021-10-11,3020
2021-10-08,2902
2021-10-07,2916
2021-10-06,2880
2021-10-05,2894.5
2021-10-04,2889
2021-10-01,2865
2021-09-30,2851
2021-09-29,2913
2021-09-28,2899
2021-09-27,2888
2021-09-24,2905.5
2021-09-23,2937
2021-09-22,2887
2021-09-21,2864
2021-09-20,2847
2021-09-17,2915
2021-09-16,2869
2021-09-15,2868
2021-09-14,2847
2021-09-13,2950
2021-09-10,2896.5
2021-09-09,2817
2021-09-08,2775
2021-09-07,2740.5
2021-09-06,2745.5
2021-09-03,2696
2021-09-02,2694.5
2021-09-01,2667.5
2021-08-31,2714
2021-08-27,2673.5
2021-08-26,2635
2021-08-25,2647.5
2021-08-24,2648.5
2021-08-23,2609
2021-08-20,2569
2021-08-19,2544
2021-08-18,2589.5
2021-08-17,2633
2021-08-16,2644
2021-08-13,2602.5
2021-08-12,2602
2021-08-11,2578
2021-08-10,2579
2021-08-09,2547
2021-08-06,2618.5
2021-08-05,2583.5
2021-08-04,2575.5
2021-08-03,2595.5
2021-08-02,2635
2021-07-30,2624
2021-07-29,2556.5
2021-07-28,2516
2021-07-27,2497.5
2021-07-26,2499.5
2021-07-23,2492
2021-07-22,2449
2021-07-21,2432
2021-07-20,2424.5
2021-07-19,2425
2021-07-16,2493
2021-07-15,2495
2021-07-14,2509
2021-07-13,2478
2021-07-12,2449
2021-07-09,2470
2021-07-08,2435
2021-07-07,2508.5
2021-07-06,2529.5
2021-07-05,2539.5
2021-07-02,2519.5
2021-07-01,2481
2021-06-30,2523
2021-06-29,2518.5
2021-06-28,2458
2021-06-25,2451
2021-06-24,2397.5
2021-06-23,2386.5
2021-06-22,2375.5
2021-06-21,2353.5
2021-06-18,2374
2021-06-17,2427.5
2021-06-16,2454.5
2021-06-15,2458.5
2021-06-14,2504
2021-06-11,2490
2021-06-10,2470
2021-06-09,2459
2021-06-08,2439
2021-06-07,2417.5
2021-06-04,2412.5
2021-06-03,2386.5
2021-06-02,2442
2021-06-01,2461.5
2021-05-28,2404.5
2021-05-27,2388
2021-05-26,2359.5
2021-05-25,2341
2021-05-24,2305
2021-05-21,2403
2021-05-20,2392
2021-05-19,2402.5
2021-05-18,2468
2021-05-17,2455
2021-05-14,2438
2021-05-13,2422.5
2021-05-12,2474
2021-05-11,2549.5
2021-05-10,2565
2021-05-07,2518.5
2021-05-06,2476.5
2021-05-05,2446
2021-05-04,2434.5
2021-04-30,2445
2021-04-29,2432
2021-04-28,2392.5
2021-04-27,2389
2021-04-26,2388
2021-04-23,2373.5
2021-04-22,2373.5
2021-04-21,2344
2021-04-20,2324
2021-04-19,2331
2021-04-16,2308.5
2021-04-15,2328
2021-04-14,2297.5
2021-04-13,2278
2021-04-12,2254
2021-04-09,2250
2021-04-08,2267.5
2021-04-07,2239.5
2021-04-06,2247
2021-04-01,2212.5
2021-03-31,2212.5
2021-03-30,2220.5
2021-03-29,2255.5
2021-03-26,2260.5
2021-03-25,2208
2021-03-24,2220.5
2021-03-23,2205
2021-03-22,2254
2021-03-19,2188
2021-03-18,2192
2021-03-17,2202.5
2021-03-16,2174.5
2021-03-15,2184.5
2021-03-12,2139
2021-03-11,2159
2021-03-10,2149.5
2021-03-09,2141
2021-03-08,2152.5
2021-03-05,2185
2021-03-04,2169
2021-03-03,2203
2021-03-02,2176
2021-03-01,2154.5
2021-02-26,2202.5
2021-02-25,2223
2021-02-24,2145.5
2021-02-23,2136.5
2021-02-22,2153.5
2021-02-19,2135
2021-02-18,2147
2021-02-17,2096.5
2021-02-16,2077
2021-02-15,2079
2021-02-12,2076
2021-02-11,2075.5
2021-02-10,2070.5
2021-02-09,2045.5
2021-02-08,2025.5
2021-02-05,2007.5
2021-02-04,1979.5
2021-02-03,1973
2021-02-02,1958
2021-02-01,1985.5
2021-01-29,1987
2021-01-28,1979
2021-01-27,2003.5
2021-01-26,2025
2021-01-25,2011.5
2021-01-22,1975.5
2021-01-21,1992.5
2021-01-20,1976
2021-01-19,1951.5
2021-01-18,1979.5
2021-01-15,2000.5
2021-01-14,2010.5
2021-01-13,2009.5
2021-01-12,2025.5
2021-01-11,2008
2021-01-08,2029.5
2021-01-07,2008
2021-01-06,2062.5
2021-01-05,2027.5
2021-01-04,2013.5
2020-12-31,1978
2020-12-30,1995.5
2020-12-29,2000
2020-12-24,2022
2020-12-23,1999
2020-12-22,1993
2020-12-21,2012.5
2020-12-18,2049
2020-12-17,2028
2020-12-16,2029
2020-12-15,2022
2020-12-14,2042.5
2020-12-11,2022
2020-12-10,2031
2020-12-09,2010
2020-12-08,1986
2020-12-07,2004
2020-12-04,2027.5
2020-12-03,2028
2020-12-02,2051.5
2020-12-01,2045.5
2020-11-30,2014.5
2020-11-27,1975
2020-11-26,1961.5
2020-11-25,1967
2020-11-24,1964.5
2020-11-23,1969.5
2020-11-20,1984
2020-11-19,1983
2020-11-18,1978
2020-11-17,1944.5
2020-11-16,1933
2020-11-13,1918
2020-11-12,1904.5
2020-11-11,1905
2020-11-10,1880
2020-11-09,1913
2020-11-06,1891.5
2020-11-05,1885.5
2020-11-04,1877
2020-11-03,1891
2020-11-02,1834.5
2020-10-30,1820.5
2020-10-29,1786
2020-10-28,1801
2020-10-27,1808
2020-10-26,1822.5
2020-10-23,1829
2020-10-22,1828
2020-10-21,1842.5
2020-10-20,1826
2020-10-19,1848
2020-10-16,1865.5
2020-10-15,1824
2020-10-14,1836
2020-10-13,1841
2020-10-12,1829.5
2020-10-09,1805.5
2020-10-08,1786
2020-10-07,1745.5
2020-10-06,1755
2020-10-05,1741.5
2020-10-02,1705
2020-10-01,1716
2020-09-30,1737
2020-09-29,1746
2020-09-28,1737
2020-09-25,1708.5
2020-09-24,1697
2020-09-23,1718.5
2020-09-22,1744
2020-09-21,1752.5
2020-09-18,1745
2020-09-17,1743.5
2020-09-16,1759
2020-09-15,1767
2020-09-14,1749
2020-09-11,1746.5
2020-09-10,1743.5
2020-09-09,1740
2020-09-08,1744
2020-09-07,1763
2020-09-04,1753
2020-09-03,1743.5
2020-09-02,1778.5
2020-09-01,1781.5
2020-08-28,1762
2020-08-27,1738
2020-08-26,1737
2020-08-25,1733
2020-08-24,1735.5
2020-08-21,1722.5
2020-08-20,1755.5
2020-08-19,1746.5
2020-08-18,1733
2020-08-17,1719.5
2020-08-14,1730
2020-08-13,1738
2020-08-12,1754
2020-08-11,1749.5
2020-08-10,1730
2020-08-07,1744
2020-08-06,1722
2020-08-05,1739
2020-08-04,1709.5
2020-08-03,1679.5
2020-07-31,1685.5
2020-07-30,1681.5
2020-07-29,1687
2020-07-28,1671
2020-07-27,1661.5
2020-07-24,1654.5
2020-07-23,1661
2020-07-22,1651
2020-07-21,1646.5
2020-07-20,1621
2020-07-17,1618
2020-07-16,1627
2020-07-15,1651
2020-07-14,1640
2020-07-13,1664.5
2020-07-10,1639.5
2020-07-09,1659.5
2020-07-08,1619
2020-07-07,1596.5
2020-07-06,1593
2020-07-03,1581.5
2020-07-02,1601.5
2020-07-01,1593.5
2020-06-30,1602
2020-06-29,1589
2020-06-26,1582
2020-06-25,1543.5
2020-06-24,1564
2020-06-23,1577.5
2020-06-22,1573
2020-06-19,1578
2020-06-18,1586.5
2020-06-17,1577.5
2020-06-16,1573.5
2020-06-15,1546
2020-06-12,1560
2020-06-11,1582
2020-06-10,1613.5
2020-06-09,1565.5
2020-06-08,1569.5
2020-06-05,1553.5
2020-06-04,1535
2020-06-03,1526
2020-06-02,1499.5
2020-06-01,1511.5
2020-05-29,1515
2020-05-28,1500.5
2020-05-27,1504
2020-05-26,1486
2020-05-22,1473
2020-05-21,1487
2020-05-20,1454
2020-05-19,1464
2020-05-18,1441.5
2020-05-15,1432.5
2020-05-14,1433.5
2020-05-13,1439
2020-05-12,1443
2020-05-11,1454.5
2020-05-07,1450
2020-05-06,1443
2020-05-05,1438.5
2020-05-04,1437
2020-05-01,1440
2020-04-30,1460.5
2020-04-29,1464
2020-04-28,1465
2020-04-27,1472.5
2020-04-24,1473
2020-04-23,1473.5
2020-04-22,1461.5
2020-04-21,1443.5
2020-04-20,1451.5
2020-04-17,1482.5
2020-04-16,1476
2020-04-15,1469.5
2020-04-14,1456
2020-04-09,1428.5
2020-04-08,1421.5
2020-04-07,1455.5
2020-04-06,1424.5
2020-04-03,1452
2020-04-02,1448.5
2020-04-01,1463.5
2020-03-31,1489
2020-03-30,1495
2020-03-27,1506
2020-03-26,1507.5
2020-03-25,1507.5
2020-03-24,1532.5
2020-03-23,1536
2020-03-20,1580.5
2020-03-19,1581
2020-03-18,1602.5
2020-03-17,1628
2020-03-16,1640.5
2020-03-13,1677
2020-03-12,1643
2020-03-11,1670.5
2020-03-10,1689
2020-03-09,1643.5
2020-03-06,1687
2020-03-05,1715
2020-03-04,1723.5
2020-03-03,1706
2020-03-02,1684.5
2020-02-28,1663
2020-02-27,1671
2020-02-26,1676.5
2020-02-25,1685
2020-02-24,1672.5
2020-02-21,1677
2020-02-20,1687
2020-02-19,1686
2020-02-18,1681
2020-02-17,1678.5
2020-02-14,1704.5
2020-02-13,1701.5
2020-02-12,1707
2020-02-11,1689.5
2020-02-10,1676
2020-02-07,1693.5
2020-02-06,1698
2020-02-05,1688
2020-02-04,1687
2020-02-03,1694.5
2020-01-31,1709.5
2020-01-30,1722.5
2020-01-29,1732.5
2020-01-28,1744.5
2020-01-27,1755.5
2020-01-24,1775.5
2020-01-23,1781.5
2020-01-22,1807.5
2020-01-21,1810.5
2020-01-20,1807
2020-01-17,1796
2020-01-16,1794
2020-01-15,1778.5
2020-01-14,1767.5
2020-01-13,1766.5
2020-01-10,1771.5
2020-01-09,1771
2020-01-08,1771.5
2020-01-07,1794
2020-01-06,1791
2020-01-03,1758
2020-01-02,1772
2019-12-31,1800
2019-12-30,1791
2019-12-27,1789
2019-12-24,1790.5
2019-12-23,1771.5
2019-12-20,1770.5
2019-12-19,1765.5
2019-12-18,1758
2019-12-17,1754
2019-12-16,1763
2019-12-13,1763.5
2019-12-12,1755
2019-12-11,1751.5
2019-12-10,1750
2019-12-09,1766
2019-12-06,1750.5
2019-12-05,1756
2019-12-04,1771
2019-12-03,1802
2019-12-02,1789.5
2019-11-29,1785.5
2019-11-28,1765
2019-11-27,1770.5
2019-11-26,1750.5
2019-11-25,1753
2019-11-22,1750
2019-11-21,1753
2019-11-20,1748
2019-11-19,1734.5
2019-11-18,1744
2019-11-15,1741
2019-11-14,1756
2019-11-13,1768
2019-11-12,1765.5
2019-11-11,1805
2019-11-08,1827.5
2019-11-07,1817.5
2019-11-06,1817.5
2019-11-05,1813.5
2019-11-04,1787
2019-11-01,1766
2019-10-31,1742.5
2019-10-30,1746.5
2019-10-29,1737.5
2019-10-28,1727
2019-10-25,1710.5
2019-10-24,1715
2019-10-23,1712
2019-10-22,1707.5
2019-10-21,1735.5
2019-10-18,1729
2019-10-17,1726
2019-10-16,1703.5
2019-10-15,1702
2019-10-14,1704.5
2019-10-11,1721
2019-10-10,1738
2019-10-09,1729
2019-10-08,1732
2019-10-07,1713
2019-10-04,1701.5
2019-10-03,1697
2019-10-02,1697
2019-10-01,1705.5
2019-09-30,1703.5
2019-09-27,1713
2019-09-26,1724
2019-09-25,1736
2019-09-24,1751.5
2019-09-23,1756
2019-09-20,1766
2019-09-19,1762.5
2019-09-18,1751
2019-09-17,1746.5
2019-09-16,1770.5
2019-09-13,1768
2019-09-12,1774
2019-09-11,1792.5
2019-09-10,1776
2019-09-09,1769
2019-09-06,1761.5
2019-09-05,1754.5
2019-09-04,1734.5
2019-09-03,1714.5
2019-09-02,1716.5
2019-08-30,1712.5
2019-08-29,1713.5
2019-08-28,1724
2019-08-27,1744
2019-08-23,1746
2019-08-22,1739
2019-08-21,1751
2019-08-20,1756.5
2019-08-19,1762.5
2019-08-16,1755.5
2019-08-15,1742.5
2019-08-14,1741
2019-08-13,1731
2019-08-12,1743
2019-08-09,1746
2019-08-08,1737.5
2019-08-07,1728
2019-08-06,1740.5
2019-08-05,1739.5
2019-08-02,1749
2019-08-01,1757
2019-07-31,1776.5
2019-07-30,1781.5
2019-07-29,1774.5
2019-07-26,1778
2019-07-25,1795.5
2019-07-24,1795.5
2019-07-23,1795
2019-07-22,1808
2019-07-19,1833
2019-07-18,1827.5
2019-07-17,1819
2019-07-16,1818
2019-07-15,1810
2019-07-12,1799.5
2019-07-11,1807
2019-07-10,1811.5
2019-07-09,1783
2019-07-08,1783
2019-07-05,1779.5
2019-07-04,1771.5
2019-07-03,1754.5
2019-07-02,1755.5
2019-07-01,1778
2019-06-28,1773.5
2019-06-27,1782
2019-06-26,1803
2019-06-25,1776.5
2019-06-24,1747.5
2019-06-21,1743.5
2019-06-20,1778
2019-06-19,1746.5
2019-06-18,1733
2019-06-17,1719.5
2019-06-14,1737.5
2019-06-13,1756
2019-06-12,1753.5
2019-06-11,1754.5
2019-06-10,1720.5
2019-06-07,1733
2019-06-06,1742.5
2019-06-05,1766
2019-06-04,1751.5
2019-06-03,1763.5
2019-05-31,1761
2019-05-30,1762
2019-05-29,1770
2019-05-28,1773
2019-05-24,1761.5
2019-05-23,1740
2019-05-22,1747
2019-05-21,1766
2019-05-20,1786
2019-05-17,1805
2019-05-16,1832
2019-05-15,1802
2019-05-14,1792
2019-05-13,1765.5
2019-05-10,1765
2019-05-09,1766.5
2019-05-08,1761
2019-05-07,1767
2019-05-03,1783.5
2019-05-02,1800.5
2019-05-01,1775.5
2019-04-30,1809
2019-04-29,1816
2019-04-26,1832
2019-04-25,1852
2019-04-24,1854
2019-04-23,1855
2019-04-18,1839
2019-04-17,1840.5
2019-04-16,1839
2019-04-15,1843.5
2019-04-12,1843.5
2019-04-11,1847.5
2019-04-10,1852
2019-04-09,1851
2019-04-08,1858.5
2019-04-05,1864
2019-04-04,1872
2019-04-03,1865
2019-04-02,1858
2019-04-01,1888
2019-03-29,1900
2019-03-28,1896.5
2019-03-27,1898.5
2019-03-26,1849.5
2019-03-25,1856
2019-03-22,1867
2019-03-21,1891
2019-03-20,1923
2019-03-19,1907.5
2019-03-18,1879
2019-03-15,1868
2019-03-14,1873.5
2019-03-13,1873
2019-03-12,1851
2019-03-11,1830
2019-03-08,1848
2019-03-07,1841
2019-03-06,1846
2019-03-05,1868.5
2019-03-04,1859.5
2019-03-01,1890.5
2019-02-28,1893
2019-02-27,1898.5
2019-02-26,1870
2019-02-25,1886
2019-02-22,1890.5
2019-02-21,1858.5
2019-02-20,1829.5
2019-02-19,1833.5
2019-02-18,1822.5
2019-02-15,1828.5
2019-02-14,1829
2019-02-13,1840
2019-02-12,1840.5
2019-02-11,1848
2019-02-08,1865
2019-02-07,1862.5
2019-02-06,1886.5
2019-02-05,1896.5
2019-02-04,1840
2019-02-01,1872.5
2019-01-31,1880.5
2019-01-30,1871
2019-01-29,1853
2019-01-28,1860
2019-01-25,1866.5
2019-01-24,1851
2019-01-23,1877.5
2019-01-22,1867.5
2019-01-21,1842.5
2019-01-18,1851
2019-01-17,1804
2019-01-16,1839.5
2019-01-15,1810.5
2019-01-14,1775.5
2019-01-11,1816
2019-01-10,1844
2019-01-09,1842
2019-01-08,1837
2019-01-07,1858
2019-01-04,1879
2019-01-03,1825.5
2019-01-02,1858
2018-12-31,1869.5
2018-12-28,1881
2018-12-27,1898
2018-12-24,1898.5
2018-12-21,1920
2018-12-20,1923.5
2018-12-19,1928
2018-12-18,1940
2018-12-17,1937.5
2018-12-14,1908
2018-12-13,1924
2018-12-12,1928
2018-12-11,1949.5
2018-12-10,1951
2018-12-07,1962
2018-12-06,1945
2018-12-05,1966.5
2018-12-04,1985
2018-12-03,1982.5
2018-11-30,1935
2018-11-29,1933
2018-11-28,1912.5
2018-11-27,1925
2018-11-26,1920
2018-11-23,1922.5
2018-11-22,1941.5
2018-11-21,1945
2018-11-20,1927
2018-11-19,1918
2018-11-16,1914
2018-11-15,1917
2018-11-14,1931
2018-11-13,1925
2018-11-12,1934
2018-11-09,1964.5
2018-11-08,1977
2018-11-07,1951.5
2018-11-06,1950
2018-11-05,1959
2018-11-02,1967
2018-11-01,1961
2018-10-31,1946
2018-10-30,1952
2018-10-29,1980.5
2018-10-26,1961
2018-10-25,1981
2018-10-24,1987.5
2018-10-23,1997
2018-10-22,2002.5
2018-10-19,2022.5
2018-10-18,2007.5
2018-10-17,2018
2018-10-16,2022
2018-10-15,2028
2018-10-12,2045
2018-10-11,2024
2018-10-10,2029
2018-10-09,2031.5
2018-10-08,2073.5
2018-10-05,2140
2018-10-04,2243.5
2018-10-03,2166.5
2018-10-02,2080
2018-10-01,2047.5
2018-09-28,2011.5
2018-09-27,2030
2018-09-26,2056.5
2018-09-25,2020
2018-09-24,2035
2018-09-21,2034
2018-09-20,2018.5
2018-09-19,1981
2018-09-18,2012
2018-09-17,1985
2018-09-14,2015.5
2018-09-13,2014.5
2018-09-12,1981.5
2018-09-11,2035
2018-09-10,2000
2018-09-07,2030
2018-09-06,2030.5
2018-09-05,2046
2018-09-04,2040
2018-09-03,2083.5
2018-08-31,2112
2018-08-30,2127
2018-08-29,2116
2018-08-28,2088
2018-08-24,2062
2018-08-23,2021.5
2018-08-22,2038.5
2018-08-21,2040.5
2018-08-20,2033
2018-08-17,1999
2018-08-16,1998
2018-08-15,1994.5
2018-08-14,2038
2018-08-13,2052
2018-08-10,2039
2018-08-09,2118
2018-08-08,2022
2018-08-07,2026.5
2018-08-06,2000.5
2018-08-03,2016
2018-08-02,2023
2018-08-01,2036
2018-07-31,2061
2018-07-30,2054
2018-07-27,2055
2018-07-26,2054
2018-07-25,2056.5
2018-07-24,2082
2018-07-23,2130
2018-07-20,2075
2018-07-19,2062
2018-07-18,2040
2018-07-17,2110
2018-07-16,2130
2018-07-13,2102
2018-07-12,2104.5
2018-07-11,2120.5
2018-07-10,2140.5
2018-07-09,2135.5
2018-07-06,2098.5
2018-07-05,2127
2018-07-04,2120.5
2018-07-03,2165
2018-07-02,2153
2018-06-29,2183
2018-06-28,2173
2018-06-27,2204.5
2018-06-26,2152
2018-06-25,2172
2018-06-22,2166
2018-06-21,2167
2018-06-20,2179
2018-06-19,2179
2018-06-18,2220.5
2018-06-15,2239.5
2018-06-14,2277.5
2018-06-13,2278
2018-06-12,2309
2018-06-11,2300
2018-06-08,2287.5
2018-06-07,2331
2018-06-06,2317.5
2018-06-05,2314.5
2018-06-04,2324.5
2018-06-01,2271
2018-05-31,2285.5
2018-05-30,2265.5
2018-05-29,2260
2018-05-25,2282
2018-05-24,2271
2018-05-23,2227
2018-05-22,2265.5
2018-05-21,2278.5
2018-05-18,2297
2018-05-17,2280
2018-05-16,2319.5
2018-05-15,2313
2018-05-14,2285.5
2018-05-11,2273.5
2018-05-10,2327
2018-05-09,2295
2018-05-08,2384
2018-05-04,2316
2018-05-03,2349
2018-05-02,2269
2018-05-01,2258
2018-04-30,2224
2018-04-27,2249
2018-04-26,2204
2018-04-25,2248
2018-04-24,2222
2018-04-23,2452
2018-04-20,2463
2018-04-19,2602.5
2018-04-18,2528.5
2018-04-17,2375.5
2018-04-16,2358.5
2018-04-13,2325
2018-04-12,2220.5
2018-04-11,2253
2018-04-10,2171.5
2018-04-09,2113
2018-04-06,1967
2018-04-05,1969
2018-04-04,1972
2018-04-03,2010
2018-03-29,1997
2018-03-28,2009
2018-03-27,2035
2018-03-26,2022
2018-03-23,2049
2018-03-22,2059
2018-03-21,2056.5
2018-03-20,2073
2018-03-19,2070.5
2018-03-16,2069
2018-03-15,2062.5
2018-03-14,2096
2018-03-13,2080
2018-03-12,2097
2018-03-09,2078.5
2018-03-08,2082.5
2018-03-07,2112.5
2018-03-06,2136
2018-03-05,2135
2018-03-02,2144
2018-03-01,2143
2018-02-28,2158.5
2018-02-27,2172.5
2018-02-26,2188.5
2018-02-23,2210
2018-02-22,2194
2018-02-21,2190
2018-02-20,2239
2018-02-19,2266
2018-02-16,2189.5
2018-02-15,2164
2018-02-14,2138
2018-02-13,2123.5
2018-02-12,2129.5
2018-02-09,2142
2018-02-08,2168
2018-02-07,2181.5
2018-02-06,2196
2018-02-05,2202
2018-02-02,2228
2018-02-01,2218
2018-01-31,2224.5
2018-01-30,2229
2018-01-29,2251.5
2018-01-26,2238
2018-01-25,2237.5
2018-01-24,2216
2018-01-23,2213.5
2018-01-22,2235
2018-01-19,2256
2018-01-18,2225
2018-01-17,2187
2018-01-16,2172
2018-01-15,2227.5
2018-01-12,2215
2018-01-11,2179
2018-01-10,2159
2018-01-09,2143.5
2018-01-08,2177.5
2018-01-05,2205.5
2018-01-04,2230
2018-01-03,2241
2018-01-02,2256
2017-12-29,2241.5
2017-12-28,2246
2017-12-27,2199.5
2017-12-22,2137
2017-12-21,2108.5
2017-12-20,2092
2017-12-19,2061
2017-12-18,2047.5
2017-12-15,2036
2017-12-14,2017
2017-12-13,1997
2017-12-12,2004
2017-12-11,1991.5
2017-12-08,1992
2017-12-07,1994
2017-12-06,2028.5
2017-12-05,2052
2017-12-04,2052.5
2017-12-01,2046.5
2017-11-30,2033
2017-11-29,2062
2017-11-28,2100
2017-11-27,2109.5
2017-11-24,2104
2017-11-23,2090
2017-11-22,2085
2017-11-21,2062
2017-11-20,2067.5
2017-11-17,2077
2017-11-16,2106
2017-11-15,2082
2017-11-14,2085
2017-11-13,2100
2017-11-10,2090
2017-11-09,2078
2017-11-08,2103.5
2017-11-07,2131
2017-11-06,2152
2017-11-03,2165
2017-11-02,2152
2017-11-01,2188
2017-10-31,2140
2017-10-30,2143
2017-10-27,2119
2017-10-26,2175
2017-10-25,2149.5
2017-10-24,2144
2017-10-23,2133.5
2017-10-20,2159
2017-10-19,2128.5
2017-10-18,2106.5
2017-10-17,2111
2017-10-16,2144
2017-10-13,2140
2017-10-12,2117.5
2017-10-11,2124
2017-10-10,2133
2017-10-09,2135
2017-10-06,2121.5
2017-10-05,2124
2017-10-04,2139.5
2017-10-03,2114.5
2017-10-02,2067
2017-09-29,2110.5
2017-09-28,2102.5
2017-09-27,2117
2017-09-26,2116
2017-09-25,2128
2017-09-22,2137
2017-09-21,2154
2017-09-20,2164
2017-09-19,2107.5
2017-09-18,2066.5
2017-09-15,2068
2017-09-14,2065
2017-09-13,2083
2017-09-12,2083
2017-09-11,2100.5
2017-09-08,2072
2017-09-07,2075
2017-09-06,2069.5
2017-09-05,2082
2017-09-04,2095.5
2017-09-01,2113.5
2017-08-31,2113.5
2017-08-30,2066.5
2017-08-29,2092
2017-08-25,2096.5
2017-08-24,2105
2017-08-23,2082.5
2017-08-22,2104.5
2017-08-21,2084.5
2017-08-18,2104.5
2017-08-17,2095.5
2017-08-16,2075
2017-08-15,2056
2017-08-14,2030
2017-08-11,2040.5
2017-08-10,2024
2017-08-09,2018
2017-08-08,1981
2017-08-07,1920
2017-08-04,1890
2017-08-03,1891.5
2017-08-02,1904
2017-08-01,1887
2017-07-31,1904
2017-07-28,1892
2017-07-27,1923
2017-07-26,1912
2017-07-25,1896.5
2017-07-24,1890
2017-07-21,1901
2017-07-20,1898
2017-07-19,1907
2017-07-18,1887
2017-07-17,1901
2017-07-14,1904
2017-07-13,1911
2017-07-12,1877
2017-07-11,1879
2017-07-10,1914
2017-07-07,1920
2017-07-06,1925.5
2017-07-05,1913
2017-07-04,1903.5
2017-07-03,1917.5
2017-06-30,1908.5
2017-06-29,1897.5
2017-06-28,1886
2017-06-27,1861.5
2017-06-26,1855
2017-06-23,1868
2017-06-22,1872
2017-06-21,1865.5
2017-06-20,1889
2017-06-19,1861.5
2017-06-16,1861
2017-06-15,1864
2017-06-14,1886.5
2017-06-13,1877
2017-06-12,1888
2017-06-09,1901.5
2017-06-08,1902.5
2017-06-07,1903.5
2017-06-06,1893
2017-06-05,1917.5
2017-06-02,1916.5
2017-06-01,1930
2017-05-31,1919.5
2017-05-30,1943.5
2017-05-26,1950
2017-05-25,1954
2017-05-24,1944
2017-05-23,1926
2017-05-22,1943
2017-05-19,1938
2017-05-18,1905
2017-05-17,1928
2017-05-16,1915
2017-05-15,1899.5
2017-05-12,1880
2017-05-11,1887
2017-05-10,1870
2017-05-09,1874
2017-05-08,1879
2017-05-05,1907
2017-05-04,1909.5
2017-05-03,1916
2017-05-02,1909
2017-04-28,1930
2017-04-27,1954.5
2017-04-26,1957.5
2017-04-25,1943
2017-04-24,1928
2017-04-21,1932.5
2017-04-20,1933
2017-04-19,1895.5
2017-04-18,1915.5
2017-04-13,1890
2017-04-12,1907
2017-04-11,1907.5
2017-04-10,1929
2017-04-07,1929.5
2017-04-06,1956
2017-04-05,1962
2017-04-04,1938
2017-04-03,1948.5
2017-03-31,1946.5
2017-03-30,1955
2017-03-29,1931
2017-03-28,1918.5
2017-03-27,1916
2017-03-24,1917.5
2017-03-23,1913
2017-03-22,1910
2017-03-21,1918
2017-03-20,1908
2017-03-17,1901
2017-03-16,1895
2017-03-15,1863
2017-03-14,1851
2017-03-13,1882
2017-03-10,1884.5
2017-03-09,1847
2017-03-08,1881
2017-03-07,1858
2017-03-06,1868
2017-03-03,1909
2017-03-02,1929
2017-03-01,1934
2017-02-28,1895
2017-02-27,1908
2017-02-24,1877
2017-02-23,1882.5
2017-02-22,1873
2017-02-21,1878
2017-02-20,1878
2017-02-17,1865.5
2017-02-16,1878
2017-02-15,1871
2017-02-14,1893
2017-02-13,1867.5
2017-02-10,1849
2017-02-09,1839
2017-02-08,1821
2017-02-07,1809
2017-02-06,1812
2017-02-03,1808.5
2017-02-02,1813
2017-02-01,1818
2017-01-31,1820.5
2017-01-30,1807
2017-01-27,1827.5
2017-01-26,1837.5
2017-01-25,1849
2017-01-24,1870
2017-01-23,1870
2017-01-20,1839
2017-01-19,1832
2017-01-18,1800.5
2017-01-17,1805.5
2017-01-16,1812
2017-01-13,1790.5
2017-01-12,1788
2017-01-11,1748.5
2017-01-10,1757.5
2017-01-09,1717
2017-01-06,1722
2017-01-05,1709.5
2017-01-04,1701
2017-01-03,1702
2016-12-30,1713.5
2016-12-29,1713
2016-12-28,1726.5
2016-12-27,NA
2016-12-23,1740
2016-12-22,1737.5
2016-12-21,1730.5
2016-12-20,1722.5
2016-12-19,1717
2016-12-16,1732.5
2016-12-15,1736
2016-12-14,1752
2016-12-13,1755
2016-12-12,1749.5
2016-12-09,1742.5
2016-12-08,1731.5
2016-12-07,1728
2016-12-06,1718
2016-12-05,1728
2016-12-02,1715
2016-12-01,1724
2016-11-30,1722.5
2016-11-29,1722
2016-11-28,1766.5
2016-11-25,1751
2016-11-24,1774
2016-11-23,1765.5
2016-11-22,1739
2016-11-21,1726
2016-11-18,1712
2016-11-17,1692.5
2016-11-16,1719
2016-11-15,1727
2016-11-14,1765
2016-11-11,1777
2016-11-10,1772.5
2016-11-09,1737.5
2016-11-08,1706
2016-11-07,1716
2016-11-04,1718.5
2016-11-03,1726
2016-11-02,1709
2016-11-01,1732
2016-10-31,1723
2016-10-28,1701.5
2016-10-27,1681.5
2016-10-26,1673
2016-10-25,1651
2016-10-24,1626.5
2016-10-21,1617
2016-10-20,1612.5
2016-10-19,1622
2016-10-18,1663.5
2016-10-17,1645
2016-10-14,1685
2016-10-13,1681
2016-10-12,1684
2016-10-11,1673
2016-10-10,1678
2016-10-07,1675
2016-10-06,1667.5
2016-10-05,1662.5
2016-10-04,1670.5
2016-10-03,1650
2016-09-30,1658.5
2016-09-29,1653
2016-09-28,1648.5
2016-09-27,1648
2016-09-26,1620
2016-09-23,1637.5
2016-09-22,1611.5
2016-09-21,1570
2016-09-20,1563
2016-09-19,1558.5
2016-09-16,1560
2016-09-15,1560
2016-09-14,1552.5
2016-09-13,1556.5
2016-09-12,1545.5
2016-09-09,1567.5
2016-09-08,1566
2016-09-07,1582.5
2016-09-06,1573.5
2016-09-05,1568.5
2016-09-02,1592
2016-09-01,1587
2016-08-31,1601
2016-08-30,1627.5
2016-08-26,1627.5
2016-08-25,1624
2016-08-24,1656.5
2016-08-23,1653
2016-08-22,1652
2016-08-19,1648.5
2016-08-18,1690.5
2016-08-17,1685.5
2016-08-16,1676
2016-08-15,1644.5
2016-08-12,1635
2016-08-11,1630
2016-08-10,1646
2016-08-09,1626
2016-08-08,1645
2016-08-05,1628
2016-08-04,1616
2016-08-03,1620
2016-08-02,1635.5
2016-08-01,1645.5
2016-07-29,1616
2016-07-28,1598
2016-07-27,1584
2016-07-26,1590.5
2016-07-25,1601
2016-07-22,1600
2016-07-21,1594.5
2016-07-20,1609
2016-07-19,1643
2016-07-18,1645
2016-07-15,1682
2016-07-14,1672
2016-07-13,1669.5
2016-07-12,1646
2016-07-11,1653
2016-07-08,1640.5
2016-07-07,1637
2016-07-06,1623.5
2016-07-05,1624
2016-07-04,1653
2016-07-01,1645
2016-06-30,1635
2016-06-29,1614
2016-06-28,1602.5
2016-06-27,1592
2016-06-24,1600.5
2016-06-23,1628
2016-06-22,1624
2016-06-21,1623.5
2016-06-20,1607.5
2016-06-17,1602.5
2016-06-16,1592.5
2016-06-15,1613.5
2016-06-14,1605
2016-06-13,1581.5
2016-06-10,1584
2016-06-09,1591.5
2016-06-08,1596
2016-06-07,1541
2016-06-06,1548
2016-06-03,1543
2016-06-02,1559
2016-06-01,1544
2016-05-31,1548
2016-05-27,1552
2016-05-26,1553
2016-05-25,1539
2016-05-24,1553
2016-05-23,1526
2016-05-20,1559
2016-05-19,1536
2016-05-18,1529.5
2016-05-17,1532
2016-05-16,1525.5
2016-05-13,1529
2016-05-12,1545
2016-05-11,1560
2016-05-10,1542.5
2016-05-09,1556.5
2016-05-06,1599
2016-05-05,1601.5
2016-05-04,1611
2016-05-03,1629
2016-04-29,1673
2016-04-28,1649
2016-04-27,1642.5
2016-04-26,1632
2016-04-25,1641
2016-04-22,1635
2016-04-21,1628
2016-04-20,1598
2016-04-19,1565.5
2016-04-18,1547
2016-04-15,1535
2016-04-14,1548.5
2016-04-13,1545.5
2016-04-12,1514
2016-04-11,1493.5
2016-04-08,1492
2016-04-07,1485
2016-04-06,1481
2016-04-05,1498
2016-04-04,1523
2016-04-01,1524
2016-03-31,1491.5
2016-03-30,1478
2016-03-29,1473
2016-03-24,1469.5
2016-03-23,1480
2016-03-22,1481
2016-03-21,1486
2016-03-18,1498
2016-03-17,1503.5
2016-03-16,1495
2016-03-15,1508
2016-03-14,1532.5
2016-03-11,1548.5
2016-03-10,1565
2016-03-09,1564
2016-03-08,1590
2016-03-07,1600
2016-03-04,1587.5
2016-03-03,1603.5
2016-03-02,1597
2016-03-01,1590.5
2016-02-29,1621.5
2016-02-26,1588.5
2016-02-25,1600
2016-02-24,1552
2016-02-23,1575.5
2016-02-22,1573
2016-02-19,1552
2016-02-18,1530
2016-02-17,1520
2016-02-16,1528.5
2016-02-15,1505.5
2016-02-12,1499
2016-02-11,1494
2016-02-10,1499
2016-02-09,1492
2016-02-08,1496
2016-02-05,1531
2016-02-04,1532
2016-02-03,1514
2016-02-02,1524.5
2016-02-01,1520
2016-01-29,1529.5
2016-01-28,1527
2016-01-27,1508
2016-01-26,1480.5
2016-01-25,1480
2016-01-22,1497.5
2016-01-21,1470
2016-01-20,1461.5
2016-01-19,1494
2016-01-18,1486.5
2016-01-15,1467.5
2016-01-14,1478
2016-01-13,1453
2016-01-12,1457
2016-01-11,1471.5
2016-01-08,1476
2016-01-07,1455
2016-01-06,1457
2016-01-05,1473
2016-01-04,1466
2015-12-31,1507.5
2015-12-30,1507
2015-12-29,1535
2015-12-24,1541
2015-12-23,1539
2015-12-22,1518
2015-12-21,1510
2015-12-18,1508
2015-12-17,1482.5
2015-12-16,1478
2015-12-15,1477.5
2015-12-14,1476
2015-12-11,1500
2015-12-10,1479
2015-12-09,1494
2015-12-08,1462
2015-12-07,1498
2015-12-04,1503
2015-12-03,1462.5
2015-12-02,1460
2015-12-01,1442
2015-11-30,1442
2015-11-27,1479.5
2015-11-26,1470.5
2015-11-25,1428.5
2015-11-24,1433
2015-11-23,1424
2015-11-20,1475
2015-11-19,1446
2015-11-18,1454
2015-11-17,1463
2015-11-16,1457.5
2015-11-13,1476
2015-11-12,1484.5
2015-11-11,1494
2015-11-10,1486
2015-11-09,1506
2015-11-06,1491.5
2015-11-05,1473
2015-11-04,1472.5
2015-11-03,1470
2015-11-02,1452
2015-10-30,1447.5
2015-10-29,1440.5
2015-10-28,1434
2015-10-27,1454
2015-10-26,1468
2015-10-23,1480.5
2015-10-22,1480
2015-10-21,1491
2015-10-20,1506.5
2015-10-19,1536
2015-10-16,1542.5
2015-10-15,1567.5
2015-10-14,1569
2015-10-13,1560
2015-10-12,1607.5
2015-10-09,1607
2015-10-08,1552
2015-10-07,1567
2015-10-06,1546.5
2015-10-05,1547
2015-10-02,1545
2015-10-01,1578.5
2015-09-30,1562
2015-09-29,1549
2015-09-28,1537
2015-09-25,1566.5
2015-09-24,1560.5
2015-09-23,1572
2015-09-22,1578.5
2015-09-21,1612
2015-09-18,1624.5
2015-09-17,1606.5
2015-09-16,1598.5
2015-09-15,1600.5
2015-09-14,1599
2015-09-11,1614.5
2015-09-10,1607.5
2015-09-09,1628
2015-09-08,1593.5
2015-09-07,1588
2015-09-04,1601.5
2015-09-03,1606.5
2015-09-02,1570
2015-09-01,1577.5
2015-08-28,1550
2015-08-27,1528
2015-08-26,1513.5
2015-08-25,1526
2015-08-24,1485.5
2015-08-21,1523.5
2015-08-20,1544
2015-08-19,1522
2015-08-18,1532
2015-08-17,1523.5
2015-08-14,1540.5
2015-08-13,1539
2015-08-12,1547
2015-08-11,1547
2015-08-10,1553
2015-08-07,1556.5
2015-08-06,1553
2015-08-05,1569.5
2015-08-04,1577.5
2015-08-03,1564
2015-07-31,1594
2015-07-30,1608.5
2015-07-29,1619
2015-07-28,1609
2015-07-27,1600.5
2015-07-24,1594.5
2015-07-23,1604.5
2015-07-22,1610.5
2015-07-21,1630.5
2015-07-20,1636.5
2015-07-17,1663.5
2015-07-16,1664
2015-07-15,1674.5
2015-07-14,1653
2015-07-13,1659
2015-07-10,1652.5
2015-07-09,1649
2015-07-08,1620
2015-07-07,1645
2015-07-06,1644
2015-07-03,1685
2015-07-02,1693
2015-07-01,1666
2015-06-30,1646.5
2015-06-29,1642
2015-06-26,1668
2015-06-25,1671
2015-06-24,1690.5
2015-06-23,1680.5
2015-06-22,1650.5
2015-06-19,1650.5
2015-06-18,1680.5
2015-06-17,1675.5
2015-06-16,1661
2015-06-15,1660.5
2015-06-12,1701.5
2015-06-11,1701.5
2015-06-10,1727
2015-06-09,1723
2015-06-08,1695.5
2015-06-05,1693.5
2015-06-04,1697.5
2015-06-03,1716.5
2015-06-02,1711.5
2015-06-01,1691.5
2015-05-29,1705.5
2015-05-28,1719.5
2015-05-27,1699.5
2015-05-26,1710.5
2015-05-22,1726
2015-05-21,1736
2015-05-20,1749
2015-05-19,1750
2015-05-18,1795.5
2015-05-15,1813
2015-05-14,1846
2015-05-13,1860
2015-05-12,1855
2015-05-11,1852
2015-05-08,1864
2015-05-07,1870.5
2015-05-06,1915.5
2015-05-05,1910.5
2015-05-01,1919
2015-04-30,1909.5
2015-04-29,1890.5
2015-04-28,1868
2015-04-27,1827.5
2015-04-24,1830
2015-04-23,1805.5
2015-04-22,1817.5
2015-04-21,1826.5
2015-04-20,1858.5
2015-04-17,1846.5
2015-04-16,1857
2015-04-15,1811
2015-04-14,1770.5
2015-04-13,1781.5
2015-04-10,1773
2015-04-09,1773.5
2015-04-08,1775
2015-04-07,1785
2015-04-02,1770.5
2015-04-01,1765.5
2015-03-31,1789
2015-03-30,1776.5
2015-03-27,1772
2015-03-26,1783.5
2015-03-25,1764
2015-03-24,1786.5
2015-03-23,1787
2015-03-20,1763
2015-03-19,1782.5
2015-03-18,1771.5
2015-03-17,1770
2015-03-16,1761
2015-03-13,1744
2015-03-12,1742
2015-03-11,1754
2015-03-10,1749.5
2015-03-09,1760.5
2015-03-06,1785
2015-03-05,1788
2015-03-04,1787
2015-03-03,1783.5
2015-03-02,1797
2015-02-27,1794.5
2015-02-26,1798.5
2015-02-25,1783.5
2015-02-24,1792
2015-02-23,1772.5
2015-02-20,1796.5
2015-02-19,1802
2015-02-18,1797
2015-02-17,1800.5
2015-02-16,1814.5
2015-02-13,1831.5
2015-02-12,1818
2015-02-11,1811.5
2015-02-10,1843
2015-02-09,1855
2015-02-06,1871.5
2015-02-05,1849
2015-02-04,1862.5
2015-02-03,1870
2015-02-02,1852
2015-01-30,1837.5
2015-01-29,1822.5
2015-01-28,1849.5
2015-01-27,1847
2015-01-26,1818
2015-01-23,1830.5
2015-01-22,1867
2015-01-21,1831
2015-01-20,1830
2015-01-19,1825.5
2015-01-16,1798.5
2015-01-15,1782.5
2015-01-14,1767.5
2015-01-13,1766.5
2015-01-12,1779
2015-01-09,1798
2015-01-08,1776.5
2015-01-07,1762
2015-01-06,1772.5
2015-01-05,1793
2015-01-02,1821.5
2014-12-31,1831.5
2014-12-30,1835
2014-12-29,1827.5
2014-12-24,1834
2014-12-23,1852
2014-12-22,1878
2014-12-19,1888
2014-12-18,1888.5
2014-12-17,1863.5
2014-12-16,1875
2014-12-15,1916.5
2014-12-12,1918
2014-12-11,1935.5
2014-12-10,1950
2014-12-09,1945
2014-12-08,1960
2014-12-05,2002
2014-12-04,1975
2014-12-03,1967
2014-12-02,2015
2014-12-01,2021
2014-11-28,2071.5
2014-11-27,2099
2014-11-26,2099
2014-11-25,2084
2014-11-24,2060
2014-11-21,2077.5
2014-11-20,2017
2014-11-19,2025
2014-11-18,2015.5
2014-11-17,2049.5
2014-11-14,2020.5
2014-11-13,2065
2014-11-12,2062
2014-11-11,2018
2014-11-10,2041
2014-11-07,2077
2014-11-06,2052.5
2014-11-05,2038
2014-11-04,2050.5
2014-11-03,2056
2014-10-31,2057
2014-10-30,2015.5
2014-10-29,2012
2014-10-28,1990.5
2014-10-27,1963.5
2014-10-24,1950.5
2014-10-23,1984.5
2014-10-22,1980
2014-10-21,1972
2014-10-20,1954.5
2014-10-17,1929.5
2014-10-16,1873
2014-10-15,1912.5
2014-10-14,1909
2014-10-13,1903.5
2014-10-10,1891.5
2014-10-09,1924
2014-10-08,1920.5
2014-10-07,1886
2014-10-06,1898
2014-10-03,1883
2014-10-02,1869.5
2014-10-01,1898.5
2014-09-30,1935
2014-09-29,1914
2014-09-26,1924.5
2014-09-25,1927
2014-09-24,1922.5
2014-09-23,1939.5
2014-09-22,1925
2014-09-19,1949.5
2014-09-18,1950
2014-09-17,1966.5
2014-09-16,1969.5
2014-09-15,1958.5
2014-09-12,2008.5
2014-09-11,2002
2014-09-10,2012
2014-09-09,2045
2014-09-08,2082
2014-09-05,2075
2014-09-04,2085.5
2014-09-03,2078
2014-09-02,2083
2014-09-01,2082
2014-08-29,2114
2014-08-28,2108
2014-08-27,2082.5
2014-08-26,2082
2014-08-22,2055.5
2014-08-21,2058.5
2014-08-20,2037
2014-08-19,2028
2014-08-18,1995
2014-08-15,1980
2014-08-14,2005
2014-08-13,2026
2014-08-12,2040
2014-08-11,2032
2014-08-08,2017.5
2014-08-07,2014.5
2014-08-06,1983.5
2014-08-05,2002
2014-08-04,1979
2014-08-01,1964.5
2014-07-31,2016.5
2014-07-30,1982.5
2014-07-29,1974
2014-07-28,1987.5
2014-07-25,2008.5
2014-07-24,2013.5
2014-07-23,2011
2014-07-22,2020.5
2014-07-21,1988
2014-07-18,1958.5
2014-07-17,1967.5
2014-07-16,1962.5
2014-07-15,1928
2014-07-14,1923
2014-07-11,1906.5
2014-07-10,1885.5
2014-07-09,1924
2014-07-08,1910.5
2014-07-07,1894
2014-07-04,1893
2014-07-03,1890
2014-07-02,1862
2014-07-01,1837.5
2014-06-30,1850.5
2014-06-27,1850
2014-06-26,1857
2014-06-25,1866.5
2014-06-24,1858.5
2014-06-23,1857
2014-06-20,1845
2014-06-19,1844
2014-06-18,1828.5
2014-06-17,1808.5
2014-06-16,1802
2014-06-13,1801
2014-06-12,1822
2014-06-11,1835.5
2014-06-10,1865
2014-06-09,1870.5
2014-06-06,1817
2014-06-05,1828.5
2014-06-04,1796.5
2014-06-03,1802.5
2014-06-02,1816.5
2014-05-30,1823.5
2014-05-29,1784.5
2014-05-28,1801.5
2014-05-27,1777.5
2014-05-26,NA
2014-05-23,1781.5
2014-05-22,1745.5
2014-05-21,1714.5
2014-05-20,1722
2014-05-19,1724.5
2014-05-16,1731.5
2014-05-15,1753
2014-05-14,1757.5
2014-05-13,1739
2014-05-12,1739.5
2014-05-09,1718
2014-05-08,1717.5
2014-05-07,1728.5
2014-05-06,1749.5
2014-05-02,1736.5
2014-05-01,1736.5
2014-04-30,1769.5
2014-04-29,1779.5
2014-04-28,1800.5
2014-04-25,1823.5
2014-04-24,1840.5
2014-04-23,1835.5
2014-04-22,1847
2014-04-17,1837
2014-04-16,1833
2014-04-15,1816.5
2014-04-14,1833.5
2014-04-11,1840.5
2014-04-10,1853.5
2014-04-09,1791.5
2014-04-08,1785
2014-04-07,1793.5
2014-04-04,1810
2014-04-03,1782.5
2014-04-02,1776.5
2014-04-01,1744
2014-03-31,1730.5
2014-03-28,1709.5
2014-03-27,1682.5
2014-03-26,1705.5
2014-03-25,1716.5
2014-03-24,1688.5
2014-03-21,1677
2014-03-20,1674
2014-03-19,1672
2014-03-18,1690.5
2014-03-17,1684
2014-03-14,1698
2014-03-13,1703
2014-03-12,1716.5
2014-03-11,1746
2014-03-10,1715
2014-03-07,1729.5
2014-03-06,1732
2014-03-05,1741.5
2014-03-04,1687
2014-03-03,1674.5
2014-02-28,1724
2014-02-27,1716
2014-02-26,1735
2014-02-25,1708.5
2014-02-24,1699.5
2014-02-21,1734
2014-02-20,1717.5
2014-02-19,1726.5
2014-02-18,1693.5
2014-02-17,1700.5
2014-02-14,1710.5
2014-02-13,1687
2014-02-12,1686
2014-02-11,1671
2014-02-10,1672
2014-02-07,1678
2014-02-06,1654.5
2014-02-05,1663
2014-02-04,1641.5
2014-02-03,1658.5
2014-01-31,1663.5
2014-01-30,1686
2014-01-29,1709.5
2014-01-28,1713
2014-01-27,1711
2014-01-24,1726.5
2014-01-23,1732
2014-01-22,1747
2014-01-21,1742.5
2014-01-20,1767.5
2014-01-17,1766
2014-01-16,1752
2014-01-15,1715
2014-01-14,1725
2014-01-13,1716
2014-01-10,1716
2014-01-09,1713
2014-01-08,1736.5
2014-01-07,1733
2014-01-06,1717.5
2014-01-03,1738.5
2014-01-02,1755.5
2013-12-31,1764.5
2013-12-30,1771
2013-12-27,1753.5
2013-12-24,1710
2013-12-23,1718
2013-12-20,1739
2013-12-19,1735.5
2013-12-18,1749.5
2013-12-17,1745.5
2013-12-16,1745.5
2013-12-13,1750.5
2013-12-12,1759.5
2013-12-11,1769
2013-12-10,1762.5
2013-12-09,1749
2013-12-06,1728.5
2013-12-05,1728
2013-12-04,1702
2013-12-03,1695
2013-12-02,1699.5
2013-11-29,1711
2013-11-28,1701
2013-11-27,1721
2013-11-26,1735
2013-11-25,1734
2013-11-22,1747
2013-11-21,1730.5
2013-11-20,1740
2013-11-19,1738
2013-11-18,1737.5
2013-11-15,1738
2013-11-14,1740.5
2013-11-13,1746
2013-11-12,1755
2013-11-11,1760.5
2013-11-08,1765
2013-11-07,1776
2013-11-06,1784.5
2013-11-05,1767.5
2013-11-04,1788
2013-11-01,1817.5
2013-10-31,1833
2013-10-30,1843.5
2013-10-29,1849
2013-10-28,1839
2013-10-25,1807
2013-10-24,1802
2013-10-23,1822
2013-10-22,1829.5
2013-10-21,1807.5
2013-10-18,1808.5
2013-10-17,1796
2013-10-16,1787
2013-10-15,1805
2013-10-14,1822
2013-10-11,1830
2013-10-10,1818.5
2013-10-09,1839
2013-10-08,1818.5
2013-10-07,1791
2013-10-04,1789.5
2013-10-03,1785.5
2013-10-02,1773.5
2013-10-01,1786
2013-09-30,1803
2013-09-27,1789.5
2013-09-26,1761.5
2013-09-25,1752
2013-09-24,1753.5
2013-09-23,1754.5
2013-09-20,1771.5
2013-09-19,1783.5
2013-09-18,1742
2013-09-17,1730
2013-09-16,1734.5
2013-09-13,1747
2013-09-12,1747
2013-09-11,1756.5
2013-09-10,1759.5
2013-09-09,1767
2013-09-06,1780.5
2013-09-05,1754
2013-09-04,1744.5
2013-09-03,1773
2013-09-02,1764
2013-08-30,1775.5
2013-08-29,1798
2013-08-28,1826.5
2013-08-27,1828
2013-08-23,1835
2013-08-22,1857.5
2013-08-21,1852.5
2013-08-20,1849
2013-08-19,1872.5
2013-08-16,1876.5
2013-08-15,1842.5
2013-08-14,1835
2013-08-13,1839.5
2013-08-12,1832.5
2013-08-09,1821.5
2013-08-08,1782
2013-08-07,1731
2013-08-06,1753
2013-08-05,1755.5
2013-08-02,1770
2013-08-01,1776.5
2013-07-31,1732
2013-07-30,1741.5
2013-07-29,1760
2013-07-26,1761.5
2013-07-25,1784.5
2013-07-24,1807
2013-07-23,1801.5
2013-07-22,1794.5
2013-07-19,1773
2013-07-18,1753
2013-07-17,1772.5
2013-07-16,1752.5
2013-07-15,1761.5
2013-07-12,1790.5
2013-07-11,1800.5
2013-07-10,1761.5
2013-07-09,1740
2013-07-08,1736.5
2013-07-05,1743
2013-07-04,1767.5
2013-07-03,1774.5
2013-07-02,1792.5
2013-07-01,1754
2013-06-28,1731
2013-06-27,1719.5
2013-06-26,1733
2013-06-25,1744.5
2013-06-24,1729
2013-06-21,1748
2013-06-20,1748.5
2013-06-19,1792.5
2013-06-18,1795
2013-06-17,1789.5
2013-06-14,1815.5
2013-06-13,1813
2013-06-12,1843
2013-06-11,1848.5
2013-06-10,1884
2013-06-07,1933.5
2013-06-06,1927.5
2013-06-05,1939
2013-06-04,1902.5
2013-06-03,1888.5
2013-05-31,1875.5
2013-05-30,1857
2013-05-29,1821
2013-05-28,1808
2013-05-24,1814.5
2013-05-23,1826
2013-05-22,1837.5
2013-05-21,1835
2013-05-20,1811
2013-05-17,1840.5
2013-05-16,1802.5
2013-05-15,1800.5
2013-05-14,1825.5
2013-05-13,1827.5
2013-05-10,1848
2013-05-09,1864.5
2013-05-08,1886.5
2013-05-07,1841.5
2013-05-03,1828
2013-05-02,1803
2013-05-01,1788.5
2013-04-30,1846.5
2013-04-29,1846.5
2013-04-26,1890
2013-04-25,1883
2013-04-24,1871
2013-04-23,1858.5
2013-04-22,1841
2013-04-19,1871.5
2013-04-18,1874
2013-04-17,1855.5
2013-04-16,1861
2013-04-15,1804
2013-04-12,1841
2013-04-11,1855.5
2013-04-10,1878
2013-04-09,1858.5
2013-04-08,1865.5
2013-04-05,1845
2013-04-04,1833.5
2013-04-03,1845.5
2013-04-02,1862
2013-03-28,1881.5
2013-03-27,1867.5
2013-03-26,1890.5
2013-03-25,1898.5
2013-03-22,1906
2013-03-21,1902
2013-03-20,1905.5
2013-03-19,1902.5
2013-03-18,1895.5
2013-03-15,1944
2013-03-14,1938
2013-03-13,1945.5
2013-03-12,1939
2013-03-11,1895.5
2013-03-08,1927
2013-03-07,1910.5
2013-03-06,1928
2013-03-05,1943
2013-03-04,1927
2013-03-01,1914.5
2013-02-28,1960
2013-02-27,1972
2013-02-26,1971
2013-02-25,2004
2013-02-22,2024.5
2013-02-21,2047
2013-02-20,2065.5
2013-02-19,2075.5
2013-02-18,2086
2013-02-15,2123
2013-02-14,2115
2013-02-13,2087.5
2013-02-12,2059.5
2013-02-11,2076
2013-02-08,2066.5
2013-02-07,2066
2013-02-06,2059.5
2013-02-05,2075
2013-02-04,2079
2013-02-01,2056
2013-01-31,2073.5
2013-01-30,2046.5
2013-01-29,1998
2013-01-28,2006.5
2013-01-25,2042.5
2013-01-24,2027
2013-01-23,2047.5
2013-01-22,2009
2013-01-21,2001
2013-01-18,2021.5
2013-01-17,2003.5
2013-01-16,1991
2013-01-15,2002.5
2013-01-14,2062.5
2013-01-11,2077
2013-01-10,2074.5
2013-01-09,2061.5
2013-01-08,2027
2013-01-07,2005
2013-01-04,2056
2013-01-03,2108.5
2013-01-02,2093.5
2012-12-31,2040
2012-12-28,2031
2012-12-27,2043.5
2012-12-24,2045.5
2012-12-21,2035.5
2012-12-20,2032
2012-12-19,2073
2012-12-18,2081
2012-12-17,2163.5
2012-12-14,2132.5
2012-12-13,2121.5
2012-12-12,2135
2012-12-11,2131
2012-12-10,2101.5
2012-12-07,2078
2012-12-06,2109.5
2012-12-05,2095
2012-12-04,2100.5
2012-12-03,2096.5
2012-11-30,2079
2012-11-29,2046
2012-11-28,1992.5
2012-11-27,2003
2012-11-26,1976.5
2012-11-23,1929
2012-11-22,1915.5
2012-11-21,1928
2012-11-20,1952.5
2012-11-19,1928
2012-11-16,1921.5
2012-11-15,1932
2012-11-14,1966
2012-11-13,1944
2012-11-12,1929.5
2012-11-09,1889
2012-11-08,1897.5
2012-11-07,1901
2012-11-06,1887
2012-11-05,1884
2012-11-02,1937
2012-11-01,1908.5
2012-10-31,1882.5
2012-10-30,1884.5
2012-10-29,1873.5
2012-10-26,1899.5
2012-10-25,1909.5
2012-10-24,1907
2012-10-23,1913.5
2012-10-22,1932.5
2012-10-19,1976.5
2012-10-18,1971.5
2012-10-17,1932.5
2012-10-16,1931
2012-10-15,1950
2012-10-12,1975.5
2012-10-11,1992.5
2012-10-10,1992
2012-10-09,2040.5
2012-10-08,2046.5
2012-10-05,2087.5
2012-10-04,2088
2012-10-03,2070
2012-10-02,2104
2012-10-01,2068.5
2012-09-28,2094
2012-09-27,2068
2012-09-26,2049
2012-09-25,2069
2012-09-24,2059
2012-09-21,2093.5
2012-09-20,2096
2012-09-19,2124
2012-09-18,2153
2012-09-17,2162
2012-09-14,2177
2012-09-13,2082
2012-09-12,2074.5
2012-09-11,2058
2012-09-10,2032
2012-09-07,1988
2012-09-06,1963
2012-09-05,1928
2012-09-04,1927.5
2012-09-03,1880
2012-08-31,1849
2012-08-30,1868
2012-08-29,1873
2012-08-28,1883
2012-08-24,1871.5
2012-08-23,1861.5
2012-08-22,1829
2012-08-21,1821
2012-08-20,1799
2012-08-17,1810.5
2012-08-16,1793.5
2012-08-15,1803.5
2012-08-14,1813
2012-08-13,1824
2012-08-10,1835
2012-08-09,1866
2012-08-08,1873
2012-08-07,1863.5
2012-08-06,1829
2012-08-03,1806.5
2012-08-02,1821
2012-08-01,1844
2012-07-31,1862.5
2012-07-30,1851.5
2012-07-27,1860
2012-07-26,1865.5
2012-07-25,1847
2012-07-24,1840
2012-07-23,1835.5
2012-07-20,1894.5
2012-07-19,1909
2012-07-18,1868.5
2012-07-17,1888.5
2012-07-16,1862
2012-07-13,1861.5
2012-07-12,1835.5
2012-07-11,1872.5
2012-07-10,1890
2012-07-09,1876.5
2012-07-06,1888
2012-07-05,1914.5
2012-07-04,1930
2012-07-03,1911
2012-07-02,1867
2012-06-29,1834.5
2012-06-28,1832.5
2012-06-27,1810.5
2012-06-26,1810.5
2012-06-25,1817
2012-06-22,1823.5
2012-06-21,1842
2012-06-20,1879.5
2012-06-19,1878.5
2012-06-18,1882
2012-06-15,1914.5
2012-06-14,1924.5
2012-06-13,1924
2012-06-12,1926
2012-06-11,1943.5
2012-06-08,1938.5
2012-06-07,1947
2012-06-06,1945
2012-06-01,1937
2012-05-31,1973.5
2012-05-30,1957.5
2012-05-29,1979.5
2012-05-28,1980.5
2012-05-25,1979.5
2012-05-24,1969
2012-05-23,1975
2012-05-22,1996.5
2012-05-21,2004
2012-05-18,2016.5
2012-05-17,1987
2012-05-16,1994.5
2012-05-15,1979.5
2012-05-14,1982
2012-05-11,1992
2012-05-10,2003.5
2012-05-09,1987
2012-05-08,2026
2012-05-04,2048
2012-05-03,2047.5
2012-05-02,2064.5
2012-05-01,2067
2012-04-30,2058
2012-04-27,2068.5
2012-04-26,2040.5
2012-04-25,2040
2012-04-24,2030
2012-04-23,2011.5
2012-04-20,2034.5
2012-04-19,2016.5
2012-04-18,2028.5
2012-04-17,2040.5
2012-04-16,2027
2012-04-13,2046
2012-04-12,2070
2012-04-11,2036
2012-04-10,2050.5
2012-04-05,2054
2012-04-04,2059.5
2012-04-03,2091
2012-04-02,2081.5
2012-03-30,2098.5
2012-03-29,2107.5
2012-03-28,2138
2012-03-27,2133
2012-03-26,2137
2012-03-23,2131
2012-03-22,2139.5
2012-03-21,2192.5
2012-03-20,2200.5
2012-03-19,2219
2012-03-16,2222.5
2012-03-15,2195.5
2012-03-14,2196.5
2012-03-13,2187.5
2012-03-12,2166.5
2012-03-09,2170
2012-03-08,2175
2012-03-07,2173
2012-03-06,2202.5
2012-03-05,2253.5
2012-03-02,2295.5
2012-03-01,2289
2012-02-29,2301.5
2012-02-28,2308
2012-02-27,2267
2012-02-24,2253
2012-02-23,2229
2012-02-22,2212
2012-02-21,2175.5
2012-02-20,2130.5
2012-02-17,2127.5
2012-02-16,2117
2012-02-15,2174
2012-02-14,2163.5
2012-02-13,2207.5
2012-02-10,2218.5
2012-02-09,2232.5
2012-02-08,2236.5
2012-02-07,2173
2012-02-06,2175.5
2012-02-03,2159
2012-02-02,2201
2012-02-01,2219.5
2012-01-31,2257.5
2012-01-30,2210.5
2012-01-27,2241.5
2012-01-26,2232
2012-01-25,2186
2012-01-24,2190.5
2012-01-23,2193.5
2012-01-20,2184
2012-01-19,2181
2012-01-18,2175
2012-01-17,2171.5
2012-01-16,2121
2012-01-13,2110
2012-01-12,2157.5
2012-01-11,2134.5
2012-01-10,2138
2012-01-09,2061.5
2012-01-06,2020
2012-01-05,2003.5
2012-01-04,2052
2012-01-03,2006
2011-12-30,1970.5
2011-12-29,1976
2011-12-28,1970.5
2011-12-23,1991.5
2011-12-22,1965.5
2011-12-21,1945
2011-12-20,1971
2011-12-19,1955.5
2011-12-16,2003.5
2011-12-15,1982.5
2011-12-14,1976
2011-12-13,2021
2011-12-12,2026.5
2011-12-09,2066.5
2011-12-08,2059.5
2011-12-07,2102
2011-12-06,2103.5
2011-12-05,2105.5
2011-12-02,2140
2011-12-01,2103.5
2011-11-30,1977
2011-11-29,1991
2011-11-28,2006.5
2011-11-25,1988
2011-11-24,2002.5
2011-11-23,1992.5
2011-11-22,2059
2011-11-21,2075
2011-11-18,2085.5
2011-11-17,2085
2011-11-16,2097.5
2011-11-15,2117.5
2011-11-14,2144
2011-11-11,2115.5
2011-11-10,2112
2011-11-09,2109
2011-11-08,2093
2011-11-07,2118
2011-11-04,2130.5
2011-11-03,2123.5
2011-11-02,2103.5
2011-11-01,2092
2011-10-31,2187
2011-10-28,2221.5
2011-10-27,2234
2011-10-26,2195.5
2011-10-25,2195
2011-10-24,2158.5
2011-10-21,2110
2011-10-20,2121.5
2011-10-19,2171.5
2011-10-18,2157.5
2011-10-17,2210
2011-10-14,2171
2011-10-13,2178
2011-10-12,2202.5
2011-10-11,2185
2011-10-10,2186
2011-10-07,2176.5
2011-10-06,2170
2011-10-05,2132
2011-10-04,2133
2011-10-03,2120.5
2011-09-30,2207
2011-09-29,2186
2011-09-28,2205.5
2011-09-27,2194
2011-09-26,2195.5
2011-09-23,2170
2011-09-22,2225
2011-09-21,2266.5
2011-09-20,2304
2011-09-19,2310
2011-09-16,2346
2011-09-15,2339
2011-09-14,2329.5
2011-09-13,2354.5
2011-09-12,2319
2011-09-09,2343
2011-09-08,2366
2011-09-07,2355.5
2011-09-06,2346
2011-09-05,2363.5
2011-09-02,2400
2011-09-01,2401.5
2011-08-31,2402.5
2011-08-30,2361
2011-08-26,2329
2011-08-25,2334
2011-08-24,2322
2011-08-23,2322
2011-08-22,2325
2011-08-19,2309
2011-08-18,2371.5
2011-08-17,2348
2011-08-16,2338.5
2011-08-15,2345.5
2011-08-12,2379
2011-08-11,2367.5
2011-08-10,2409
2011-08-09,2390.5
2011-08-08,2405
2011-08-05,2430
2011-08-04,2473
2011-08-03,2530
2011-08-02,2541
2011-08-01,2605.5
2011-07-29,2582
2011-07-28,2601
2011-07-27,2622.5
2011-07-26,2613
2011-07-25,2573
2011-07-22,2548
2011-07-21,2474
2011-07-20,2515
2011-07-19,2482
2011-07-18,2444.5
2011-07-15,2450
2011-07-14,2477
2011-07-13,2450.5
2011-07-12,2444
2011-07-11,2452
2011-07-08,2545.5
2011-07-07,2529
2011-07-06,2517
2011-07-05,2485.5
2011-07-04,2460.5
2011-07-01,2486
2011-06-30,2509
2011-06-29,2491.5
2011-06-28,2480
2011-06-27,2466.5
2011-06-24,2465.5
2011-06-23,2477
2011-06-22,2508
2011-06-21,2520
2011-06-20,2491
2011-06-17,2519
2011-06-16,2515.5
2011-06-15,2578.5
2011-06-14,2575.5
2011-06-13,2560
2011-06-10,2605
2011-06-09,2625.5
2011-06-08,2645.5
2011-06-07,2664.5
2011-06-06,2627
2011-06-03,2609.5
2011-06-02,2632
2011-06-01,2653
2011-05-31,2649
2011-05-27,2598
2011-05-26,2540
2011-05-25,2540
2011-05-24,2500
2011-05-23,2468.5
2011-05-20,2495
2011-05-19,2517
2011-05-18,2511
2011-05-17,2525
2011-05-16,2578
2011-05-13,2648
2011-05-12,2601
2011-05-11,2618.5
2011-05-10,2650
2011-05-09,2620
2011-05-06,2609.5
2011-05-05,2681
2011-05-04,2753.5
2011-05-03,2740.5
2011-04-28,2772
2011-04-27,2740
2011-04-26,2721
2011-04-21,2731.5
2011-04-20,2714
2011-04-19,2660.5
2011-04-18,2659
2011-04-15,2638
2011-04-14,2617.5
2011-04-13,2635
2011-04-12,2635
2011-04-11,2653.5
2011-04-08,2672
2011-04-07,2660
2011-04-06,2626
2011-04-05,2593
2011-04-04,2610.5
2011-04-01,2589.5
2011-03-31,2600
2011-03-30,2595.5
2011-03-29,2592
2011-03-28,2585
2011-03-25,2608.5
2011-03-24,2596
2011-03-23,2600.5
2011-03-22,2548.5
2011-03-21,2536.5
2011-03-18,2508
2011-03-17,2475.5
2011-03-16,2468
2011-03-15,2474
2011-03-14,2500
2011-03-11,2491
2011-03-10,2546.5
2011-03-09,2579.5
2011-03-08,2535
2011-03-07,2566
2011-03-04,2588
2011-03-03,2579
2011-03-02,2555
2011-03-01,2582
2011-02-28,2531.5
2011-02-25,2530
2011-02-24,2491
2011-02-23,2489.5
2011-02-22,2478
2011-02-21,2532
2011-02-18,2509
2011-02-17,2474
2011-02-16,2476.5
2011-02-15,2482.5
2011-02-14,2485
2011-02-11,2490.5
2011-02-10,2503.5
2011-02-09,2538
2011-02-08,2520
2011-02-07,2539.5
2011-02-04,2523.5
2011-02-03,2516
2011-02-02,2522.5
2011-02-01,2531
2011-01-31,2482.5
2011-01-28,2455
2011-01-27,2391
2011-01-26,2363
2011-01-25,2360
2011-01-24,2395
2011-01-21,2390
2011-01-20,2373.5
2011-01-19,2445
2011-01-18,2444.5
2011-01-17,2439
2011-01-14,2453
2011-01-13,2479.5
2011-01-12,2484.5
2011-01-11,2489
2011-01-10,2466
2011-01-07,2492.5
2011-01-06,2470
2011-01-05,2445.5
2011-01-04,2472
2010-12-31,2461
2010-12-30,2450
2010-12-29,2436.5
2010-12-24,2402
2010-12-23,2421
2010-12-22,2444
2010-12-21,2378
2010-12-20,2327.5
2010-12-17,2306.5
2010-12-16,2296
2010-12-15,2305.5
2010-12-14,2332
2010-12-13,2298
2010-12-10,2316
2010-12-09,2350
2010-12-08,2296
2010-12-07,2325.5
2010-12-06,2278.5
2010-12-03,2324
2010-12-02,2326
2010-12-01,2290
2010-11-30,2245
2010-11-29,2258
2010-11-26,2243
2010-11-25,2238.5
2010-11-24,2242
2010-11-23,2221
2010-11-22,2265.5
2010-11-19,2260
2010-11-18,2263
2010-11-17,2225
2010-11-16,2329.5
2010-11-15,2350
2010-11-12,2434
2010-11-11,2446
2010-11-10,2430.5
2010-11-09,2426
2010-11-08,2415
2010-11-05,2438
2010-11-04,2441
2010-11-03,2401.5
2010-11-02,2386
2010-11-01,2369
2010-10-29,2302
2010-10-28,2308
2010-10-27,2322
2010-10-26,2332
2010-10-25,2362
2010-10-22,2326.5
2010-10-21,2348
2010-10-20,2325
2010-10-19,2356.5
2010-10-18,2348.5
2010-10-15,2368
2010-10-14,2402
2010-10-13,2390
2010-10-12,2385.5
2010-10-11,2391
2010-10-08,2321
2010-10-07,2343
2010-10-06,2335
2010-10-05,2335
2010-10-04,2332
2010-10-01,2345
2010-09-30,2314
2010-09-29,2293.5
2010-09-28,2225
2010-09-27,2281.5
2010-09-24,2272
2010-09-23,2233.5
2010-09-22,2158.5
2010-09-21,2167
2010-09-20,2174
2010-09-17,2156
2010-09-16,2132
2010-09-15,2117.5
2010-09-14,2101.5
2010-09-13,2108
2010-09-10,2083.5
2010-09-09,2082.5
2010-09-08,2120.5
2010-09-07,2110
2010-09-06,2148.5
2010-09-03,2128.5
2010-09-02,2105
2010-09-01,2059
2010-08-31,2045
2010-08-27,1996.5
2010-08-26,1998.5
2010-08-25,2016
2010-08-24,2038.5
2010-08-23,2059
2010-08-20,2045
2010-08-19,2094
2010-08-18,2146
2010-08-17,2135
2010-08-16,2121
2010-08-13,2143
2010-08-12,2131.5
2010-08-11,2151
2010-08-10,2145
2010-08-09,2201
2010-08-06,2217
2010-08-05,2212.5
2010-08-04,2201
2010-08-03,2200
2010-08-02,2184.5
2010-07-30,2127
2010-07-29,2083
2010-07-28,2059
2010-07-27,2045
2010-07-26,2021
2010-07-23,2008.5
2010-07-22,2006.5
2010-07-21,1975.5
2010-07-20,1930.5
2010-07-19,1947
2010-07-16,2008.5
2010-07-15,1991
2010-07-14,2003.5
2010-07-13,1948
2010-07-12,1967
2010-07-09,1970.5
2010-07-08,1977
2010-07-07,1954.5
2010-07-06,1946
2010-07-05,1912
2010-07-02,1933
2010-07-01,1928
2010-06-30,1924
2010-06-29,1962.5
2010-06-28,1996
2010-06-25,1946
2010-06-24,1908.5
2010-06-23,1922
2010-06-22,1901
2010-06-21,1968.5
2010-06-18,1931
2010-06-17,1950.5
2010-06-16,1967.5
2010-06-15,1965
2010-06-14,1945.5
2010-06-11,1932
2010-06-10,1907
2010-06-09,1911
2010-06-08,1850.5
2010-06-07,1828.5
2010-06-04,1915.5
2010-06-03,1951
2010-06-02,1954
2010-06-01,1953
2010-05-28,2037
2010-05-27,2003.5
2010-05-26,2010.5
2010-05-25,1980.5
2010-05-24,2009
2010-05-21,1991
2010-05-20,1947
2010-05-19,1969
2010-05-18,2005.5
2010-05-17,2011
2010-05-14,2081
2010-05-13,2116.5
2010-05-12,2100.5
2010-05-11,2028
2010-05-10,2104.5
2010-05-07,2065.5
2010-05-06,2051
2010-05-05,2095
2010-05-04,2164
2010-04-30,2184
2010-04-29,2195.5
2010-04-28,2115
2010-04-27,2262.5
2010-04-26,2293.5
2010-04-23,2265.5
2010-04-22,2293.5
2010-04-21,2326.5
2010-04-20,2384
2010-04-19,2339
2010-04-16,2447.5
2010-04-15,2424
2010-04-14,2419.5
2010-04-13,2369
2010-04-12,2381
2010-04-09,2357.5
2010-04-08,2295.5
2010-04-07,2324
2010-04-06,2327.5
2010-04-01,2330
2010-03-31,2288
2010-03-30,2267.5
2010-03-29,2225
2010-03-26,2200
2010-03-25,2176
2010-03-24,2194.5
2010-03-23,2231
2010-03-22,2192.5
2010-03-19,2233
2010-03-18,2244
2010-03-17,2242.5
2010-03-16,2213.5
2010-03-15,2208
2010-03-12,2216
2010-03-11,2195
2010-03-10,2233
2010-03-09,2200.5
2010-03-08,2224
2010-03-05,2201
2010-03-04,2203
2010-03-03,2132.5
2010-03-02,2108
2010-03-01,2101
2010-02-26,2050.5
2010-02-25,2062.5
2010-02-24,2079
2010-02-23,2117.5
2010-02-22,2116
2010-02-19,2072
2010-02-18,2077
2010-02-17,2095
2010-02-16,2051
2010-02-15,2033
2010-02-12,2004.5
2010-02-11,2012.5
2010-02-10,2022.5
2010-02-09,2002.5
2010-02-08,1974
2010-02-05,1949
2010-02-04,2052
2010-02-03,2086.5
2010-02-02,2075
2010-02-01,2046.5
2010-01-29,2061.5
2010-01-28,2126
2010-01-27,2149
2010-01-26,2189.5
2010-01-25,2217.5
2010-01-22,2189.5
2010-01-21,2229.5
2010-01-20,2254
2010-01-19,2243.5
2010-01-18,2292.5
2010-01-15,2282
2010-01-14,2293
2010-01-13,2250.5
2010-01-12,2260.5
2010-01-11,2320.5
2010-01-08,2261.5
2010-01-07,2307
2010-01-06,2303
2010-01-05,2247
2010-01-04,2225.5
2009-12-31,2208
2009-12-30,2237
2009-12-29,2247
2009-12-24,2201
2009-12-23,2212.5
2009-12-22,2200.5
2009-12-21,2231
2009-12-18,2214
2009-12-17,2215
2009-12-16,2241.5
2009-12-15,2204
2009-12-14,2265.5
2009-12-11,2210
2009-12-10,2163.5
2009-12-09,2127.5
2009-12-08,2134
2009-12-07,2103
2009-12-04,2106.5
2009-12-03,2114
2009-12-02,2102.5
2009-12-01,2044
2009-11-30,2007
2009-11-27,1957
2009-11-26,2009.5
2009-11-25,2007
2009-11-24,1995
2009-11-23,2022
2009-11-20,1978
2009-11-19,2003
2009-11-18,2035.5
2009-11-17,2002.5
2009-11-16,1940
2009-11-13,1903.5
2009-11-12,1918
2009-11-11,1938.5
2009-11-10,1918
2009-11-09,1896
2009-11-06,1887
2009-11-05,1886
2009-11-04,1892.5
2009-11-03,1870
2009-11-02,1869
2009-10-30,1903
2009-10-29,1900
2009-10-28,1928.5
2009-10-27,1981
2009-10-26,1974
2009-10-23,1948.5
2009-10-22,1949
2009-10-21,1860.5
2009-10-20,1921
2009-10-19,1870.5
2009-10-16,1865
2009-10-15,1836
2009-10-14,1855
2009-10-13,1905.5
2009-10-12,1915
2009-10-09,1866
2009-10-08,1857.5
2009-10-07,1795.5
2009-10-06,1792.5
2009-10-05,1760.5
2009-10-02,1786
2009-10-01,1858
2009-09-30,1852
2009-09-29,1782.5
2009-09-28,1758
2009-09-25,1790.5
2009-09-24,1835.5
2009-09-23,1848
2009-09-22,1864.5
2009-09-21,1836
2009-09-18,1922
2009-09-17,1913.5
2009-09-16,1851
2009-09-15,1813
2009-09-14,1793
2009-09-11,1820
2009-09-10,1830
2009-09-09,1868
2009-09-08,1886
2009-09-07,1822
2009-09-04,1816
2009-09-03,1826
2009-09-02,1792.5
2009-09-01,1830.5
2009-08-28,1880.5
2009-08-27,1833
2009-08-26,1856.5
2009-08-25,1885
2009-08-24,1881
2009-08-21,1908
2009-08-20,1906
2009-08-19,1905
2009-08-18,1990.5
2009-08-17,1910
2009-08-14,2016.5
2009-08-13,2035
2009-08-12,1892
2009-08-11,1954
2009-08-10,1998
2009-08-07,1972
2009-08-06,2001.5
2009-08-05,2015.5
2009-08-04,1904.5
2009-08-03,1930.5
2009-07-31,1863.5
2009-07-30,1819
2009-07-29,1775.5
2009-07-28,1814
2009-07-27,1828
2009-07-24,1798
2009-07-23,1702.5
2009-07-22,1707
2009-07-21,1693
2009-07-20,1713.5
2009-07-17,1671.5
2009-07-16,1636
2009-07-15,1622.5
2009-07-14,1566
2009-07-13,1531.5
2009-07-10,1534
2009-07-09,1540
2009-07-08,1561.5
2009-07-07,1610
2009-07-06,1559
2009-07-03,1596
2009-07-02,1611
2009-07-01,1610
2009-06-30,1616
2009-06-29,1616
2009-06-26,1646.5
2009-06-25,1622
2009-06-24,1594
2009-06-23,1563
2009-06-22,1585
2009-06-19,1642
2009-06-18,1589.5
2009-06-17,1562.5
2009-06-16,1601
2009-06-15,1586
2009-06-12,1641
2009-06-11,1642
2009-06-10,1638
2009-06-09,1599
2009-06-08,1571
2009-06-05,1556.5
2009-06-04,1442
2009-06-03,1443
2009-06-02,1441
2009-06-01,1425
2009-05-29,1384
2009-05-28,1363
2009-05-27,1394.5
2009-05-26,1405
2009-05-22,1407
2009-05-21,1430
2009-05-20,1452
2009-05-19,1489.5
2009-05-18,1472
2009-05-15,1477
2009-05-14,1473
2009-05-13,1483
2009-05-12,1519
2009-05-11,1482.5
2009-05-08,1515.5
2009-05-07,1550.5
2009-05-06,1491
2009-05-05,1478.5
2009-05-01,1481.5
2009-04-30,1430.5
2009-04-29,1419
2009-04-28,1389.5
2009-04-27,1398.5
2009-04-24,1416.5
2009-04-23,1426.5
2009-04-22,1410
2009-04-21,1398.5
2009-04-20,1419
2009-04-17,1441
2009-04-16,1456.5
2009-04-15,1469
2009-04-14,1472
2009-04-09,1451
2009-04-08,1417
2009-04-07,1426
2009-04-06,1448
2009-04-03,1410.5
2009-04-02,1381
2009-04-01,1337
2009-03-31,1365.5
2009-03-30,1362.5
2009-03-27,1381
2009-03-26,1410
2009-03-25,1360
2009-03-24,1370
2009-03-23,1403
2009-03-20,1434
2009-03-19,1401
2009-03-18,1339
2009-03-17,1316.5
2009-03-16,1311
2009-03-13,1335
2009-03-12,1303
2009-03-11,1301
2009-03-10,1282
2009-03-09,1261.5
2009-03-06,1292.5
2009-03-05,1302
2009-03-04,1302
2009-03-03,1285.5
2009-03-02,1270.5
2009-02-27,1290
2009-02-26,1311.5
2009-02-25,1293.5
2009-02-24,1253.5
2009-02-23,1261.5
2009-02-20,1264.5
2009-02-19,1296
2009-02-18,1280.5
2009-02-17,1310.5
2009-02-16,1315.5
2009-02-13,1347
2009-02-12,1341
2009-02-11,1362.5
2009-02-10,1390
2009-02-09,1420
2009-02-06,1422
2009-02-05,1408.5
2009-02-04,1384
2009-02-03,1336
2009-02-02,1316
2009-01-30,1311.5
2009-01-29,1309
2009-01-28,1332
2009-01-27,1309
2009-01-26,1300.5
2009-01-23,1290
2009-01-22,1311
2009-01-21,1325.5
2009-01-20,1351
2009-01-19,1401
2009-01-16,1445.5
2009-01-15,1431
2009-01-14,1454
2009-01-13,1440.5
2009-01-12,1475.5
2009-01-09,1520.5
2009-01-08,1516.5
2009-01-07,1575
2009-01-06,1569
2009-01-05,1515.5
2009-01-02,1492
2008-12-31,1455
2008-12-30,1445.5
2008-12-29,1460
2008-12-24,1495.5
2008-12-23,1506.5
2008-12-22,1478
2008-12-19,1438.5
2008-12-18,1431
2008-12-17,1431
2008-12-16,1423
2008-12-15,1442
2008-12-12,1466
2008-12-11,1525.5
2008-12-10,1462.5
2008-12-09,1463
2008-12-08,1466
2008-12-05,1446
2008-12-04,1544
2008-12-03,1587
2008-12-02,1642.5
2008-12-01,1690.5
2008-11-28,1701
2008-11-27,1720.5
2008-11-26,1740
2008-11-25,1749
2008-11-24,1758
2008-11-21,1750
2008-11-20,1751.5
2008-11-19,1825.5
2008-11-18,1835.5
2008-11-17,1820.5
2008-11-14,1888
2008-11-13,1871.5
2008-11-12,1860
2008-11-11,1906.5
2008-11-10,1971
2008-11-08,1956
2008-11-07,1956
2008-11-06,1975.5
2008-11-05,2012
2008-11-04,1990.5
2008-11-03,1966
2008-10-31,1970.5
2008-10-30,2036
2008-10-29,2104.5
2008-10-28,2015.5
2008-10-27,1886
2008-10-24,1876
2008-10-23,1910.5
2008-10-22,1982
2008-10-21,2044
2008-10-20,2101
2008-10-17,2104
2008-10-16,2110.5
2008-10-15,2135.5
2008-10-14,2242
2008-10-13,2194
2008-10-10,2162
2008-10-09,2240
2008-10-08,2272
2008-10-07,2228
2008-10-06,2206
2008-10-03,2250
2008-10-02,2346
2008-10-01,2376.5
2008-09-30,2395
2008-09-29,2410
2008-09-26,2462
2008-09-25,2431
2008-09-24,2461
2008-09-23,2465
2008-09-22,2500.5
2008-09-19,2461.5
2008-09-18,2475.5
2008-09-17,2482
2008-09-16,2491
2008-09-15,2518
2008-09-12,2583
2008-09-11,2561.5
2008-09-10,2555
2008-09-09,2571
2008-09-08,2597
2008-09-05,2596
2008-09-04,2638
2008-09-03,2635
2008-09-02,2632
2008-09-01,2647
2008-08-29,2682.5
2008-08-28,2705
2008-08-27,2725
2008-08-26,2695
2008-08-22,2751
2008-08-21,2744
2008-08-20,2720
2008-08-19,2700.5
2008-08-18,2716
2008-08-15,2716
2008-08-14,2760.5
2008-08-13,2728.5
2008-08-12,2755
2008-08-11,2803.5
2008-08-08,2820.5
2008-08-07,2866
2008-08-06,2855
2008-08-05,2831
2008-08-04,2840
2008-08-01,2872.5
2008-07-31,2928.5
2008-07-30,2907
2008-07-29,2937
2008-07-28,2923.5
2008-07-25,2907.5
2008-07-24,2936.5
2008-07-23,2966.5
2008-07-22,3021
2008-07-21,2987.5
2008-07-18,3026
2008-07-17,3059
2008-07-16,3126
2008-07-15,3217.5
2008-07-14,3230
2008-07-11,3291.5
2008-07-10,3271.5
2008-07-09,3077
2008-07-08,3220
2008-07-07,3187
2008-07-04,3090
2008-07-03,3158
2008-07-02,3084
2008-07-01,3086
2008-06-30,3075
2008-06-27,3052.5
2008-06-26,3024.5
2008-06-25,3038.5
2008-06-24,3064.5
2008-06-23,3076
2008-06-20,3090.5
2008-06-19,3035
2008-06-18,3026
2008-06-17,2934
2008-06-16,2910.5
2008-06-13,2895.5
2008-06-12,2882.5
2008-06-11,2900
2008-06-10,2891
2008-06-09,2905
2008-06-06,2901
2008-06-05,2825
2008-06-04,2858.5
2008-06-03,2871
2008-06-02,2858.5
2008-05-30,2883
2008-05-29,2861
2008-05-28,2888
2008-05-27,2958
2008-05-23,2945.5
2008-05-22,2992
2008-05-21,2960.5
2008-05-20,2919
2008-05-19,2955
2008-05-16,2990
2008-05-15,2953.5
2008-05-14,2881.5
2008-05-13,2898
2008-05-12,2856
2008-05-09,2867.5
2008-05-08,2820
2008-05-07,2882.5
2008-05-06,2881
2008-05-02,2816
2008-05-01,2850
2008-04-30,2895
2008-04-29,2938
2008-04-28,2951
2008-04-25,2913.5
2008-04-24,3025.5
2008-04-23,3041
2008-04-22,3012
2008-04-21,3012.5
2008-04-18,2965
2008-04-17,3037
2008-04-16,3009
2008-04-15,2986.5
2008-04-14,3000.5
2008-04-11,3030.5
2008-04-10,3042
2008-04-09,2952
2008-04-08,2926
2008-04-07,2907.5
2008-04-04,2846.5
2008-04-03,2837
2008-04-02,2900
2008-04-01,2876
2008-03-31,2935
2008-03-28,2941.5
2008-03-27,2918
2008-03-26,2860.5
2008-03-25,2887
2008-03-20,2762
2008-03-19,2862
2008-03-18,2940
2008-03-17,2931
2008-03-14,3108
2008-03-13,3078
2008-03-12,3001.5
2008-03-11,3115
2008-03-10,3100
2008-03-07,3175
2008-03-06,3172
2008-03-05,3062
2008-03-04,3111
2008-03-03,3141
2008-02-29,3086
2008-02-28,3046
2008-02-27,3065.5
2008-02-26,2877
2008-02-25,2857.5
2008-02-22,2865.5
2008-02-21,2865
2008-02-20,2812.5
2008-02-19,2806
2008-02-18,2796
2008-02-15,2812.5
2008-02-14,2738
2008-02-13,2608
2008-02-12,2637.5
2008-02-11,2668
2008-02-08,2680
2008-02-07,2601
2008-02-06,2591.5
2008-02-05,2597.5
2008-02-04,2628.5
2008-02-01,2676
2008-01-31,2643
2008-01-30,2631
2008-01-29,2555
2008-01-28,2447
2008-01-25,2483
2008-01-24,2411
2008-01-23,2371
2008-01-22,2359
2008-01-21,2371.5
2008-01-18,2400
2008-01-17,2412.5
2008-01-16,2423
2008-01-15,2460.5
2008-01-14,2470.5
2008-01-11,2417
2008-01-10,2415.5
2008-01-09,2450.5
2008-01-08,2442
2008-01-07,2404
2008-01-04,2447
2008-01-03,2422
2008-01-02,2365.5
