Date;Alumnim $/ton
02/01/2019;1858,000
03/01/2019;1825,500
04/01/2019;1879,000
07/01/2019;1858,000
08/01/2019;1837,000
09/01/2019;1842,000
10/01/2019;1844,000
11/01/2019;1816,000
14/01/2019;1775,500
15/01/2019;1810,500
16/01/2019;1839,500
17/01/2019;1804,000
18/01/2019;1851,000
21/01/2019;1842,500
22/01/2019;1867,500
23/01/2019;1877,500
24/01/2019;1851,000
25/01/2019;1866,500
28/01/2019;1860,000
29/01/2019;1853,000
30/01/2019;1871,000
31/01/2019;1880,500
01/02/2019;1872,500
04/02/2019;1840,000
05/02/2019;1896,500
06/02/2019;1886,500
07/02/2019;1862,500
08/02/2019;1865,000
11/02/2019;1848,000
12/02/2019;1840,500
13/02/2019;1840,000
14/02/2019;1829,000
15/02/2019;1828,500
18/02/2019;1822,500
19/02/2019;1833,500
20/02/2019;1829,500
21/02/2019;1858,500
22/02/2019;1890,500
25/02/2019;1886,000
26/02/2019;1870,000
27/02/2019;1898,500
28/02/2019;1893,000
01/03/2019;1890,500
04/03/2019;1859,500
05/03/2019;1868,500
06/03/2019;1846,000
07/03/2019;1841,000
08/03/2019;1848,000
11/03/2019;1830,000
12/03/2019;1851,000
13/03/2019;1873,000
14/03/2019;1873,500
15/03/2019;1868,000
18/03/2019;1879,000
19/03/2019;1907,500
20/03/2019;1923,000
21/03/2019;1891,000
22/03/2019;1867,000
25/03/2019;1856,000
26/03/2019;1849,500
27/03/2019;1898,500
28/03/2019;1896,500
29/03/2019;1900,000
01/04/2019;1888,000
02/04/2019;1858,000
03/04/2019;1865,000
04/04/2019;1872,000
05/04/2019;1864,000
08/04/2019;1858,500
09/04/2019;1851,000
10/04/2019;1852,000
11/04/2019;1847,500
12/04/2019;1843,500
15/04/2019;1843,500
16/04/2019;1839,000
17/04/2019;1840,500
18/04/2019;1839,000
23/04/2019;1855,000
24/04/2019;1854,000
25/04/2019;1852,000
26/04/2019;1832,000
29/04/2019;1816,000
30/04/2019;1809,000
01/05/2019;1775,500
02/05/2019;1800,500
03/05/2019;1783,500
07/05/2019;1767,000
08/05/2019;1761,000
09/05/2019;1766,500
10/05/2019;1765,000
13/05/2019;1765,500
14/05/2019;1792,000
15/05/2019;1802,000
16/05/2019;1832,000
17/05/2019;1805,000
20/05/2019;1786,000
21/05/2019;1766,000
22/05/2019;1747,000
23/05/2019;1740,000
24/05/2019;1761,500
28/05/2019;1773,000
29/05/2019;1770,000
30/05/2019;1762,000
31/05/2019;1761,000
03/06/2019;1763,500
04/06/2019;1751,500
05/06/2019;1766,000
06/06/2019;1742,500
07/06/2019;1733,000
10/06/2019;1720,500
11/06/2019;1754,500
12/06/2019;1753,500
13/06/2019;1756,000
14/06/2019;1737,500
17/06/2019;1719,500
18/06/2019;1733,000
19/06/2019;1746,500
20/06/2019;1778,000
21/06/2019;1743,500
24/06/2019;1747,500
25/06/2019;1776,500
26/06/2019;1803,000
27/06/2019;1782,000
28/06/2019;1773,500
01/07/2019;1778,000
02/07/2019;1755,500
03/07/2019;1754,500
04/07/2019;1771,500
05/07/2019;1779,500
08/07/2019;1783,000
09/07/2019;1783,000
10/07/2019;1811,500
11/07/2019;1807,000
12/07/2019;1799,500
15/07/2019;1810,000
16/07/2019;1818,000
17/07/2019;1819,000
18/07/2019;1827,500
19/07/2019;1833,000
22/07/2019;1808,000
23/07/2019;1795,000
24/07/2019;1795,500
25/07/2019;1795,500
26/07/2019;1795,500
29/07/2019;1774,500
30/07/2019;1781,500
31/07/2019;1776,500
01/08/2019;1739,500
02/08/2019;1740,500
05/08/2019;1728,000
06/08/2019;1737,500
07/08/2019;1746,000
08/08/2019;1743,000
09/08/2019;1731,000
12/08/2019;1741,000
13/08/2019;1742,500
14/08/2019;1755,500
15/08/2019;1762,500
16/08/2019;1756,500
19/08/2019;1751,000
20/08/2019;1739,000
21/08/2019;1746,000
22/08/2019;
23/08/2019;1744,000
26/08/2019;1724,000
27/08/2019;1713,500
28/08/2019;1712,500
29/08/2019;
30/08/2019;
02/09/2019;1716,500
03/09/2019;1714,500
04/09/2019;1734,500
05/09/2019;1754,500
06/09/2019;1761,500
09/09/2019;1769,000
10/09/2019;1776,000
11/09/2019;1792,500
12/09/2019;1774,000
13/09/2019;1768,000
16/09/2019;1770,500
17/09/2019;1746,500
18/09/2019;1751,000
19/09/2019;1762,500
20/09/2019;1766,000
23/09/2019;1756,000
24/09/2019;1751,500
25/09/2019;1736,000
26/09/2019;1724,000
27/09/2019;1713,000
30/09/2019;1703,500
01/10/2019;1705,500
02/10/2019;1697,000
03/10/2019;1697,000
04/10/2019;1701,500
07/10/2019;1713,000
08/10/2019;1732,000
09/10/2019;1729,000
10/10/2019;1738,000
11/10/2019;1721,000
14/10/2019;1704,500
15/10/2019;1702,000
16/10/2019;1703,500
17/10/2019;1726,000
18/10/2019;1729,000
21/10/2019;1735,500
22/10/2019;1707,500
23/10/2019;1712,000
24/10/2019;1715,000
25/10/2019;1710,500
28/10/2019;1727,000
29/10/2019;1737,500
30/10/2019;1746,500
31/10/2019;1742,500
01/11/2019;1766,000
04/11/2019;1787,000
05/11/2019;1813,500
06/11/2019;1817,500
07/11/2019;1817,500
08/11/2019;1827,500
11/11/2019;1805,000
12/11/2019;1765,500
13/11/2019;1768,000
14/11/2019;1756,000
15/11/2019;1741,000
18/11/2019;1744,000
19/11/2019;1734,500
20/11/2019;1748,000
21/11/2019;1753,000
22/11/2019;1750,000
25/11/2019;1753,000
26/11/2019;1750,500
27/11/2019;1775,500
28/11/2019;1765,000
29/11/2019;1785,500
02/12/2019;1789,500
03/12/2019;1802,000
04/12/2019;1771,000
05/12/2019;1756,000
06/12/2019;1750,500
09/12/2019;1766,000
10/12/2019;1750,000
11/12/2019;1751,500
12/12/2019;1755,000
13/12/2019;1763,500
16/12/2019;1763,000
17/12/2019;1754,000
18/12/2019;1758,000
19/12/2019;1765,500
20/12/2019;1770,500
23/12/2019;1771,500
24/12/2019;1790,500
27/12/2019;1789,000
31/12/2019;1800,000
02/01/2020;1772,000
03/01/2020;1758,000
06/01/2020;1791,000
07/01/2020;1794,000
08/01/2020;1771,500
09/01/2020;1771,000
10/01/2020;1771,500
13/01/2020;1766,500
14/01/2020;1767,500
15/01/2020;1778,500
16/01/2020;1794,000
17/01/2020;1796,000
20/01/2020;1807,000
21/01/2020;1810,500
22/01/2020;1807,500
23/01/2020;1781,500
24/01/2020;1775,500
27/01/2020;1755,500
28/01/2020;1744,500
29/01/2020;1732,500
30/01/2020;1722,500
31/01/2020;1709,500
03/02/2020;1694,500
04/02/2020;1687,000
05/02/2020;1688,000
06/02/2020;1698,000
07/02/2020;1693,500
10/02/2020;1676,000
11/02/2020;1689,500
12/02/2020;1707,000
13/02/2020;1701,500
14/02/2020;1704,500
17/02/2020;1678,500
18/02/2020;1681,000
19/02/2020;1686,000
20/02/2020;1687,000
21/02/2020;1677,000
24/02/2020;1672,500
25/02/2020;1685,000
26/02/2020;1676,500
27/02/2020;1671,000
28/02/2020;1663,000
02/03/2020;1684,500
03/03/2020;1706,000
04/03/2020;1723,000
05/03/2020;1715,000
06/03/2020;1687,000
09/03/2020;1643,500
10/03/2020;1689,000
11/03/2020;1670,500
12/03/2020;1643,000
13/03/2020;1677,000
16/03/2020;1640,500
17/03/2020;1628,000
18/03/2020;1602,500
19/03/2020;1581,000
20/03/2020;1580,500
23/03/2020;1536,000
24/03/2020;1532,500
25/03/2020;1507,500
26/03/2020;1507,500
27/03/2020;1506,000
30/03/2020;1495,000
31/03/2020;1489,000
01/04/2020;1463,500
02/04/2020;1448,500
03/04/2020;1452,000
06/04/2020;1424,500
07/04/2020;1455,500
08/04/2020;1421,500
09/04/2020;1428,500
14/04/2020;1456,000
15/04/2020;1469,500
16/04/2020;1476,000
17/04/2020;1482,500
20/04/2020;1451,500
21/04/2020;1443,500
22/04/2020;1461,500
23/04/2020;1473,500
24/04/2020;1473,000
27/04/2020;1472,500
28/04/2020;1465,000
29/04/2020;1464,000
30/04/2020;1460,500
01/05/2020;1440,000
04/05/2020;1437,000
05/05/2020;1438,500
06/05/2020;1443,000
07/05/2020;1450,000
11/05/2020;1454,500
12/05/2020;1443,000
13/05/2020;1439,000
14/05/2020;1433,500
15/05/2020;1432,500
18/05/2020;1441,500
19/05/2020;1464,000
20/05/2020;1454,000
21/05/2020;1487,000
22/05/2020;1473,000
26/05/2020;1486,000
27/05/2020;1504,000
28/05/2020;1500,500
29/05/2020;1515,000
01/06/2020;1511,500
02/06/2020;1499,500
03/06/2020;1526,000
04/06/2020;1535,000
05/06/2020;1553,500
08/06/2020;1569,500
09/06/2020;1565,500
10/06/2020;1613,500
11/06/2020;1582,000
12/06/2020;1560,000
15/06/2020;1546,000
16/06/2020;1573,500
17/06/2020;1577,500
18/06/2020;1586,500
19/06/2020;1578,000
22/06/2020;1573,000
23/06/2020;1577,500
24/06/2020;1564,000
25/06/2020;1543,500
26/06/2020;1582,000
29/06/2020;1589,000
30/06/2020;1602,000
01/07/2020;1593,500
02/07/2020;1601,500
03/07/2020;1581,500
06/07/2020;1593,000
07/07/2020;1596,500
08/07/2020;1619,000
09/07/2020;1659,500
10/07/2020;1639,500
13/07/2020;1664,500
14/07/2020;1640,000
15/07/2020;1651,000
16/07/2020;1627,000
17/07/2020;1618,000
20/07/2020;1621,000
21/07/2020;1646,500
22/07/2020;1651,000
23/07/2020;1661,000
24/07/2020;1654,500
27/07/2020;1661,500
28/07/2020;1671,000
29/07/2020;1687,000
30/07/2020;1681,500
31/07/2020;1685,500
03/08/2020;1679,500
04/08/2020;1709,500
05/08/2020;1739,000
06/08/2020;1722,000
07/08/2020;1744,000
11/08/2020;1749,500
12/08/2020;1754,000
13/08/2020;1738,000
14/08/2020;1730,000
17/08/2020;1719,500
18/08/2020;1733,000
19/08/2020;1746,500
20/08/2020;1755,500
21/08/2020;1722,500
24/08/2020;1735,500
25/08/2020;1733,000
26/08/2020;1737,000
27/08/2020;1738,000
28/08/2020;1762,000
01/09/2020;1781,500
02/09/2020;1778,500
03/09/2020;1743,500
04/09/2020;1753,000
07/09/2020;1763,000
08/09/2020;1744,000
09/09/2020;1740,000
10/09/2020;1743,500
11/09/2020;1746,500
14/09/2020;1749,000
15/09/2020;1767,000
16/09/2020;1759,000
17/09/2020;1743,500
18/09/2020;1745,000
21/09/2020;1752,500
22/09/2020;1744,000
23/09/2020;1718,500
24/09/2020;1697,000
25/09/2020;1708,500
28/09/2020;1737,000
29/09/2020;1746,000
30/09/2020;1737,000
01/10/2020;1716,000
02/10/2020;1705,000
05/10/2020;1741,500
06/10/2020;1755,000
07/10/2020;1745,500
08/10/2020;1786,000
09/10/2020;1805,500
12/10/2020;1829,500
13/10/2020;1841,000
14/10/2020;1836,000
15/10/2020;1824,000
16/10/2020;1865,500
19/10/2020;1848,000
20/10/2020;1826,000
21/10/2020;1842,500
22/10/2020;1828,000
23/10/2020;1829,000
26/10/2020;1822,500
27/10/2020;1808,000
28/10/2020;1801,000
29/10/2020;1786,000
30/10/2020;1820,500
02/11/2020;1834,500
03/11/2020;1891,000
04/11/2020;1877,000
05/11/2020;1885,500
06/11/2020;1891,500
09/11/2020;1913,000
10/11/2020;1880,000
11/11/2020;1905,000
12/11/2020;1904,500
13/11/2020;1918,000
16/11/2020;1933,000
17/11/2020;1944,500
18/11/2020;1978,000
19/11/2020;1983,000
20/11/2020;1984,000
23/11/2020;1969,500
24/11/2020;1964,500
25/11/2020;1967,000
26/11/2020;1961,500
27/11/2020;1965,000
30/11/2020;2014,500
01/12/2020;2045,500
02/12/2020;2051,500
03/12/2020;2028,000
04/12/2020;2027,500
07/12/2020;2004,000
08/12/2020;1986,000
09/12/2020;2010,000
10/12/2020;2031,000
11/12/2020;2022,000
14/12/2020;2042,500
15/12/2020;2022,000
16/12/2020;2029,000
17/12/2020;2028,000
18/12/2020;2049,000
21/12/2020;2012,500
22/12/2020;1993,000
23/12/2020;1999,000
24/12/2020;2022,000
29/12/2020;2000,000
30/12/2020;1995,500
31/12/2020;1978,000
04/01/2021;2013,500
05/01/2021;2027,500
06/01/2021;2062,500
07/01/2021;2008,000
08/01/2021;2029,500
11/01/2021;2008,000
12/01/2021;2025,500
13/01/2021;2009,500
14/01/2021;2010,500
15/01/2021;2000,500
19/01/2021;1951,500
20/01/2021;1976,000
21/01/2021;1992,500
22/01/2021;1975,500
25/01/2021;2011,500
26/01/2021;2025,000
27/01/2021;2003,500
28/01/2021;1979,000
29/01/2021;1987,000
01/02/2021;1985,500
02/02/2021;1958,000
03/02/2021;1973,000
04/02/2021;1979,500
05/02/2021;2007,500
08/02/2021;2025,500
09/02/2021;2045,500
10/02/2021;2070,500
11/02/2021;2075,500
12/02/2021;2076,000
15/02/2021;2079,000
16/02/2021;2077,000
17/02/2021;2096,500
18/02/2021;2147,000
19/02/2021;2135,000
22/02/2021;2153,500
23/02/2021;2136,500
24/02/2021;2145,500
25/02/2021;2223,000
26/02/2021;2202,500
01/03/2021;2154,500
02/03/2021;2176,000
03/03/2021;2203,000
04/03/2021;2169,000
05/03/2021;2185,000
08/03/2021;2152,000
09/03/2021;2141,000
10/03/2021;2149,500
11/03/2021;2159,000
12/03/2021;2139,000
15/03/2021;2184,500
16/03/2021;2174,500
17/03/2021;2202,500
18/03/2021;2192,000
19/03/2021;2188,000
22/03/2021;2254,000
23/03/2021;2205,000
24/03/2021;2220,500
25/03/2021;2208,000
26/03/2021;2260,500
29/03/2021;2255,500
30/03/2021;2220,500
31/03/2021;2212,500
01/04/2021;2212,500
06/04/2021;2247,000
07/04/2021;2239,500
08/04/2021;2267,500
09/04/2021;2250,000
12/04/2021;2254,000
13/04/2021;2278,000
14/04/2021;2297,500
15/04/2021;2328,000
16/04/2021;2308,500
19/04/2021;2331,000
20/04/2021;2324,000
21/04/2021;2344,000
22/04/2021;2373,500
23/04/2021;2373,500
26/04/2021;2388,000
27/04/2021;2389,000
28/04/2021;2392,500
29/04/2021;2432,000
30/04/2021;2445,000
04/05/2021;2434,500
05/05/2021;2446,000
06/05/2021;2476,500
07/05/2021;2518,500
10/05/2021;2565,000
11/05/2021;2549,500
12/05/2021;2474,000
13/05/2021;2422,500
14/05/2021;2438,000
17/05/2021;2455,000
18/05/2021;2468,000
19/05/2021;2402,500
20/05/2021;2392,000
21/05/2021;2403,000
24/05/2021;2305,000
25/05/2021;2341,000
26/05/2021;2359,500
27/05/2021;2388,000
28/05/2021;2404,500
01/06/2021;2461,500
02/06/2021;2442,000
03/06/2021;2386,500
04/06/2021;2412,500
07/06/2021;2417,500
08/06/2021;2439,000
09/06/2021;2459,000
10/06/2021;2470,000
11/06/2021;2490,000
14/06/2021;2504,000
15/06/2021;2458,500
16/06/2021;2454,500
17/06/2021;2427,500
18/06/2021;2374,000
21/06/2021;2353,500
22/06/2021;2375,500
23/06/2021;2386,500
24/06/2021;2397,500
25/06/2021;2451,000
28/06/2021;2458,000
29/06/2021;2518,500
30/06/2021;2523,000
01/07/2021;2481,000
02/07/2021;2519,500
05/07/2021;2539,500
06/07/2021;2529,500
07/07/2021;2508,500
08/07/2021;2435,000
09/07/2021;2470,000
12/07/2021;2449,000
13/07/2021;2478,000
14/07/2021;2509,000
15/07/2021;2495,000
16/07/2021;2493,000
19/07/2021;2425,000
20/07/2021;2424,500
21/07/2021;2432,000
22/07/2021;2449,000
23/07/2021;2492,000
26/07/2021;2499,500
27/07/2021;2497,500
28/07/2021;2516,000
29/07/2021;2556,500
30/07/2021;2624,000
02/08/2021;2635,000
03/08/2021;2595,500
04/08/2021;2575,500
05/08/2021;2583,500
06/08/2021;2618,500
09/08/2021;2547,000
10/08/2021;2579,000
11/08/2021;2578,000
12/08/2021;2602,000
13/08/2021;2602,500
16/08/2021;2644,000
17/08/2021;2633,000
18/08/2021;2589,500
19/08/2021;2544,000
20/08/2021;2569,000
23/08/2021;2609,000
24/08/2021;2648,500
25/08/2021;2647,500
26/08/2021;2635,000
27/08/2021;2673,500
31/08/2021;2714,000
01/09/2021;2667,500
02/09/2021;2694,500
03/09/2021;2696,000
06/09/2021;2745,500
07/09/2021;2740,500
08/09/2021;2774,500
09/09/2021;2816,500
10/09/2021;2896,500
13/09/2021;2950,000
14/09/2021;2847,000
15/09/2021;2868,000
16/09/2021;2869,000
17/09/2021;2915,000
20/09/2021;2847,000
21/09/2021;2864,000
22/09/2021;2887,000
23/09/2021;2937,000
24/09/2021;2905,500
27/09/2021;2888,000
28/09/2021;2899,000
29/09/2021;2913,000
30/09/2021;2851,000
01/10/2021;2865,000
04/10/2021;2889,000
05/10/2021;2894,500
06/10/2021;2880,000
07/10/2021;2916,000
08/10/2021;2902,000
11/10/2021;3020,000
12/10/2021;3052,000
13/10/2021;3076,000
14/10/2021;3152,000
15/10/2021;3163,000
18/10/2021;3180,000
19/10/2021;3176,000
20/10/2021;3065,000
21/10/2021;3014,000
22/10/2021;2946,000
25/10/2021;2917,000
26/10/2021;2831,000
27/10/2021;2704,000
28/10/2021;2721,000
29/10/2021;2695,000
01/11/2021;2713,000
02/11/2021;2680,000
03/11/2021;2706,000
04/11/2021;2643,000
05/11/2021;2490,500
08/11/2021;2530,500
09/11/2021;2582,000
10/11/2021;2554,000
11/11/2021;2645,500
12/11/2021;2676,000
15/11/2021;2678,000
16/11/2021;2628,500
17/11/2021;2628,000
18/11/2021;2607,500
19/11/2021;2661,000
22/11/2021;2653,500
23/11/2021;2691,000
24/11/2021;2699,000
25/11/2021;2740,500
26/11/2021;2618,500
29/11/2021;2650,000
30/11/2021;2635,000
01/12/2021;2669,500
02/12/2021;2655,000
03/12/2021;2648,000
06/12/2021;2600,500
07/12/2021;2625,000
08/12/2021;2626,000
09/12/2021;2630,500
10/12/2021;2625,000
13/12/2021;2677,000
14/12/2021;2636,000
15/12/2021;2597,000
16/12/2021;2630,000
17/12/2021;2694,000
20/12/2021;2645,500
21/12/2021;2696,000
22/12/2021;2811,000
23/12/2021;2818,000
24/12/2021;2848,000
04/01/2022;2815,500
05/01/2022;2866,000
06/01/2022;2912,500
07/01/2022;2919,500
10/01/2022;2923,000
11/01/2022;2950,000
12/01/2022;3003,000
13/01/2022;2960,000
14/01/2022;2977,500
17/01/2022;3009,000
18/01/2022;3006,000
19/01/2022;3036,000
20/01/2022;3109,500
21/01/2022;3079,500
24/01/2022;3044,500
25/01/2022;3064,000
26/01/2022;3093,000
27/01/2022;3107,000
28/01/2022;3110,000
31/01/2022;3076,000
01/02/2022;3072,000
02/02/2022;3043,000
03/02/2022;3058,500
04/02/2022;3078,000
07/02/2022;3148,000
08/02/2022;3245,000
09/02/2022;3248,000
10/02/2022;3313,000
11/02/2022;3200,000
14/02/2022;3306,000
15/02/2022;3223,000
16/02/2022;3282,000
17/02/2022;3294,000
18/02/2022;3314,000
21/02/2022;3315,000
22/02/2022;3420,000
23/02/2022;3323,500
24/02/2022;3519,000
25/02/2022;3355,500
28/02/2022;3450,000
01/03/2022;3495,500
02/03/2022;3605,000
03/03/2022;3728,500
04/03/2022;3851,000
07/03/2022;3984,500
08/03/2022;3500,500
09/03/2022;3532,000
10/03/2022;3535,000
11/03/2022;3472,000
14/03/2022;3399,000
15/03/2022;3217,500
16/03/2022;3306,000
17/03/2022;3288,000
18/03/2022;3380,500
21/03/2022;3518,000
22/03/2022;3550,500
23/03/2022;3560,000
24/03/2022;3664,000
25/03/2022;3583,000
28/03/2022;3606,000
29/03/2022;3583,000
30/03/2022;3508,000
31/03/2022;3503,000
01/04/2022;3483,000
04/04/2022;3444,000
05/04/2022;3415,000
06/04/2022;3443,500
07/04/2022;3346,000
08/04/2022;3395,000
11/04/2022;3234,500
12/04/2022;3214,500
13/04/2022;3207,000
14/04/2022;3237,500
19/04/2022;3312,000
20/04/2022;3240,000
21/04/2022;3262,000
22/04/2022;3244,000
25/04/2022;3090,000
26/04/2022;3102,500
27/04/2022;3100,000
28/04/2022;3065,500
29/04/2022;3039,000
03/05/2022;2911,500
04/05/2022;2929,000
05/05/2022;2917,000
06/05/2022;2832,500
09/05/2022;2708,000
10/05/2022;2677,000
11/05/2022;2737,000
12/05/2022;2688,000
13/05/2022;2723,000
16/05/2022;2791,000
17/05/2022;2836,000
18/05/2022;2845,000
19/05/2022;2826,000
20/05/2022;2931,000
23/05/2022;2963,000
24/05/2022;2881,000
25/05/2022;2829,500
26/05/2022;2825,500
27/05/2022;2823,000
30/05/2022;2863,000
31/05/2022;2816,500
01/06/2022;2701,500
06/06/2022;2742,000
07/06/2022;2715,000
08/06/2022;2765,500
09/06/2022;2752,500
10/06/2022;2695,000
13/06/2022;2589,500
14/06/2022;2588,000
15/06/2022;2580,000
16/06/2022;2500,500
17/06/2022;2474,000
20/06/2022;2462,000
21/06/2022;2519,500
22/06/2022;2455,500
23/06/2022;2480,000
24/06/2022;2436,000
27/06/2022;2453,000
28/06/2022;2500,000
29/06/2022;2452,000
30/06/2022;2397,000
01/07/2022;2384,000
04/07/2022;2431,500
05/07/2022;2374,000
06/07/2022;2358,000
07/07/2022;2417,500
08/07/2022;2399,500
11/07/2022;2417,000
12/07/2022;2358,000
13/07/2022;2343,000
14/07/2022;2329,000
15/07/2022;2320,500
18/07/2022;2377,500
19/07/2022;2412,000
20/07/2022;2456,500
21/07/2022;2426,000
22/07/2022;2460,000
25/07/2022;2431,500
26/07/2022;2437,000
27/07/2022;2390,500
28/07/2022;2458,000
29/07/2022;2452,000
01/08/2022;2469,500
02/08/2022;2448,500
03/08/2022;2403,000
04/08/2022;2374,000
05/08/2022;2447,500
08/08/2022;2435,500
09/08/2022;2488,000
10/08/2022;2462,500
11/08/2022;2498,000
12/08/2022;2468,500
15/08/2022;2389,500
16/08/2022;2442,000
17/08/2022;2414,000
18/08/2022;2412,000
19/08/2022;2376,000
22/08/2022;2387,500
23/08/2022;2438,500
24/08/2022;2422,000
25/08/2022;2442,500
26/08/2022;2495,000
30/08/2022;2406,500
31/08/2022;2368,500
01/09/2022;2306,000
02/09/2022;2309,000
05/09/2022;2290,500
06/09/2022;2260,000
07/09/2022;2230,500
08/09/2022;2256,000
09/09/2022;2280,000
12/09/2022;2288,500
13/09/2022;2309,500
14/09/2022;2227,500
15/09/2022;2272,000
16/09/2022;2259,000
19/09/2022;2232,000
20/09/2022;2245,500
21/09/2022;2191,000
22/09/2022;2195,500
23/09/2022;2153,000
26/09/2022;2125,500
27/09/2022;2106,000
28/09/2022;2080,000
29/09/2022;2261,000
30/09/2022;2180,000
03/10/2022;2164,000
04/10/2022;2261,500
05/10/2022;2289,000
06/10/2022;2355,000
07/10/2022;2342,000
10/10/2022;2274,000
11/10/2022;2218,500
12/10/2022;2227,000
13/10/2022;2374,000
14/10/2022;2309,000
17/10/2022;2240,000
18/10/2022;2200,500
19/10/2022;2169,000
20/10/2022;2214,000
21/10/2022;2155,500
24/10/2022;2160,000
26/10/2022;2265,500
27/10/2022;2297,000
28/10/2022;2226,000
31/10/2022;2197,000
01/11/2022;2245,500
02/11/2022;2227,000
03/11/2022;2216,000
04/11/2022;2306,000
07/11/2022;2292,000
08/11/2022;2327,000
09/11/2022;2338,000
10/11/2022;2272,000
11/11/2022;2410,000
14/11/2022;2392,000
15/11/2022;2410,000
16/11/2022;2393,000
17/11/2022;2342,500
18/11/2022;2369,000
21/11/2022;2344,000
22/11/2022;2394,000
23/11/2022;2364,000
24/11/2022;2344,000
25/11/2022;2346,000
28/11/2022;2315,500
30/11/2022;2387,000
01/12/2022;2430,500
02/12/2022;2448,500
05/12/2022;2485,000
06/12/2022;2461,000
07/12/2022;2450,500
08/12/2022;2468,500
09/12/2022;2453,500
12/12/2022;2390,000
13/12/2022;2388,000
14/12/2022;2379,500
15/12/2022;2396,000
16/12/2022;2354,000
19/12/2022;2327,000
20/12/2022;2329,500
21/12/2022;2357,000
22/12/2022;2362,000
23/12/2022;2342,000
28/12/2022;2343,000
29/12/2022;2371,500
30/12/2022;2360,500
03/01/2023;2337,500
04/01/2023;2250,000
05/01/2023;2270,000
06/01/2023;2242,500
09/01/2023;2336,500
10/01/2023;2397,000
11/01/2023;2451,000
12/01/2023;2447,000
13/01/2023;2511,000
16/01/2023;2603,000
17/01/2023;2562,500
18/01/2023;2636,000
19/01/2023;2541,000
20/01/2023;2585,500
23/01/2023;2593,000
24/01/2023;2594,500
25/01/2023;2606,000
26/01/2023;2598,000
27/01/2023;2597,000
30/01/2023;2577,000
31/01/2023;2533,500
01/02/2023;2611,000
02/02/2023;2572,500
03/02/2023;2560,000
06/02/2023;2486,500
07/02/2023;2472,500
08/02/2023;2469,000
09/02/2023;2424,500
10/02/2023;2435,000
13/02/2023;2382,500
14/02/2023;2391,000
15/02/2023;2367,000
16/02/2023;2341,500
17/02/2023;2335,000
20/02/2023;2392,000
21/02/2023;2430,500
22/02/2023;2385,500
23/02/2023;2368,500
24/02/2023;2307,000
27/02/2023;2314,000
28/02/2023;2300,000
01/03/2023;2364,000
02/03/2023;2366,500
03/03/2023;2361,500
06/03/2023;2321,500
07/03/2023;2312,500
08/03/2023;2288,500
09/03/2023;2291,000
10/03/2023;2249,000
13/03/2023;2236,500
14/03/2023;2272,000
15/03/2023;2246,000
16/03/2023;2237,500
17/03/2023;2232,000
20/03/2023;2237,500
21/03/2023;2235,000
22/03/2023;2232,000
23/03/2023;2265,000
24/03/2023;2265,000
27/03/2023;2298,000
28/03/2023;2315,000
29/03/2023;2366,000
30/03/2023;2344,000
31/03/2023;2336,500
03/04/2023;2380,500
04/04/2023;2341,500
05/04/2023;2306,000
06/04/2023;2300,500
11/04/2023;2268,000
12/04/2023;2258,500
13/04/2023;2330,000
14/04/2023;2356,000
17/04/2023;2364,500
18/04/2023;2401,000
19/04/2023;2382,000
20/04/2023;2410,000
21/04/2023;2388,500
24/04/2023;2354,500
25/04/2023;2313,000
26/04/2023;2339,500
27/04/2023;2302,000
28/04/2023;2342,000
02/05/2023;2353,000
03/05/2023;2330,000
04/05/2023;2297,000
05/05/2023;2277,500
09/05/2023;2321,000
10/05/2023;2276,000
11/05/2023;2229,000
12/05/2023;2230,500
15/05/2023;2260,500
16/05/2023;2235,500
17/05/2023;2269,000
18/05/2023;2312,000
19/05/2023;2300,000
22/05/2023;2262,000
23/05/2023;2202,000
24/05/2023;2234,000
25/05/2023;2236,000
26/05/2023;2242,000
30/05/2023;2230,000
31/05/2023;2255,000
01/06/2023;2281,000
02/06/2023;2263,500
05/06/2023;2216,000
06/06/2023;2172,000
07/06/2023;2169,000
08/06/2023;2187,500
09/06/2023;2221,000
12/06/2023;2188,000
13/06/2023;2193,500
14/06/2023;2200,000
15/06/2023;2197,000
16/06/2023;2224,500
20/06/2023;2184,500
21/06/2023;2157,000
22/06/2023;2190,500
23/06/2023;2132,500
26/06/2023;2116,000
27/06/2023;2151,500
28/06/2023;2141,500
29/06/2023;2105,500
30/06/2023;2096,500
03/07/2023;2107,000
04/07/2023;2102,500
05/07/2023;2093,000
06/07/2023;2103,500
07/07/2023;2086,000
10/07/2023;2096,000
11/07/2023;2129,000
12/07/2023;2147,500
13/07/2023;2236,000
14/07/2023;2225,000
17/07/2023;2195,000
18/07/2023;2169,500
19/07/2023;2142,000
20/07/2023;2172,000
21/07/2023;2153,500
24/07/2023;2155,000
25/07/2023;2184,000
26/07/2023;2170,500
27/07/2023;2176,000
28/07/2023;2161,500
31/07/2023;2195,500
01/08/2023;2217,000
02/08/2023;2176,500
03/08/2023;2147,000
04/08/2023;2166,000
07/08/2023;2178,000
08/08/2023;2143,000
10/08/2023;2161,500
11/08/2023;2127,000
14/08/2023;2096,000
15/08/2023;2085,500
16/08/2023;2089,000
17/08/2023;2131,000
18/08/2023;2096,000
21/08/2023;2068,500
22/08/2023;2121,500
23/08/2023;2129,000
24/08/2023;2119,500
25/08/2023;2124,000
29/08/2023;2116,500
30/08/2023;2140,500
31/08/2023;2165,500
01/09/2023;2184,000
04/09/2023;2149,500
05/09/2023;2136,500
06/09/2023;2158,000
07/09/2023;2135,000
08/09/2023;2132,500
11/09/2023;2154,000
12/09/2023;2153,000
13/09/2023;2156,500
14/09/2023;2192,500
15/09/2023;2155,500
18/09/2023;2165,000
19/09/2023;2174,500
20/09/2023;2202,000
21/09/2023;2166,500
22/09/2023;2199,500
25/09/2023;2182,500
26/09/2023;2195,000
27/09/2023;2196,000
28/09/2023;2232,000
29/09/2023;2307,500
02/10/2023;2286,500
03/10/2023;2257,000
04/10/2023;2231,000
05/10/2023;2195,500
06/10/2023;2208,000
09/10/2023;2193,000
10/10/2023;2199,000
11/10/2023;2179,000
12/10/2023;2180,500
13/10/2023;2176,000
16/10/2023;2161,500
17/10/2023;2148,500
18/10/2023;2176,500
19/10/2023;2150,500
20/10/2023;2152,000
23/10/2023;2144,500
24/10/2023;2146,500
25/10/2023;2188,500
26/10/2023;2202,500
27/10/2023;2170,500
30/10/2023;2252,000
31/10/2023;2235,000
01/11/2023;2230,500
02/11/2023;2218,000
03/11/2023;2219,500
06/11/2023;2254,000
07/11/2023;2241,000
08/11/2023;2258,500
09/11/2023;2228,000
10/11/2023;2205,500
13/11/2023;2220,500
14/11/2023;2194,000
15/11/2023;2205,000
16/11/2023;2182,500
17/11/2023;2165,000
20/11/2023;2192,000
21/11/2023;2201,500
23/11/2023;2183,000
24/11/2023;2179,000
27/11/2023;2177,000
28/11/2023;2164,500
29/11/2023;2178,000
30/11/2023;2157,500
01/12/2023;2147,500
04/12/2023;2148,500
05/12/2023;2121,500
06/12/2023;2117,500
07/12/2023;2099,000
08/12/2023;2111,000
11/12/2023;2082,500
12/12/2023;2090,500
13/12/2023;2083,000
14/12/2023;2137,000
15/12/2023;2196,000
18/12/2023;2213,000
19/12/2023;2215,500
20/12/2023;2192,000
21/12/2023;2180,000
22/12/2023;2234,500
27/12/2023;2293,500
28/12/2023;2313,500
29/12/2023;2335,500
02/01/2024;2336,500
03/01/2024;2255,500
04/01/2024;2235,500
05/01/2024;2215,500
08/01/2024;2205,500
09/01/2024;2200,000
10/01/2024;2204,000
11/01/2024;2203,000
12/01/2024;2175,000
15/01/2024;2153,000
16/01/2024;2158,500
17/01/2024;2142,000
18/01/2024;2130,500
19/01/2024;2122,000
22/01/2024;2110,000
23/01/2024;2145,000
24/01/2024;2207,500
25/01/2024;2188,500
26/01/2024;2212,000
29/01/2024;2214,000
30/01/2024;2226,500
31/01/2024;2232,000
01/02/2024;2212,500
02/02/2024;2209,500
05/02/2024;2183,500
06/02/2024;2184,500
07/02/2024;2195,500
08/02/2024;2214,500
09/02/2024;2180,500
12/02/2024;2188,000
13/02/2024;2204,000
14/02/2024;2194,000
15/02/2024;2205,000
16/02/2024;2203,000
19/02/2024;2185,000
20/02/2024;2147,500
21/02/2024;2211,500
22/02/2024;2178,500
23/02/2024;2157,000
26/02/2024;2140,500
27/02/2024;2146,000
28/02/2024;2130,000
29/02/2024;2163,000
01/03/2024;2183,500
04/03/2024;2182,500
