"date","Price_PMI","Price_LME","Price_COMEX","Price_Gold","Price_Oil","Price_SHMET"
2018-12-30,51.9,6018,2.8,1283,45.15,48205
2018-12-31,51.9,5965,2.8,1281.3,45.15,48205
2019-01-01,51.9,5965,2.8,1281.3,45.15,48205
2019-01-02,51.4,5839,2.8,1322.1,46.31,47990
2019-01-03,51.4,5811,2.8,1299.2,46.92,47320
2019-01-04,51.4,5840,2.768,1294.2,47.76,46880
2019-01-05,51.4,5840,2.768,1284.2,47.76,46880
2019-01-06,51.4,5840,2.768,1284.2,47.76,46880
2019-01-07,51.4,5889.5,2.768,1389.3,48.27,46780
2019-01-08,51.4,5904.5,2.768,1432.4,49.58,47430
2019-01-09,51.4,5964,2.768,1432.4,52.19,47585
2019-01-10,51.4,5908.5,2.768,1489,52.42,47390
2019-01-11,51.4,5926.5,2.768,1511.4,51.44,47390
2019-01-12,51.4,5926.5,2.768,1511.4,51.44,47390
2019-01-13,51.4,5926.5,2.763,1511.4,51.44,47390
2019-01-14,51.4,5861,2.76,1511.4,50.31,47160
2019-01-15,51.4,5882,2.753,1511.4,51.8,47160
2019-01-16,51.4,5911,2.753,1511.4,52.08,47195
2019-01-17,51.4,5933,2.753,1511.4,51.83,47195
2019-01-18,51.4,6022,2.741,1511.4,53.6,47195
2019-01-19,51.4,6022,2.741,1511.4,53.6,47195
2019-01-20,51.4,6022,2.741,1511.4,53.6,47195
2019-01-21,51.4,5951.5,2.741,1511.4,53.6,47195
2019-01-22,51.4,5926.5,2.741,1511.4,52.59,47195
2019-01-23,51.4,5920.5,2.741,1511.4,52.44,47195
2019-01-24,51.5,5885,2.741,1511.4,52.94,47150
2019-01-25,51.5,5901,2.741,1511.4,53.53,47165
2019-01-26,51.5,5901,2.741,1511.4,53.53,47165
2019-01-27,51.5,5901,2.741,1511.4,53.53,47165
2019-01-28,51.5,5996,2.741,1511.4,51.79,47165
2019-01-29,51.5,6007,2.741,1511.4,53.07,47230
2019-01-30,51.5,6077,2.773,1511.4,54.18,47440
2019-01-31,51.5,6148,2.789,1511.4,53.84,47725
2019-02-01,50.5,6097.5,2.789,1511.4,55.29,47710
2019-02-02,50.5,6097.5,2.789,1511.4,55.29,47710
2019-02-03,50.5,6097.5,2.789,1511.4,55.29,47710
2019-02-04,50.5,6076.5,2.795,1511.4,54.57,47710
2019-02-05,50.5,6174,2.817,1511.4,53.69,47710
2019-02-06,50.5,6210,2.836,1511.4,53.94,47710
2019-02-07,50.5,6227,2.836,1511.4,52.68,47710
2019-02-08,50.5,6207,2.836,1511.4,52.75,47710
2019-02-09,50.5,6207,2.836,1511.4,52.75,47710
2019-02-10,50.5,6207,2.836,1511.4,52.75,47710
2019-02-11,50.5,6148,2.836,1511.4,52.43,48125
2019-02-12,50.5,6102,2.836,1469.2,53.14,48035
2019-02-13,50.5,6120,2.836,1469.2,53.84,47820
2019-02-14,50.5,6178.5,2.836,1469.2,54.4,47940
2019-02-15,50.5,6190,2.836,1469.2,55.58,48065
2019-02-16,50.5,6190,2.836,1469.2,55.58,48065
2019-02-17,50.5,6190,2.836,1469.2,55.58,48065
2019-02-18,50.5,6269.5,2.836,1469.2,55.58,48390
2019-02-19,50.5,6246.5,2.881,1469.2,56.12,48925
2019-02-20,50.5,6351.5,2.93,1469.2,56.9,49310
2019-02-21,50.3,6391,2.93,1469.2,56.95,49420
2019-02-22,50.3,6489,2.961,1469.2,57.01,49295
2019-02-23,50.3,6489,2.961,1469.2,57.01,49295
2019-02-24,50.3,6489,2.961,1469.2,57.01,49295
2019-02-25,50.3,6546,2.961,1469.2,55.32,49895
2019-02-26,50.3,6471,2.961,1469.2,55.4,49720
2019-02-27,50.3,6533,2.961,1469.2,56.92,49805
2019-02-28,50.3,6536,2.961,1469.2,57.21,49915
2019-03-01,49.2,6572,2.961,1469.2,55.76,49915
2019-03-02,49.2,6572,2.961,1469.2,55.76,49915
2019-03-03,49.2,6572,2.961,1469.2,55.76,49915
2019-03-04,49.2,6420,2.961,1469.2,56.6,49970
2019-03-05,49.2,6553.5,2.961,1469.2,56.55,50110
2019-03-06,49.2,6505,2.961,1469.2,56.22,49905
2019-03-07,49.2,6458,2.961,1469.2,56.6,49795
2019-03-08,49.2,6398.5,2.961,1469.2,55.77,49620
2019-03-09,49.2,6398.5,2.961,1469.2,55.77,49620
2019-03-10,49.2,6398.5,2.961,1469.2,55.77,49620
2019-03-11,49.2,6435,2.961,1469.2,56.79,49580
2019-03-12,49.2,6510,2.961,1484.4,56.89,49810
2019-03-13,49.2,6529,2.961,1484.4,58.27,49940
2019-03-14,49.2,6409,2.961,1484.4,58.59,49840
2019-03-15,49.2,6410,2.961,1484.4,58.51,49625
2019-03-16,49.2,6410,2.961,1484.4,58.51,49625
2019-03-17,49.2,6410,2.961,1484.4,58.51,49625
2019-03-18,49.2,6492,2.961,1484.4,59.09,50085
2019-03-19,49.2,6500,2.961,1484.4,59.12,50040
2019-03-20,49.2,6487,2.961,1484.4,60.12,50075
2019-03-21,49.2,6520,2.961,1484.4,59.98,50200
2019-03-22,49.5,6375,2.961,1484.4,58.87,49930
2019-03-23,49.5,6375,2.961,1484.4,58.87,49930
2019-03-24,49.5,6375,2.961,1484.4,58.87,49930
2019-03-25,49.5,6328,2.961,1484.4,58.71,49330
2019-03-26,49.5,6361,2.959,1484.4,59.87,49210
2019-03-27,49.5,6338.5,2.959,1484.4,59.39,49325
2019-03-28,49.5,6385,2.959,1484.4,59.29,49360
2019-03-29,49.5,6485,2.959,1484.4,60.19,49785
2019-03-30,49.5,6485,2.959,1484.4,60.19,49785
2019-03-31,49.5,6485,2.95,1484.4,60.19,49785
2019-04-01,47.6,6498,2.936,1484.4,61.59,49225
2019-04-02,47.6,6431,2.936,1484.4,62.53,49160
2019-04-03,47.6,6483,2.946,1484.4,62.46,49185
2019-04-04,47.6,6444,2.946,1484.4,62.12,49515
2019-04-05,47.6,6419,2.946,1484.4,63.1,49515
2019-04-06,47.6,6419,2.946,1484.4,63.1,49515
2019-04-07,47.6,6419,2.946,1484.4,63.1,49515
2019-04-08,47.6,6432.5,2.946,1484.4,64.37,49280
2019-04-09,47.6,6498,2.946,1484.4,64.05,49385
2019-04-10,47.6,6447,2.946,1484.4,64.62,49435
2019-04-11,47.6,6432.5,2.946,1484.4,63.61,49290
2019-04-12,47.6,6490,2.946,1480.2,63.86,49055
2019-04-13,47.6,6490,2.946,1480.2,63.86,49055
2019-04-14,47.6,6490,2.946,1480.2,63.86,49055
2019-04-15,47.6,6456,2.946,1480.2,63.43,49460
2019-04-16,47.6,6460,2.946,1480.2,64.01,49375
2019-04-17,47.6,6509,2.975,1480.2,63.74,49550
2019-04-18,47.9,6448,2.975,1480.2,64.02,49610
2019-04-19,47.9,6448,2.975,1480.2,64.02,49450
2019-04-20,47.9,6448,2.975,1480.2,64.02,49450
2019-04-21,47.9,6448,2.975,1480.2,64.02,49450
2019-04-22,47.9,6448,2.975,1480.2,65.66,49450
2019-04-23,47.9,6430,2.975,1480.2,66.24,49185
2019-04-24,47.9,6437.5,2.975,1480.2,65.96,49055
2019-04-25,47.9,6375.5,2.975,1480.2,65.23,49240
2019-04-26,47.9,6393,2.975,1480.2,63.29,48830
2019-04-27,47.9,6393,2.975,1480.2,63.29,48830
2019-04-28,47.9,6393,2.975,1480.2,63.29,48830
2019-04-29,47.9,6376,2.975,1480.2,63.39,48835
2019-04-30,47.9,6442,2.975,1480.2,63.83,48905
2019-05-01,47.9,6398,2.975,1480.2,63.55,48905
2019-05-02,47.8,6214,2.975,1480.2,61.75,48905
2019-05-03,47.8,6180,2.975,1480.2,61.98,48905
2019-05-04,47.8,6180,2.975,1480.2,61.98,48905
2019-05-05,47.8,6180,2.975,1480.2,61.98,48905
2019-05-06,47.8,6180,2.975,1480.2,62.3,47990
2019-05-07,47.8,6174,2.975,1480.2,61.41,48375
2019-05-08,47.8,6103,2.975,1480.2,62.13,47960
2019-05-09,47.8,6112,2.975,1480.2,61.58,47610
2019-05-10,47.8,6135.5,2.975,1480.2,61.65,47925
2019-05-11,47.8,6135.5,2.975,1480.2,61.65,47925
2019-05-12,47.8,6135.5,2.975,1483.1,61.65,47925
2019-05-13,47.8,6042.5,2.975,1483.1,60.97,47645
2019-05-14,47.8,6007,2.975,1483.1,61.82,47525
2019-05-15,47.8,6002,2.975,1483.1,62.03,47620
2019-05-16,47.8,6089,2.975,1483.1,62.93,47810
2019-05-17,47.8,6025,2.975,1483.1,62.77,47915
2019-05-18,47.8,6025,2.975,1483.1,62.77,47915
2019-05-19,47.8,6025,2.97,1483.1,62.77,47915
2019-05-20,47.8,5985,2.97,1483.1,63.12,47780
2019-05-21,47.8,6004,2.97,1483.1,63.02,47785
2019-05-22,47.8,5920,2.97,1483.1,61.42,47510
2019-05-23,48.1,5860,2.97,1483.1,57.65,46825
2019-05-24,48.1,5919,2.97,1483.1,58.4,47040
2019-05-25,48.1,5919,2.97,1483.1,58.4,47040
2019-05-26,48.1,5919,2.97,1483.1,58.4,47040
2019-05-27,48.1,5919,2.97,1483.1,58.4,47105
2019-05-28,48.1,5956.5,2.901,1483.1,58.91,47225
2019-05-29,48.1,5864.5,2.901,1483.1,58.84,47010
2019-05-30,48.1,5823,2.901,1483.1,56.47,46700
2019-05-31,48.1,5780.5,2.901,1483.1,53.49,46480
2019-06-01,48.1,5780.5,2.837,1483.1,53.49,46480
2019-06-02,48.1,5780.5,2.837,1483.1,53.49,46480
2019-06-03,47.7,5796,2.837,1483.1,53.25,46200
2019-06-04,47.7,5804,2.837,1483.1,53.5,46340
2019-06-05,47.7,5832.5,2.837,1483.1,51.57,46625
2019-06-06,47.7,5805,2.837,1483.1,52.59,46060
2019-06-07,47.7,5770,2.794,1483.1,53.95,46060
2019-06-08,47.7,5770,2.785,1483.1,53.95,46060
2019-06-09,47.7,5770,2.785,1483.1,53.95,46060
2019-06-10,47.7,5788,2.785,1483.1,53.33,46285
2019-06-11,47.7,5905,2.759,1483.1,53.3,46760
2019-06-12,47.7,5828.5,2.759,1465.1,51.13,46635
2019-06-13,47.7,5797.5,2.759,1465.1,52.38,46355
2019-06-14,47.7,5805.5,2.759,1465.1,52.47,46475
2019-06-15,47.7,5805.5,2.759,1465.1,52.47,46475
2019-06-16,47.7,5805.5,2.759,1465.1,52.47,46475
2019-06-17,47.7,5756,2.748,1465.1,51.94,46135
2019-06-18,47.7,5848.5,2.736,1465.1,53.86,46375
2019-06-19,47.7,5895,2.736,1465.1,53.74,46890
2019-06-20,47.7,5962,2.736,1465.1,56.88,46850
2019-06-21,48,5941,2.724,1465.1,57.35,46885
2019-06-22,48,5941,2.716,1465.1,57.35,46885
2019-06-23,48,5941,2.716,1465.1,57.35,46885
2019-06-24,48,5917,2.716,1465.1,57.73,46840
2019-06-25,48,5985.5,2.736,1465.1,57.63,46955
2019-06-26,48,6006,2.736,1465.1,59.17,47280
2019-06-27,48,5953.5,2.736,1465.1,59.18,47075
2019-06-28,48,5972,2.736,1465.1,58.2,47055
2019-06-29,48,5972,2.736,1465.1,58.2,47055
2019-06-30,48,5972,2.736,1465.1,58.2,47055
2019-07-01,47.8,5999,2.736,1465.1,58.91,47315
2019-07-02,47.8,5910,2.736,1465.1,56,46640
2019-07-03,47.8,5874,2.736,1465.1,57.06,46425
2019-07-04,47.8,5900,2.736,1465.1,57.06,46540
2019-07-05,47.8,5857,2.736,1465.1,57.06,46450
2019-07-06,47.8,5857,2.736,1465.1,57.06,46450
2019-07-07,47.8,5857,2.736,1465.1,57.06,46450
2019-07-08,47.8,5912,2.736,1465.1,57.35,46430
2019-07-09,47.8,5805,2.736,1465.1,57.57,46205
2019-07-10,47.8,5862.5,2.736,1465.1,60.28,45890
2019-07-11,47.8,5925,2.736,1465.1,59.93,46540
2019-07-12,47.8,5950,2.736,1465.1,59.99,46645
2019-07-13,47.8,5950,2.736,1465.1,59.99,46645
2019-07-14,47.8,5950,2.736,1466.4,59.99,46645
2019-07-15,47.8,5997.5,2.736,1466.4,59.3,46735
2019-07-16,47.8,5959,2.736,1466.4,57.44,46875
2019-07-17,47.8,5922,2.736,1466.4,56.5,46865
2019-07-18,47.8,5948,2.736,1466.4,55.08,46785
2019-07-19,47.8,6066,2.744,1466.4,55.42,47620
2019-07-20,47.8,6066,2.744,1466.4,55.42,47620
2019-07-21,47.8,6066,2.744,1466.4,55.42,47620
2019-07-22,47.8,6007.5,2.744,1466.4,55.87,47615
2019-07-23,47.8,5968.5,2.744,1466.4,56.58,47295
2019-07-24,47.6,5980,2.744,1466.4,55.9,46990
2019-07-25,47.6,6010,2.744,1466.4,55.88,47010
2019-07-26,47.6,5945,2.744,1466.4,56.04,46965
2019-07-27,47.6,5945,2.744,1466.4,56.04,46965
2019-07-28,47.6,5945,2.744,1466.4,56.04,46965
2019-07-29,47.6,5949.5,2.744,1466.4,56.85,46915
2019-07-30,47.6,5943,2.744,1466.4,58.04,47290
2019-07-31,47.6,5926,2.744,1466.4,58.53,46850
2019-08-01,46.4,5876,2.744,1466.4,53.64,46650
2019-08-02,46.4,5769,2.744,1466.4,55.67,46430
2019-08-03,46.4,5769,2.744,1466.4,55.67,46430
2019-08-04,46.4,5769,2.744,1466.4,55.67,46430
2019-08-05,46.4,5647,2.744,1466.4,54.63,45970
2019-08-06,46.4,5667,2.744,1466.4,53.6,46105
2019-08-07,46.4,5673.5,2.744,1466.4,51.14,46170
2019-08-08,46.4,5723,2.744,1466.4,52.6,46480
2019-08-09,46.4,5744,2.744,1466.4,54.41,46605
2019-08-10,46.4,5744,2.744,1466.4,54.41,46605
2019-08-11,46.4,5744,2.744,1462.9,54.41,46605
2019-08-12,46.4,5724.5,2.744,1462.9,54.98,46580
2019-08-13,46.4,5697,2.744,1462.9,57.05,46545
2019-08-14,46.4,5732,2.744,1462.9,55.16,46650
2019-08-15,46.4,5696.5,2.744,1462.9,54.51,46350
2019-08-16,46.4,5710,2.744,1462.9,54.83,46455
2019-08-17,46.4,5710,2.744,1462.9,54.83,46455
2019-08-18,46.4,5710,2.744,1462.9,54.83,46455
2019-08-19,46.4,5755.5,2.744,1462.9,56.24,46485
2019-08-20,46.4,5698,2.715,1462.9,56.18,46665
2019-08-21,46.4,5696.5,2.715,1462.9,55.65,46400
2019-08-22,46.3,5668,2.715,1462.9,55.33,46425
2019-08-23,46.3,5675,2.709,1462.9,54.08,46325
2019-08-24,46.3,5675,2.709,1462.9,54.08,46325
2019-08-25,46.3,5675,2.709,1462.9,54.08,46325
2019-08-26,46.3,5675,2.709,1462.9,53.54,46040
2019-08-27,46.3,5662,2.709,1462.9,54.99,46440
2019-08-28,46.3,5653,2.709,1462.9,55.76,46585
2019-08-29,46.3,5722,2.709,1462.9,56.67,46640
2019-08-30,46.3,5678,2.671,1462.9,55.07,46720
2019-08-31,46.3,5678,2.66,1462.9,55.07,46720
2019-09-01,46.3,5678,2.66,1462.9,55.07,46720
2019-09-02,47,5610.5,2.624,1462.9,55.07,46640
2019-09-03,47,5537,2.624,1462.9,53.91,46495
2019-09-04,47,5663,2.624,1462.9,56.22,46335
2019-09-05,47,5777,2.624,1462.9,56.33,47125
2019-09-06,47,5787.5,2.624,1462.9,56.45,47525
2019-09-07,47,5787.5,2.624,1462.9,56.45,47525
2019-09-08,47,5787.5,2.624,1462.9,56.45,47525
2019-09-09,47,5771,2.624,1462.9,57.88,47375
2019-09-10,47,5738,2.624,1462.9,57.37,47475
2019-09-11,47,5765,2.624,1462.9,55.66,47295
2019-09-12,47,5842.5,2.624,1464.9,55.13,47390
2019-09-13,47,5870,2.681,1464.9,54.76,47390
2019-09-14,47,5870,2.681,1464.9,54.76,47390
2019-09-15,47,5870,2.681,1464.9,54.76,47390
2019-09-16,47,5877,2.681,1464.9,63.1,47810
2019-09-17,47,5762,2.681,1464.9,59.26,47510
2019-09-18,47,5745,2.681,1464.9,58.19,47500
2019-09-19,47,5758.5,2.681,1464.9,58.19,47460
2019-09-20,47,5777.5,2.681,1464.9,57.92,47390
2019-09-21,47,5777.5,2.681,1464.9,57.92,47390
2019-09-22,47,5777.5,2.681,1464.9,57.92,47390
2019-09-23,47.3,5695,2.681,1464.9,58.69,47310
2019-09-24,47.3,5761,2.681,1464.9,57.22,47310
2019-09-25,47.3,5718.5,2.681,1464.9,56.38,47210
2019-09-26,47.3,5757,2.681,1464.9,56.24,47235
2019-09-27,47.3,5714,2.681,1464.9,55.95,46770
2019-09-28,47.3,5714,2.681,1464.9,55.95,46770
2019-09-29,47.3,5714,2.681,1464.9,55.95,46770
2019-09-30,47.3,5728,2.681,1464.9,54.09,47325
2019-10-01,45.6,5610,2.681,1464.9,53.6,47325
2019-10-02,45.6,5629,2.681,1464.9,52.67,47325
2019-10-03,45.6,5626,2.681,1464.9,52.41,47325
2019-10-04,45.6,5599,2.681,1464.9,52.84,47325
2019-10-05,45.6,5599,2.681,1464.9,52.84,47325
2019-10-06,45.6,5599,2.681,1464.9,52.84,47325
2019-10-07,45.6,5626,2.681,1464.9,52.76,47325
2019-10-08,45.6,5650.5,2.681,1464.9,52.64,47035
2019-10-09,45.6,5660,2.681,1464.9,52.63,46775
2019-10-10,45.6,5698.5,2.681,1464.9,53.57,46735
2019-10-11,45.6,5763,2.681,1464.9,54.76,47055
2019-10-12,45.6,5763,2.681,1468.1,54.76,47055
2019-10-13,45.6,5763,2.681,1468.1,54.76,47055
2019-10-14,45.6,5718.5,2.681,1468.1,53.57,47080
2019-10-15,45.6,5745,2.623,1468.1,52.81,46990
2019-10-16,45.6,5684,2.623,1468.1,53.42,46910
2019-10-17,45.6,5726.5,2.623,1468.1,53.89,46690
2019-10-18,45.6,5751,2.625,1468.1,53.75,46735
2019-10-19,45.6,5751,2.625,1468.1,53.75,46735
2019-10-20,45.6,5751,2.625,1468.1,53.75,46735
2019-10-21,45.6,5820,2.635,1468.1,53.28,47185
2019-10-22,45.6,5794,2.635,1468.1,54.21,47180
2019-10-23,45.6,5773,2.663,1468.1,55.9,47040
2019-10-24,46.1,5869,2.663,1468.1,56.11,47385
2019-10-25,46.1,5867.5,2.667,1468.1,56.52,47220
2019-10-26,46.1,5867.5,2.667,1468.1,56.52,47220
2019-10-27,46.1,5867.5,2.667,1468.1,56.52,47220
2019-10-28,46.1,5888.5,2.672,1468.1,55.6,47365
2019-10-29,46.1,5879.5,2.683,1468.1,55.34,47345
2019-10-30,46.1,5883,2.683,1468.1,54.85,47405
2019-10-31,46.1,5825,2.683,1468.1,54.02,47200
2019-11-01,46.1,5797,2.683,1468.1,56.04,46945
2019-11-02,46.1,5797,2.683,1468.1,56.04,46945
2019-11-03,46.1,5797,2.683,1468.1,56.04,46945
2019-11-04,45.7,5846.5,2.683,1468.1,56.33,47030
2019-11-05,45.7,5880,2.695,1468.1,57.04,47185
2019-11-06,45.7,5913.5,2.695,1468.1,56.15,47335
2019-11-07,45.7,5941,2.724,1468.1,56.91,47120
2019-11-08,45.7,5951.5,2.724,1468.1,57.02,47370
2019-11-09,45.7,5951.5,2.724,1468.1,57.02,47370
2019-11-10,45.7,5951.5,2.724,1468.1,57.02,47370
2019-11-11,45.7,5857,2.724,1468.1,57.02,47170
2019-11-12,45.7,5838,2.724,1475,56.67,47135
2019-11-13,45.7,5823,2.724,1475,56.88,47050
2019-11-14,45.7,5835,2.724,1475,56.57,47035
2019-11-15,45.7,5812,2.724,1475,57.54,46945
2019-11-16,45.7,5812,2.724,1475,57.54,46945
2019-11-17,45.7,5812,2.724,1475,57.54,46945
2019-11-18,45.7,5828,2.724,1475,56.82,47025
2019-11-19,45.7,5821.5,2.724,1475,54.93,46950
2019-11-20,45.7,5873,2.724,1475,56.71,47190
2019-11-21,45.7,5813,2.724,1475,58.36,47065
2019-11-22,45.7,5834,2.724,1475,57.68,46925
2019-11-23,46.4,5834,2.724,1475,57.68,46925
2019-11-24,46.4,5834,2.724,1475,57.68,46925
2019-11-25,46.4,5872.5,2.724,1475,57.79,47160
2019-11-26,46.4,5856,2.724,1475,58.25,47110
2019-11-27,46.4,5925.5,2.724,1475,58.12,47340
2019-11-28,46.4,5881.5,2.724,1475,58.12,47350
2019-11-29,46.4,5854,2.724,1475,58.12,47300
2019-11-30,46.4,5854,2.724,1475,58.12,47300
2019-12-01,46.6,5854,2.724,1475,58.12,47300
2019-12-02,46.6,5855.5,2.724,1475,55.97,47340
2019-12-03,46.6,5812,2.724,1475,56.15,47145
2019-12-04,46.6,5823,2.724,1475,58.46,47095
2019-12-05,46.6,5855,2.724,1475,58.42,47285
2019-12-06,46.6,5867.5,2.724,1475,59.2,47380
2019-12-07,46.6,5867.5,2.724,1475,59.2,47380
2019-12-08,46.6,5867.5,2.724,1475,59.2,47380
2019-12-09,46.6,5985,2.747,1475,58.99,48150
2019-12-10,46.6,6055,2.756,1475,59.22,48430
2019-12-11,46.6,6083,2.783,1475,58.74,48480
2019-12-12,46.6,6097,2.789,1472.3,59.18,48920
2019-12-13,46.6,6154,2.789,1481.2,60.11,48940
2019-12-14,46.6,6154,2.789,1481.2,60.11,48940
2019-12-15,46.6,6154,2.789,1481.2,60.11,48940
2019-12-16,47.3,6155.5,2.821,1480.5,60.21,48690
2019-12-17,47.3,6175,2.821,1480.6,60.88,49000
2019-12-18,47.3,6126.5,2.821,1478.7,60.93,49020
2019-12-19,47.3,6161,2.832,1484.4,61.3,48840
2019-12-20,47.3,6155.5,2.832,1480.9,60.43,49070
2019-12-21,47.3,6155.5,2.832,1480.9,60.43,49070
2019-12-22,47.3,6155.5,2.832,1480.9,60.43,49070
2019-12-23,47.3,6153,2.832,1488.7,60.51,48805
2019-12-24,47.3,6184.5,2.838,1504.8,61.17,48920
2019-12-25,47.3,6184.5,2.838,1504.8,61.17,49275
2019-12-26,47.3,6184.5,2.865,1514.4,61.72,49350
2019-12-27,47.3,6211,2.865,1518.1,61.76,49425
2019-12-28,47.3,6211,2.865,1518.1,61.76,49425
2019-12-29,47.3,6211,2.865,1518.1,61.76,49425
2019-12-30,47.3,6183.5,2.865,1518.6,61.66,49215
2019-12-31,47.3,6156,2.865,1523.1,61.14,49035
2020-01-01,47.3,6156,2.865,1523.1,61.14,49035
2020-01-02,45.9,6165.5,2.865,1523.1,61.17,49100
2020-01-03,45.9,6077,2.865,1523.1,63,48930
2020-01-04,45.9,6077,2.865,1591.4,63,48930
2020-01-05,45.9,6077,2.865,1700.9,63,48930
2020-01-06,45.9,6097.5,2.865,1750.3,63.27,48715
2020-01-07,45.9,6134.5,2.865,1779.9,62.7,48780
2020-01-08,45.9,6154,2.865,1779.9,59.65,48680
2020-01-09,45.9,6156,2.865,1978.9,59.56,48760
2020-01-10,45.9,6157,2.865,1916.3,59.02,48605
2020-01-11,45.9,6157,2.865,1916.3,59.02,48605
2020-01-12,45.9,6157,2.865,1818.9,59.02,48605
2020-01-13,45.9,6177,2.865,1818.9,58.17,48600
2020-01-14,45.9,6247,2.876,1818.9,58.34,48990
2020-01-15,45.9,6232,2.876,1818.9,57.86,49060
2020-01-16,45.9,6300.5,2.876,1818.9,58.52,48950
2020-01-17,45.9,6276.5,2.876,1818.9,58.55,48930
2020-01-18,45.9,6276.5,2.876,1818.9,58.55,48930
2020-01-19,45.9,6276.5,2.876,1818.9,58.55,48930
2020-01-20,45.9,6245,2.876,1818.9,58.55,48850
2020-01-21,45.9,6158.5,2.876,1818.9,58.25,48425
2020-01-22,45.9,6103.5,2.876,1818.9,56.76,48235
2020-01-23,45.9,6050,2.876,1818.9,55.51,47995
2020-01-24,46.8,5968,2.876,1818.9,54.09,47995
2020-01-25,46.8,5968,2.876,1818.9,54.09,47995
2020-01-26,46.8,5968,2.876,1818.9,54.09,47995
2020-01-27,46.8,5779,2.876,1818.9,53.09,47995
2020-01-28,46.8,5715,2.876,1818.9,53.33,47995
2020-01-29,46.8,5698,2.876,1818.9,53.29,47995
2020-01-30,46.8,5621,2.876,1818.9,52.19,47995
2020-01-31,46.8,5570,2.876,1818.9,51.58,47995
2020-02-01,46.8,5570,2.876,1818.9,51.58,47995
2020-02-02,46.8,5570,2.876,1818.9,51.58,47995
2020-02-03,47.8,5595,2.876,1818.9,50.06,44900
2020-02-04,47.8,5652,2.876,1818.9,49.59,44940
2020-02-05,47.8,5714,2.876,1818.9,50.87,45230
2020-02-06,47.8,5726,2.876,1818.9,50.94,45795
2020-02-07,47.8,5653,2.876,1818.9,50.34,45590
2020-02-08,47.8,5653,2.876,1818.9,50.34,45590
2020-02-09,47.8,5653,2.876,1818.9,50.34,45590
2020-02-10,47.8,5659.5,2.876,1818.9,49.59,45315
2020-02-11,47.8,5696,2.876,1818.9,50,45370
2020-02-12,47.8,5747,2.876,1830.2,51.13,45385
2020-02-13,47.8,5716,2.876,1830.2,51.41,45490
2020-02-14,47.8,5737,2.876,1830.2,52.03,45655
2020-02-15,47.8,5737,2.87,1830.2,52.03,45655
2020-02-16,47.8,5737,2.852,1830.2,52.03,45655
2020-02-17,47.8,5802,2.849,1830.2,52.03,45830
2020-02-18,47.8,5728,2.799,1830.2,52.1,45955
2020-02-19,47.8,5745.5,2.799,1830.2,53.31,45990
2020-02-20,47.8,5730,2.799,1830.2,53.77,46010
2020-02-21,47.5,5702,2.799,1830.2,53.36,45910
2020-02-22,47.5,5702,2.767,1830.2,53.36,45910
2020-02-23,47.5,5702,2.726,1830.2,53.36,45910
2020-02-24,47.5,5657.5,2.686,1830.2,51.36,45515
2020-02-25,47.5,5663.5,2.619,1830.2,49.78,45500
2020-02-26,47.5,5614,2.619,1830.2,48.67,45360
2020-02-27,47.5,5618,2.619,1830.2,47.17,45190
2020-02-28,47.5,5573,2.619,1830.2,44.83,44630
2020-02-29,47.5,5573,2.619,1830.2,44.83,44630
2020-03-01,47.5,5573,2.619,1830.2,44.83,44630
2020-03-02,49.1,5640,2.619,1830.2,46.78,44770
2020-03-03,49.1,5668,2.619,1830.2,47.27,45345
2020-03-04,49.1,5694.5,2.619,1830.2,46.78,45005
2020-03-05,49.1,5667.5,2.619,1830.2,45.9,45055
2020-03-06,49.1,5624,2.619,1830.2,41.14,44725
2020-03-07,49.1,5624,2.619,1830.2,41.14,44725
2020-03-08,49.1,5624,2.619,1830.2,41.14,44725
2020-03-09,49.1,5483,2.619,1830.2,31.05,43550
2020-03-10,49.1,5598,2.619,1830.2,34.47,44030
2020-03-11,49.1,5552,2.619,1830.2,33.13,44280
2020-03-12,49.1,5386.5,2.619,1841.1,31.56,43185
2020-03-13,49.1,5530.5,2.619,1841.1,31.72,42755
2020-03-14,49.1,5530.5,2.619,1841.1,31.72,42755
2020-03-15,49.1,5530.5,2.619,1841.1,31.72,42755
2020-03-16,49.1,5211,2.618,1841.1,28.96,43200
2020-03-17,49.1,5205,2.618,1841.1,26.96,42145
2020-03-18,49.1,4860.5,2.618,1841.1,20.48,41400
2020-03-19,49.1,4685,2.618,1841.1,25.09,37545
2020-03-20,49.1,4855,2.618,1841.1,19.48,38290
2020-03-21,49.1,4855,2.618,1841.1,19.48,38290
2020-03-22,49.1,4855,2.618,1841.1,19.48,38290
2020-03-23,49.1,4617.5,2.618,1841.1,23.33,36625
2020-03-24,39,4789.5,2.601,1841.1,21.03,37890
2020-03-25,39,4754,2.601,1841.1,20.75,38750
2020-03-26,39,4775.5,2.601,1841.1,16.6,38970
2020-03-27,39,4774,2.601,1841.1,15.48,38865
2020-03-28,39,4774,2.601,1841.1,15.48,38865
2020-03-29,39,4774,2.601,1841.1,15.48,38865
2020-03-30,39,4763,2.601,1841.1,14.1,38645
2020-03-31,39,4797,2.601,1841.1,20.51,39425
2020-04-01,44.7,4772,2.601,1841.1,20.28,39570
2020-04-02,44.7,4821.5,2.601,1841.1,25.18,39190
2020-04-03,44.7,4863.5,2.593,1841.1,28.36,39760
2020-04-04,44.7,4863.5,2.593,1841.1,28.36,39760
2020-04-05,44.7,4863.5,2.583,1841.1,28.36,39760
2020-04-06,44.7,4867,2.573,1841.1,26.21,39760
2020-04-07,44.7,5067.5,2.534,1841.1,23.54,40840
2020-04-08,44.7,4976,2.534,1841.1,24.97,40765
2020-04-09,44.7,4963.5,2.534,1841.1,22.9,40950
2020-04-10,44.7,4963.5,2.534,1841.1,22.9,40990
2020-04-11,44.7,4963.5,2.512,1841.1,22.9,40990
2020-04-12,44.7,4963.5,2.481,1840,22.9,40990
2020-04-13,44.7,4963.5,2.474,1840,22.36,41925
2020-04-14,44.7,5119,2.398,1840,20.15,41970
2020-04-15,44.7,5054.5,2.398,1840,19.96,41860
2020-04-16,44.7,5098.5,2.398,1840,19.82,41775
2020-04-17,44.7,5175.5,2.353,1840,18.31,42470
2020-04-18,44.7,5175.5,2.353,1840,18.31,42470
2020-04-19,44.7,5175.5,2.353,1840,18.31,42470
2020-04-20,44.7,5169.5,2.353,1840,-36.98,42640
2020-04-21,44.7,4994.5,2.353,1840,8.91,42060
2020-04-22,44.7,5034,2.353,1840,13.64,40995
2020-04-23,39.2,5120.5,2.353,1840,15.06,41980
2020-04-24,39.2,5118,2.353,1840,15.99,42120
2020-04-25,39.2,5118,2.353,1840,15.99,42120
2020-04-26,39.2,5118,2.353,1840,15.99,42120
2020-04-27,39.2,5165.5,2.382,1840,12.17,42850
2020-04-28,39.2,5169.5,2.382,1840,12.4,42480
2020-04-29,39.2,5184,2.382,1840,15.04,42810
2020-04-30,39.2,5231,2.382,1840,19.23,43030
2020-05-01,39.2,5061,2.382,1840,19.72,43030
2020-05-02,39.2,5061,2.382,1840,19.72,43030
2020-05-03,39.2,5061,2.382,1840,19.72,43030
2020-05-04,33.6,5058,2.382,1840,20.47,43030
2020-05-05,33.6,5111.5,2.382,1840,24.56,43030
2020-05-06,33.6,5199.5,2.382,1840,23.88,42835
2020-05-07,33.6,5227.5,2.385,1840,23.68,43030
2020-05-08,33.6,5227.5,2.409,1840,24.73,43600
2020-05-09,33.6,5227.5,2.409,1840,24.73,43600
2020-05-10,33.6,5227.5,2.409,1840,24.73,43600
2020-05-11,33.6,5231,2.409,1840,24.02,44060
2020-05-12,33.6,5234,2.409,1840,25.76,43565
2020-05-13,33.6,5212.5,2.409,1840,25.37,43080
2020-05-14,33.6,5155.5,2.409,1946.8,27.4,43150
2020-05-15,33.6,5165,2.409,1946.8,29.44,43325
2020-05-16,33.6,5165,2.409,1946.8,29.44,43325
2020-05-17,33.6,5165,2.409,1946.8,29.44,43325
2020-05-18,33.6,5249.5,2.409,1946.8,31.83,43260
2020-05-19,33.6,5314,2.423,1946.8,32.3,43995
2020-05-20,33.6,5333,2.467,1946.8,33.56,44040
2020-05-21,38,5387,2.467,1946.8,34.3,44620
2020-05-22,38,5242.5,2.467,1946.8,33.49,43770
2020-05-23,38,5242.5,2.467,1946.8,33.49,43770
2020-05-24,38,5242.5,2.467,1946.8,33.49,43770
2020-05-25,38,5242.5,2.467,1946.8,33.49,43790
2020-05-26,38,5341.5,2.467,1946.8,34.7,44030
2020-05-27,38,5308.5,2.467,1946.8,32.8,44170
2020-05-28,38,5278.5,2.467,1946.8,33.67,44030
2020-05-29,38,5332.5,2.467,1946.8,35.57,44135
2020-05-30,38,5332.5,2.467,1946.8,35.57,44135
2020-05-31,38,5332.5,2.467,1946.8,35.57,44135
2020-06-01,39.5,5376.5,2.474,1946.8,35.49,44710
2020-06-02,39.5,5463,2.494,1946.8,36.88,44895
2020-06-03,39.5,5499,2.497,1946.8,37.33,45110
2020-06-04,39.5,5452.5,2.497,1946.8,37.42,44850
2020-06-05,39.5,5588,2.557,1946.8,39.49,44990
2020-06-06,39.5,5588,2.557,1946.8,39.49,44990
2020-06-07,39.5,5588,2.557,1946.8,39.49,44990
2020-06-08,39.5,5659,2.57,1946.8,38.17,45730
2020-06-09,39.5,5680.5,2.6,1946.8,38.98,46355
2020-06-10,39.5,5801,2.657,1946.8,39.54,46855
2020-06-11,39.5,5801.5,2.657,1951.7,36.43,47425
2020-06-12,39.5,5785.5,2.657,1951.7,36.24,46760
2020-06-13,39.5,5785.5,2.657,1951.7,36.24,46760
2020-06-14,39.5,5785.5,2.657,1951.7,36.24,46760
2020-06-15,39.5,5646,2.657,1951.7,37.07,46830
2020-06-16,39.5,5759.5,2.657,1951.7,38.26,47080
2020-06-17,39.5,5734,2.657,1951.7,37.91,46910
2020-06-18,39.5,5799,2.657,1951.7,38.79,47110
2020-06-19,39.5,5835.5,2.657,1951.7,39.72,47475
2020-06-20,39.5,5835.5,2.657,1951.7,39.72,47475
2020-06-21,39.5,5835.5,2.657,1951.7,39.72,47475
2020-06-22,39.5,5825,2.657,1951.7,40.6,47895
2020-06-23,44.5,5895,2.66,1951.7,40.4,47880
2020-06-24,44.5,5871,2.66,1951.7,37.91,48160
2020-06-25,44.5,5880.5,2.663,1951.7,38.66,48160
2020-06-26,44.5,5985.5,2.672,1951.7,38.53,48160
2020-06-27,44.5,5985.5,2.672,1951.7,38.53,48160
2020-06-28,44.5,5985.5,2.672,1951.7,38.53,48160
2020-06-29,44.5,5957,2.679,1951.7,39.67,48770
2020-06-30,44.5,6038,2.713,1951.7,39.27,48930
2020-07-01,46.9,6016.5,2.717,1951.7,39.88,49450
2020-07-02,46.9,6080,2.733,1951.7,40.57,49460
2020-07-03,46.9,6022.5,2.733,1951.7,40.57,49260
2020-07-04,46.9,6022.5,2.733,1951.7,40.57,49260
2020-07-05,46.9,6022.5,2.733,1951.7,40.57,49260
2020-07-06,46.9,6112,2.766,1951.7,40.51,49120
2020-07-07,46.9,6086,2.788,1951.7,40.59,49610
2020-07-08,46.9,6194,2.814,1951.7,40.91,49845
2020-07-09,46.9,6339.5,2.828,1951.7,39.64,50575
2020-07-10,46.9,6322.5,2.887,1951.7,40.56,50600
2020-07-11,46.9,6322.5,2.887,1951.7,40.56,50600
2020-07-12,46.9,6322.5,2.887,1866,40.56,50600
2020-07-13,46.9,6545,2.942,1866,40.06,52980
2020-07-14,46.9,6489.5,2.942,1866,40.3,52150
2020-07-15,46.9,6507,2.942,1866,41.2,52435
2020-07-16,46.9,6385,2.942,1866,40.74,51240
2020-07-17,46.9,6454.5,2.942,1866,40.55,51685
2020-07-18,46.9,6454.5,2.942,1866,40.55,51685
2020-07-19,46.9,6454.5,2.942,1866,40.55,51685
2020-07-20,46.9,6416.5,2.942,1866,40.83,51375
2020-07-21,46.9,6513,2.942,1866,41.76,51935
2020-07-22,46.9,6527,2.942,1866,41.88,52600
2020-07-23,46.9,6533.5,2.942,1866,40.99,51875
2020-07-24,50,6412.5,2.942,1866,41.23,51930
2020-07-25,50,6412.5,2.942,1866,41.23,51930
2020-07-26,50,6412.5,2.942,1866,41.23,51930
2020-07-27,50,6425.5,2.942,1866,41.46,51765
2020-07-28,50,6399.5,2.942,1866,40.89,51850
2020-07-29,50,6475,2.942,1866,41.13,51830
2020-07-30,50,6433.5,2.942,1866,39.85,51890
2020-07-31,50,6446.5,2.942,1866,40.1,51850
2020-08-01,50,6446.5,2.942,1866,40.1,51850
2020-08-02,50,6446.5,2.942,1866,40.1,51850
2020-08-03,51.1,6441,2.942,1866,40.83,50960
2020-08-04,51.1,6440,2.942,1866,41.67,51675
2020-08-05,51.1,6525.5,2.942,1866,42.25,51370
2020-08-06,51.1,6453.5,2.942,1866,41.93,51385
2020-08-07,51.1,6437,2.942,1866,41.16,51440
2020-08-08,51.1,6437,2.942,1866,41.16,51440
2020-08-09,51.1,6437,2.942,1866,41.16,51440
2020-08-10,51.1,6363,2.942,1866,41.94,50090
2020-08-11,51.1,6356.5,2.942,1866,41.53,50790
2020-08-12,51.1,6379,2.942,1874.9,42.6,49980
2020-08-13,51.1,6380,2.942,1874.9,42.26,50530
2020-08-14,51.1,6342.5,2.941,1874.9,42.05,50040
2020-08-15,51.1,6342.5,2.941,1874.9,42.05,50040
2020-08-16,51.1,6342.5,2.941,1874.9,42.05,50040
2020-08-17,51.1,6439.5,2.941,1874.9,42.89,50370
2020-08-18,51.1,6492.5,2.971,1874.9,42.89,51135
2020-08-19,51.1,6667,3.019,1874.9,42.91,52300
2020-08-20,51.1,6594.5,3.019,1874.9,42.62,52200
2020-08-21,52.9,6564.5,3.019,1874.9,42.32,52065
2020-08-22,52.9,6564.5,3.019,1874.9,42.32,52065
2020-08-23,52.9,6564.5,3.019,1874.9,42.32,52065
2020-08-24,52.9,6579.5,3.019,1874.9,42.44,51310
2020-08-25,52.9,6544.5,3.019,1874.9,43.17,51370
2020-08-26,52.9,6603.5,3.019,1874.9,43.21,51380
2020-08-27,52.9,6602.5,3.019,1874.9,42.88,51420
2020-08-28,52.9,6728,3.019,1874.9,42.96,51800
2020-08-29,52.9,6728,3.019,1874.9,42.96,51800
2020-08-30,52.9,6728,3.019,1874.9,42.96,51800
2020-08-31,52.9,6728,3.041,1874.9,42.61,52020
2020-09-01,51.7,6788.5,3.041,1874.9,42.76,52390
2020-09-02,51.7,6719,3.041,1874.9,42.76,51935
2020-09-03,51.7,6613,3.041,1874.9,41.39,52140
2020-09-04,51.7,6678,3.046,1874.9,39.69,51495
2020-09-05,51.7,6678,3.046,1874.9,39.69,51495
2020-09-06,51.7,6678,3.046,1874.9,39.69,51495
2020-09-07,51.7,6790.5,3.046,1874.9,39.69,52630
2020-09-08,51.7,6767.5,3.046,1874.9,36.87,52520
2020-09-09,51.7,6709,3.046,1874.9,38.05,52065
2020-09-10,51.7,6710.5,3.046,1874.9,37.25,52130
2020-09-11,51.7,6757.5,3.046,1874.9,37.33,51535
2020-09-12,51.7,6757.5,3.046,1838.5,37.33,51535
2020-09-13,51.7,6757.5,3.046,1838.5,37.33,51535
2020-09-14,51.7,6788,3.067,1838.5,37.23,52280
2020-09-15,51.7,6813.5,3.067,1838.5,38.29,52150
2020-09-16,51.7,6776,3.067,1838.5,40.17,51900
2020-09-17,51.7,6761,3.067,1838.5,40.99,51455
2020-09-18,51.7,6833.5,3.114,1838.5,41.09,52210
2020-09-19,51.7,6833.5,3.114,1838.5,41.09,52210
2020-09-20,51.7,6833.5,3.114,1838.5,41.09,52210
2020-09-21,51.7,6837,3.114,1838.5,39.26,52470
2020-09-22,51.7,6810,3.114,1838.5,39.55,51920
2020-09-23,51.9,6725.5,3.114,1838.5,39.92,51620
2020-09-24,51.9,6538.5,3.114,1838.5,40.11,50745
2020-09-25,51.9,6529,3.114,1838.5,40.06,50890
2020-09-26,51.9,6529,3.114,1838.5,40.06,50890
2020-09-27,51.9,6529,3.114,1838.5,40.06,50890
2020-09-28,51.9,6571.5,3.114,1838.5,40.47,50985
2020-09-29,51.9,6546,3.114,1838.5,39.03,51110
2020-09-30,51.9,6610,3.114,1838.5,40.05,51185
2020-10-01,53.7,6614,3.114,1838.5,38.51,51185
2020-10-02,53.7,6409.5,3.114,1838.5,36.9,51185
2020-10-03,53.7,6409.5,3.114,1838.5,36.9,51185
2020-10-04,53.7,6409.5,3.114,1838.5,36.9,51185
2020-10-05,53.7,6507.5,3.114,1838.5,39.12,51185
2020-10-06,53.7,6509,3.114,1838.5,40.52,51185
2020-10-07,53.7,6525,3.114,1838.5,39.82,51185
2020-10-08,53.7,6611.5,3.114,1838.5,41.04,51185
2020-10-09,53.7,6740.5,3.114,1838.5,40.44,51565
2020-10-10,53.7,6740.5,3.114,1838.5,40.44,51565
2020-10-11,53.7,6740.5,3.114,1838.5,40.44,51565
2020-10-12,53.7,6769,3.114,1837.4,39.22,51580
2020-10-13,53.7,6699.5,3.114,1837.4,40.03,51540
2020-10-14,53.7,6702,3.114,1837.4,40.86,51470
2020-10-15,53.7,6683.5,3.114,1837.4,40.84,51370
2020-10-16,53.7,6728,3.114,1837.4,40.7,51800
2020-10-17,53.7,6728,3.114,1837.4,40.7,51800
2020-10-18,53.7,6728,3.114,1837.4,40.7,51800
2020-10-19,53.7,6755,3.114,1837.4,40.69,51600
2020-10-20,53.7,6814,3.143,1837.4,41.37,51450
2020-10-21,53.7,6953,3.195,1837.4,39.88,52250
2020-10-22,53.7,6886,3.195,1837.4,40.46,52370
2020-10-23,53.1,6879.5,3.195,1837.4,39.73,52210
2020-10-24,53.1,6879.5,3.195,1837.4,39.73,52210
2020-10-25,53.1,6879.5,3.195,1837.4,39.73,52210
2020-10-26,53.1,6806,3.195,1837.4,38.39,51920
2020-10-27,53.1,6787.5,3.195,1837.4,39.34,51540
2020-10-28,53.1,6694.5,3.195,1837.4,37.27,51730
2020-10-29,53.1,6692,3.195,1837.4,35.94,51585
2020-10-30,53.1,6694.5,3.195,1837.4,35.64,51530
2020-10-31,53.1,6694.5,3.195,1837.4,35.64,51530
2020-11-01,53.1,6694.5,3.195,1837.4,35.64,51530
2020-11-02,54.4,6712.5,3.195,1837.4,36.6,51120
2020-11-03,54.4,6791.5,3.195,1837.4,37.44,51750
2020-11-04,54.4,6748,3.195,1837.4,38.97,51680
2020-11-05,54.4,6798,3.195,1837.4,38.56,51640
2020-11-06,54.4,6938.5,3.195,1837.4,36.97,51640
2020-11-07,54.4,6938.5,3.195,1837.4,36.97,51640
2020-11-08,54.4,6938.5,3.195,1837.4,36.97,51640
2020-11-09,54.4,7034,3.195,1837.4,40.05,52250
2020-11-10,54.4,6865.5,3.195,1837.4,41.18,52120
2020-11-11,54.4,6912.5,3.195,1837.4,41.23,51990
2020-11-12,54.4,6904,3.195,1843.6,40.9,51880
2020-11-13,54.4,6926,3.195,1843.6,39.93,52025
2020-11-14,54.4,6926,3.195,1843.6,39.93,52025
2020-11-15,54.4,6926,3.195,1843.6,39.93,52025
2020-11-16,54.4,7113,3.22,1843.6,41.14,53680
2020-11-17,54.4,7050,3.22,1843.6,41.24,53220
2020-11-18,54.4,7083,3.22,1843.6,41.64,52740
2020-11-19,54.4,7028,3.22,1843.6,41.57,52820
2020-11-20,54.4,7178.5,3.293,1843.6,41.99,53220
2020-11-21,54.4,7178.5,3.293,1843.6,41.99,53220
2020-11-22,54.4,7178.5,3.293,1843.6,41.99,53220
2020-11-23,53.1,7215.5,3.293,1843.6,42.91,54140
2020-11-24,53.1,7302,3.3,1843.6,44.71,54110
2020-11-25,53.1,7238.5,3.312,1843.6,45.58,54890
2020-11-26,53.1,7356.5,3.312,1843.6,45.58,55120
2020-11-27,53.1,7462,3.4,1843.6,45.58,55685
2020-11-28,53.1,7462,3.4,1843.6,45.58,55685
2020-11-29,53.1,7462,3.4,1843.6,45.58,55685
2020-11-30,53.1,7674.5,3.421,1843.6,45.2,57370
2020-12-01,53.6,7644,3.468,1843.6,44.54,57375
2020-12-02,53.6,7616.5,3.475,1843.6,45.23,57280
2020-12-03,53.6,7679,3.479,1843.6,45.65,57300
2020-12-04,53.6,7741.5,3.514,1843.6,46.23,57290
2020-12-05,53.6,7741.5,3.514,1843.6,46.23,57290
2020-12-06,53.6,7741.5,3.514,1843.6,46.23,57290
2020-12-07,53.6,7656.5,3.514,1843.6,45.72,57320
2020-12-08,53.6,7635,3.514,1843.6,45.64,57000
2020-12-09,53.6,7704.5,3.514,1843.6,45.48,57270
2020-12-10,53.6,7712,3.571,1843.6,46.76,57010
2020-12-11,53.6,7741,3.571,1843.6,46.59,58285
2020-12-12,53.6,7741,3.571,1843.6,46.59,58285
2020-12-13,53.6,7741,3.571,1843.6,46.59,58285
2020-12-14,53.6,7763,3.571,1832.1,47.02,57830
2020-12-15,53.6,7753,3.571,1855.3,47.58,57420
2020-12-16,53,7823,3.571,1859.1,47.86,57850
2020-12-17,53,7893,3.597,1890.4,48.34,58120
2020-12-18,53,7964,3.628,1888.9,49.04,59090
2020-12-19,53,7964,3.628,1888.9,49.04,59090
2020-12-20,53,7964,3.628,1888.9,49.04,59090
2020-12-21,53,7838.5,3.628,1882.8,47.79,58835
2020-12-22,53,7753,3.628,1870.3,47.02,58550
2020-12-23,53,7764.5,3.628,1878.1,47.94,57610
2020-12-24,53,7793,3.628,1883.2,48.18,58110
2020-12-25,53,7793,3.628,1883.2,48.18,58180
2020-12-26,53,7793,3.628,1883.2,48.18,58180
2020-12-27,53,7793,3.628,1883.2,48.18,58180
2020-12-28,53,7793,3.628,1880.4,47.5,58800
2020-12-29,53,7840,3.628,1882.9,47.85,58450
2020-12-30,53,7803.5,3.628,1893.4,48.24,58150
2020-12-31,53,7741.5,3.628,1895.1,48.35,57810
2021-01-01,53,7741.5,3.628,1895.1,48.35,57810
2021-01-02,53,7741.5,3.628,1863.9,48.35,57810
2021-01-03,53,7741.5,3.628,1723,48.35,57810
2021-01-04,55.5,7918.5,3.628,1728.4,47.47,58075
2021-01-05,55.5,7914,3.64,1728.4,49.78,58135
2021-01-06,55.5,8129.5,3.65,1905,50.45,59140
2021-01-07,55.5,8036.5,3.696,1776.8,50.63,59340
2021-01-08,55.5,8146,3.696,1776.8,52.14,60260
2021-01-09,55.5,8146,3.696,1816,52.14,60260
2021-01-10,55.5,8146,3.696,1758.4,52.14,60260
2021-01-11,55.5,7951.5,3.696,1795.8,52.15,59340
2021-01-12,55.5,7983,3.696,1784.3,53.08,58225
2021-01-13,55.5,7960.5,3.696,1784.3,52.81,58840
2021-01-14,55.5,8002.5,3.696,1784.3,53.47,58675
2021-01-15,55.5,7979.5,3.696,1784.3,52.25,59560
2021-01-16,55.5,7979.5,3.696,1784.3,52.25,59560
2021-01-17,55.5,7979.5,3.696,1784.3,52.25,59560
2021-01-18,55.5,7972.5,3.696,1784.3,52.25,58710
2021-01-19,55.5,7986.5,3.696,1784.3,52.87,59030
2021-01-20,55.5,8014.5,3.696,1784.3,53.16,59025
2021-01-21,55.5,8051,3.696,1784.3,53,59280
2021-01-22,54.5,7872,3.696,1784.3,52.28,58920
2021-01-23,54.5,7872,3.696,1784.3,52.28,58920
2021-01-24,54.5,7872,3.696,1784.3,52.28,58920
2021-01-25,54.5,7984.5,3.696,1784.3,52.78,59060
2021-01-26,54.5,7957,3.696,1784.3,52.61,58820
2021-01-27,54.5,7895,3.696,1784.3,52.81,58745
2021-01-28,54.5,7778.5,3.696,1784.3,52.26,57950
2021-01-29,54.5,7877,3.696,1784.3,52.16,58180
2021-01-30,54.5,7877,3.696,1784.3,52.16,58180
2021-01-31,54.5,7877,3.696,1784.3,52.16,58180
2021-02-01,54.7,7827,3.696,1784.3,53.55,57870
2021-02-02,54.7,7755.5,3.696,1784.3,54.77,57700
2021-02-03,54.7,7832.5,3.696,1784.3,55.67,57170
2021-02-04,54.7,7833.5,3.696,1784.3,56.19,57825
2021-02-05,54.7,7936.5,3.696,1784.3,56.8,58040
2021-02-06,54.7,7936.5,3.696,1784.3,56.8,58040
2021-02-07,54.7,7936.5,3.696,1784.3,56.8,58040
2021-02-08,54.7,8007,3.679,1784.3,57.95,58865
2021-02-09,54.7,8146.5,3.733,1784.3,58.34,59410
2021-02-10,54.7,8279.5,3.785,1784.3,58.69,60230
2021-02-11,54.7,8292,3.788,1784.3,58.22,60230
2021-02-12,54.7,8270.5,3.802,1762.7,59.5,60230
2021-02-13,54.7,8270.5,3.802,1762.7,59.5,60230
2021-02-14,54.7,8270.5,3.802,1762.7,59.5,60230
2021-02-15,54.7,8416.5,3.802,1762.7,59.5,60230
2021-02-16,54.7,8439.5,3.848,1762.7,60.07,60230
2021-02-17,54.7,8413.5,3.848,1762.7,61.09,60230
2021-02-18,54.7,8650,3.917,1762.7,60.4,62690
2021-02-19,54.3,8806.5,4.09,1762.7,59.12,63240
2021-02-20,54.3,8806.5,4.09,1762.7,59.12,63240
2021-02-21,54.3,8806.5,4.09,1762.7,59.12,63240
2021-02-22,54.3,9067.5,4.152,1762.7,61.67,67060
2021-02-23,54.3,9158,4.188,1762.7,61.66,67590
2021-02-24,54.3,9286,4.301,1762.7,63.21,67970
2021-02-25,54.3,9614.5,4.301,1762.7,63.43,69900
2021-02-26,54.3,9172.5,4.301,1762.7,61.55,68410
2021-02-27,54.3,9172.5,4.301,1762.7,61.55,68410
2021-02-28,54.3,9172.5,4.301,1762.7,61.55,68410
2021-03-01,57.7,9198,4.301,1762.7,60.54,67410
2021-03-02,57.7,9213.5,4.301,1762.7,59.7,66140
2021-03-03,57.7,9266,4.301,1762.7,61.33,67790
2021-03-04,57.7,8786.5,4.301,1762.7,63.81,67020
2021-03-05,57.7,9021.5,4.301,1762.7,66.08,64810
2021-03-06,57.7,9021.5,4.301,1762.7,66.08,64810
2021-03-07,57.7,9021.5,4.301,1762.7,66.08,64810
2021-03-08,57.7,8992.5,4.301,1762.7,65.03,66265
2021-03-09,57.7,8895,4.301,1762.7,64.02,66650
2021-03-10,57.7,8939,4.301,1762.7,64.45,65530
2021-03-11,57.7,9062.5,4.301,1762.7,66.02,65580
2021-03-12,57.7,9052.5,4.301,1783.9,65.59,66660
2021-03-13,57.7,9052.5,4.301,1783.9,65.59,66660
2021-03-14,57.7,9052.5,4.301,1783.9,65.59,66660
2021-03-15,57.7,9147.5,4.301,1783.9,65.36,67660
2021-03-16,57.7,8965.5,4.301,1783.9,64.82,67150
2021-03-17,57.7,9027,4.301,1783.9,64.55,66200
2021-03-18,57.7,9090,4.301,1783.9,59.95,67050
2021-03-19,57.7,9036,4.301,1783.9,61.43,66550
2021-03-20,57.7,9036,4.301,1783.9,61.43,66550
2021-03-21,57.7,9036,4.301,1783.9,61.43,66550
2021-03-22,57.7,9097.5,4.301,1783.9,61.48,66820
2021-03-23,57.7,9016.5,4.301,1783.9,57.75,66740
2021-03-24,57.7,9016,4.301,1783.9,61.12,66075
2021-03-25,57.7,8781,4.301,1783.9,58.47,65770
2021-03-26,57.7,8929,4.301,1783.9,60.93,65680
2021-03-27,57.7,8929,4.301,1783.9,60.93,65680
2021-03-28,57.7,8929,4.266,1783.9,60.93,65680
2021-03-29,57.7,8942.5,4.231,1783.9,61.49,66190
2021-03-30,57.7,8788.5,4.231,1783.9,60.55,66190
2021-03-31,57.7,8850.5,4.231,1783.9,59.19,65175
2021-04-01,62.4,8768,4.231,1783.9,61.41,65490
2021-04-02,62.4,8768,4.231,1783.9,61.41,66040
2021-04-03,62.4,8768,4.153,1783.9,61.41,66040
2021-04-04,62.4,8768,4.149,1783.9,61.41,66040
2021-04-05,62.4,8768,4.149,1783.9,58.73,66040
2021-04-06,62.4,8984.5,4.149,1783.9,59.34,67140
2021-04-07,62.4,8981.5,4.149,1783.9,59.77,66890
2021-04-08,62.4,9001.5,4.149,1783.9,59.61,66500
2021-04-09,62.4,8993,4.149,1783.9,59.29,66750
2021-04-10,62.4,8993,4.149,1783.9,59.29,66750
2021-04-11,62.4,8993,4.149,1783.9,59.29,66750
2021-04-12,62.4,8901,4.149,1783.9,59.7,65710
2021-04-13,62.4,8904,4.149,1793.5,60.2,65720
2021-04-14,62.4,9011,4.149,1793.5,63.15,66125
2021-04-15,62.4,9187.5,4.231,1793.5,63.42,67260
2021-04-16,62.4,9336,4.231,1793.5,63.16,68550
2021-04-17,62.4,9336,4.231,1793.5,63.16,68550
2021-04-18,62.4,9336,4.231,1793.5,63.16,68550
2021-04-19,62.4,9415,4.25,1793.5,63.33,68240
2021-04-20,62.4,9396.5,4.25,1793.5,62.61,68990
2021-04-21,62.4,9382.5,4.287,1793.5,61.34,68550
2021-04-22,62.4,9475.5,4.287,1793.5,61.45,68840
2021-04-23,62,9545.5,4.343,1793.5,62.18,69120
2021-04-24,62,9545.5,4.343,1793.5,62.18,69120
2021-04-25,62,9545.5,4.343,1793.5,62.18,69120
2021-04-26,62,9758,4.448,1793.5,62.02,70090
2021-04-27,62,9898.5,4.743,1793.5,63.03,71940
2021-04-28,62,9832.5,4.743,1793.5,63.81,70920
2021-04-29,62,9990,4.743,1793.5,65,72335
2021-04-30,62,9949,4.743,1793.5,63.5,71680
2021-05-01,62,9949,4.743,1793.5,63.5,71680
2021-05-02,62,9949,4.743,1793.5,63.5,71680
2021-05-03,63.3,9949,4.743,1793.5,64.46,71680
2021-05-04,63.3,9961,4.743,1793.5,65.72,71680
2021-05-05,63.3,9991.5,4.743,1793.5,65.63,71680
2021-05-06,63.3,10025.5,4.743,1793.5,64.73,72690
2021-05-07,63.3,10361,4.766,1793.5,64.96,74200
2021-05-08,63.3,10361,4.766,1793.5,64.96,74200
2021-05-09,63.3,10361,4.766,1793.5,64.96,74200
2021-05-10,63.3,10724.5,4.766,1793.5,64.92,76875
2021-05-11,63.3,10528,4.779,1816.8,65.31,75370
2021-05-12,63.3,10537,4.779,1816.8,65.96,76150
2021-05-13,63.3,10253.5,4.779,1816.8,63.82,75910
2021-05-14,63.3,10212,4.779,1816.8,65.32,74760
2021-05-15,63.3,10212,4.779,1816.8,65.32,74760
2021-05-16,63.3,10212,4.779,1816.8,65.32,74760
2021-05-17,63.3,10257,4.779,1816.8,66.24,74670
2021-05-18,63.3,10465,4.779,1816.8,65.49,75720
2021-05-19,63.3,10114.5,4.779,1816.8,63.28,74840
2021-05-20,63.3,10086,4.779,1816.8,61.95,72525
2021-05-21,62.5,10011,4.779,1816.8,63.61,71950
2021-05-22,62.5,10011,4.779,1816.8,63.61,71950
2021-05-23,62.5,10011,4.779,1816.8,63.61,71950
2021-05-24,62.5,9868,4.779,1816.8,66.13,71300
2021-05-25,62.5,9943,4.779,1816.8,66.27,72360
2021-05-26,62.5,9965,4.779,1816.8,66.41,71720
2021-05-27,62.5,10032.5,4.779,1816.8,66.87,71350
2021-05-28,62.5,10159.5,4.779,1816.8,66.31,73380
2021-05-29,62.5,10159.5,4.779,1816.8,66.31,73380
2021-05-30,62.5,10159.5,4.779,1816.8,66.31,73380
2021-05-31,62.5,10159.5,4.779,1816.8,66.31,73590
2021-06-01,62.8,10212.5,4.779,1816.8,67.8,73790
2021-06-02,62.8,10117.5,4.779,1816.8,68.79,73580
2021-06-03,62.8,9967,4.779,1816.8,68.81,72950
2021-06-04,62.8,9852,4.779,1816.8,69.57,71090
2021-06-05,62.8,9852,4.779,1816.8,69.57,71090
2021-06-06,62.8,9852,4.779,1816.8,69.57,71090
2021-06-07,62.8,9848,4.779,1816.8,69.21,71500
2021-06-08,62.8,9878.5,4.779,1816.8,70.11,71310
2021-06-09,62.8,9877,4.779,1816.8,69.9,71710
2021-06-10,62.8,9808.5,4.779,1816.8,70.34,71210
2021-06-11,62.8,10029,4.779,1816.8,71,70800
2021-06-12,62.8,10029,4.753,1779.5,71,70800
2021-06-13,62.8,10029,4.736,1779.5,71,70800
2021-06-14,62.8,9900,4.736,1779.5,70.94,70800
2021-06-15,62.8,9552.5,4.736,1779.5,72.06,69900
2021-06-16,62.8,9508,4.736,1779.5,72.03,69260
2021-06-17,62.8,9427.5,4.736,1779.5,71.06,69170
2021-06-18,62.8,9206,4.736,1779.5,71.64,67730
2021-06-19,62.8,9206,4.683,1779.5,71.64,67730
2021-06-20,62.8,9206,4.683,1779.5,71.64,67730
2021-06-21,62.8,9042.5,4.683,1779.5,73.64,66880
2021-06-22,62.8,9190.5,4.683,1779.5,73.15,67400
2021-06-23,62.1,9289.5,4.683,1779.5,73.11,68270
2021-06-24,62.1,9390.5,4.683,1779.5,73.31,68600
2021-06-25,62.1,9432.5,4.683,1779.5,74.21,68825
2021-06-26,62.1,9432.5,4.683,1779.5,74.21,68825
2021-06-27,62.1,9432.5,4.683,1779.5,74.21,68825
2021-06-28,62.1,9333.5,4.683,1779.5,72.98,68290
2021-06-29,62.1,9225.5,4.662,1779.5,73.14,68050
2021-06-30,62.1,9385,4.662,1779.5,73.52,68380
2021-07-01,63.1,9342,4.662,1779.5,75.33,68490
2021-07-02,63.1,9296.5,4.662,1779.5,75.37,68050
2021-07-03,63.1,9296.5,4.6,1779.5,75.37,68050
2021-07-04,63.1,9296.5,4.563,1779.5,75.37,68050
2021-07-05,63.1,9432,4.563,1779.5,75.37,68700
2021-07-06,63.1,9528,4.563,1779.5,73.62,69700
2021-07-07,63.1,9451.5,4.563,1779.5,72.22,68540
2021-07-08,63.1,9264.5,4.563,1779.5,72.98,68900
2021-07-09,63.1,9437.5,4.563,1779.5,74.56,68800
2021-07-10,63.1,9437.5,4.542,1779.5,74.56,68800
2021-07-11,63.1,9437.5,4.542,1779.5,74.56,68800
2021-07-12,63.1,9347,4.542,1784.7,74.21,69475
2021-07-13,63.1,9310,4.532,1784.7,75.24,69370
2021-07-14,63.1,9309,4.532,1784.7,73.06,68810
2021-07-15,63.1,9347,4.532,1784.7,71.67,68830
2021-07-16,63.1,9396.5,4.393,1784.7,71.76,69660
2021-07-17,63.1,9396.5,4.393,1784.7,71.76,69660
2021-07-18,63.1,9396.5,4.353,1784.7,71.76,69660
2021-07-19,63.1,9264.5,4.353,1784.7,66.45,69210
2021-07-20,63.1,9211,4.353,1784.7,67.32,68390
2021-07-21,63.1,9271.5,4.353,1784.7,70.26,68600
2021-07-22,63.1,9382.5,4.353,1784.7,72.15,69040
2021-07-23,62.5,9433.5,4.407,1784.7,72.24,70090
2021-07-24,62.5,9433.5,4.407,1784.7,72.24,70090
2021-07-25,62.5,9433.5,4.407,1784.7,72.24,70090
2021-07-26,62.5,9580,4.589,1784.7,72.15,71170
2021-07-27,62.5,9709,4.589,1784.7,71.68,72520
2021-07-28,62.5,9697,4.589,1784.7,72.37,72365
2021-07-29,62.5,9781,4.589,1784.7,73.62,71700
2021-07-30,62.5,9747.5,4.589,1784.7,73.93,71900
2021-07-31,62.5,9747.5,4.589,1784.7,73.93,71900
2021-08-01,62.5,9747.5,4.589,1784.7,73.93,71900
2021-08-02,62.6,9737,4.589,1784.7,71.31,71710
2021-08-03,62.6,9583.5,4.589,1784.7,70.64,71030
2021-08-04,62.6,9503,4.589,1784.7,68.19,70290
2021-08-05,62.6,9429,4.589,1784.7,69.1,69660
2021-08-06,62.6,9529.5,4.589,1784.7,68.26,69800
2021-08-07,62.6,9529.5,4.589,1784.7,68.26,69800
2021-08-08,62.6,9529.5,4.589,1784.7,68.26,69800
2021-08-09,62.6,9311.5,4.589,1784.7,66.56,69620
2021-08-10,62.6,9409.5,4.589,1784.7,68.33,69560
2021-08-11,62.6,9421,4.589,1784.7,69.3,70000
2021-08-12,62.6,9508.5,4.589,1785.5,69.12,70430
2021-08-13,62.6,9429.5,4.589,1785.5,68.36,70240
2021-08-14,62.6,9429.5,4.589,1785.5,68.36,70240
2021-08-15,62.6,9429.5,4.589,1785.5,68.36,70240
2021-08-16,62.6,9377,4.589,1785.5,67.44,70280
2021-08-17,62.6,9346.5,4.589,1785.5,66.5,70080
2021-08-18,62.6,9148.5,4.589,1785.5,65.36,69240
2021-08-19,62.6,8775.5,4.589,1785.5,63.69,67700
2021-08-20,62.6,8922,4.589,1785.5,62.25,67260
2021-08-21,62.6,8922,4.589,1785.5,62.25,67260
2021-08-22,62.6,8922,4.589,1785.5,62.25,67260
2021-08-23,62,9237,4.589,1785.5,65.65,68290
2021-08-24,62,9316.5,4.589,1785.5,67.5,68940
2021-08-25,62,9378.5,4.589,1785.5,68.54,69600
2021-08-26,62,9323,4.589,1785.5,67.42,69260
2021-08-27,62,9352,4.546,1785.5,68.84,69185
2021-08-28,62,9352,4.52,1785.5,68.84,69185
2021-08-29,62,9352,4.52,1785.5,68.84,69185
2021-08-30,62,9352,4.481,1785.5,69.28,70165
2021-08-31,62,9462.5,4.432,1785.5,68.43,70315
2021-09-01,61.5,9312,4.432,1785.5,68.63,69940
2021-09-02,61.5,9347,4.432,1785.5,70.07,69460
2021-09-03,61.5,9361,4.387,1785.5,69.34,69575
2021-09-04,61.5,9361,4.387,1785.5,69.34,69575
2021-09-05,61.5,9361,4.387,1785.5,69.34,69575
2021-09-06,61.5,9401.5,4.387,1785.5,69.34,69710
2021-09-07,61.5,9325,4.387,1785.5,68.49,69580
2021-09-08,61.5,9256,4.387,1785.5,69.36,69250
2021-09-09,61.5,9356.5,4.387,1785.5,68.26,68850
2021-09-10,61.5,9515,4.448,1785.5,69.82,70035
2021-09-11,61.5,9515,4.448,1785.5,69.82,70035
2021-09-12,61.5,9515,4.448,1776.7,69.82,70035
2021-09-13,61.5,9627,4.448,1776.7,70.54,71525
2021-09-14,61.5,9407,4.448,1776.7,70.53,70520
2021-09-15,61.5,9488.5,4.448,1776.7,72.59,69860
2021-09-16,61.5,9392,4.448,1776.7,72.69,70460
2021-09-17,61.5,9435.5,4.448,1776.7,72.09,69810
2021-09-18,61.5,9435.5,4.448,1776.7,72.09,69810
2021-09-19,61.5,9435.5,4.448,1776.7,72.09,69810
2021-09-20,61.5,9145.5,4.448,1776.7,70.41,69810
2021-09-21,61.5,9106,4.448,1776.7,70.51,69810
2021-09-22,61.5,9255,4.448,1776.7,72.37,69075
2021-09-23,60.3,9252,4.448,1776.7,73.43,69040
2021-09-24,60.3,9275,4.448,1776.7,74.18,69375
2021-09-25,60.3,9275,4.448,1776.7,74.18,69375
2021-09-26,60.3,9275,4.448,1776.7,74.18,69375
2021-09-27,60.3,9341,4.448,1776.7,75.54,70060
2021-09-28,60.3,9263,4.448,1776.7,75.44,69520
2021-09-29,60.3,9227,4.448,1776.7,75.06,68965
2021-09-30,60.3,9041,4.448,1776.7,75.22,68700
2021-10-01,58.7,9113,4.448,1776.7,76.01,68700
2021-10-02,58.7,9113,4.448,1776.7,76.01,68700
2021-10-03,58.7,9113,4.448,1776.7,76.01,68700
2021-10-04,58.7,9267.5,4.448,1776.7,77.68,68700
2021-10-05,58.7,9091.5,4.448,1776.7,79.17,68700
2021-10-06,58.7,9096,4.448,1776.7,77.66,68700
2021-10-07,58.7,9177,4.448,1776.7,78.46,68700
2021-10-08,58.7,9246,4.448,1776.7,79.55,69940
2021-10-09,58.7,9246,4.448,1776.7,79.55,69940
2021-10-10,58.7,9246,4.448,1776.7,79.55,69940
2021-10-11,58.7,9527,4.448,1776.7,80.64,69925
2021-10-12,58.7,9585,4.404,1784.8,80.75,70320
2021-10-13,58.7,9661,4.521,1784.8,80.67,70160
2021-10-14,58.7,9971,4.631,1784.8,81.43,72540
2021-10-15,58.7,10555,4.734,1784.8,82.39,74060
2021-10-16,58.7,10555,4.734,1784.8,82.39,74060
2021-10-17,58.7,10555,4.734,1784.8,82.39,74060
2021-10-18,58.7,10500,4.734,1784.8,82.62,76030
2021-10-19,58.7,10652,4.734,1784.8,83.19,75750
2021-10-20,58.7,10161,4.756,1784.8,84.4,73430
2021-10-21,58.7,10051,4.756,1784.8,82.64,75190
2021-10-22,57,9992,4.756,1784.8,84.53,73125
2021-10-23,57,9992,4.756,1784.8,84.53,73125
2021-10-24,57,9992,4.756,1784.8,84.53,73125
2021-10-25,57,10050,4.756,1784.8,84.64,72650
2021-10-26,57,9988,4.756,1784.8,85.64,72585
2021-10-27,57,9849.5,4.756,1784.8,82.66,72060
2021-10-28,57,9860,4.756,1784.8,82.78,70770
2021-10-29,57,9955,4.756,1784.8,83.5,71575
2021-10-30,57,9955,4.756,1784.8,83.5,71575
2021-10-31,57,9955,4.756,1784.8,83.5,71575
2021-11-01,57,9875,4.756,1784.8,84.08,71150
2021-11-02,58.5,9817,4.756,1784.8,83.91,71180
2021-11-03,58.5,9825,4.756,1784.8,80.82,70910
2021-11-04,58.5,9785,4.756,1784.8,78.88,71270
2021-11-05,58.5,9740,4.756,1784.8,81.25,70275
2021-11-06,58.5,9740,4.756,1784.8,81.25,70275
2021-11-07,58.5,9740,4.756,1784.8,81.25,70275
2021-11-08,58.5,9885,4.756,1784.8,81.96,70865
2021-11-09,58.5,10002,4.756,1784.8,84.12,71110
2021-11-10,58.5,9791,4.756,1784.8,81.23,70650
2021-11-11,58.5,9850,4.756,1784.8,81.47,70780
2021-11-12,58.5,9854.5,4.756,1784.8,80.87,71435
2021-11-13,58.5,9854.5,4.756,1863.9,80.87,71435
2021-11-14,58.5,9854.5,4.756,1863.9,80.87,71435
2021-11-15,58.5,9845,4.756,1866.6,80.85,71500
2021-11-16,58.5,9680,4.756,1854.1,80.76,71750
2021-11-17,58.5,9495,4.756,1870.2,78.32,70955
2021-11-18,58.5,9450,4.756,1861.4,78.92,70350
2021-11-19,58.5,9620.5,4.756,1851.6,76.11,72250
2021-11-20,58.5,9620.5,4.756,1851.6,76.11,72250
2021-11-21,58.5,9620.5,4.587,1851.6,76.11,72250
2021-11-22,58.5,9730,4.551,1806.3,76.74,71775
2021-11-23,57.3,9825.5,4.551,1783.8,78.32,72510
2021-11-24,57.3,9852,4.551,1784.3,78.32,71820
2021-11-25,57.3,9932,4.551,1788.1,78.32,72330
2021-11-26,57.3,9630,4.487,1786.9,78.32,71610
2021-11-27,57.3,9630,4.458,1786.9,78.32,71610
2021-11-28,57.3,9630,4.458,1786.9,78.32,71610
2021-11-29,57.3,9751,4.458,1785.2,69.88,70795
2021-11-30,57.3,9605,4.458,1776.5,66.14,70650
2021-12-01,58.6,9571,4.458,1776.5,65.44,70180
2021-12-02,58.6,9520,4.458,1776.5,66.6,69900
2021-12-03,58.6,9513,4.458,1776.5,66.39,69830
2021-12-04,58.6,9513,4.458,1776.5,66.39,69830
2021-12-05,58.6,9513,4.458,1776.5,66.39,69830
2021-12-06,58.6,9526,4.458,1776.5,69.62,69915
2021-12-07,58.6,9647,4.458,1776.5,71.94,69760
2021-12-08,58.6,9555.5,4.458,1776.5,72.43,69815
2021-12-09,58.6,9578,4.458,1776.5,70.87,69980
2021-12-10,58.6,9543,4.458,1776.5,71.71,69750
2021-12-11,58.6,9543,4.458,1776.5,71.71,69750
2021-12-12,58.6,9543,4.458,1776.5,71.71,69750
2021-12-13,58.6,9500,4.458,1788.3,71.19,69550
2021-12-14,58.6,9485,4.458,1772.3,70.57,68900
2021-12-15,58.6,9290,4.458,1764.5,70.89,68875
2021-12-16,57.8,9506,4.458,1798.2,72.34,68570
2021-12-17,57.8,9520,4.458,1804.9,70.93,69525
2021-12-18,57.8,9520,4.458,1804.9,70.93,69525
2021-12-19,57.8,9520,4.458,1804.9,70.93,69525
2021-12-20,57.8,9406,4.458,1794.6,68.69,69200
2021-12-21,57.8,9521,4.458,1788.7,71.1,69385
2021-12-22,57.8,9625,4.458,1802.2,72.82,69520
2021-12-23,57.8,9606,4.458,1811.7,73.89,69850
2021-12-24,57.8,9582,4.458,1811.7,73.89,69840
2021-12-25,57.8,9582,4.458,1811.7,73.89,69840
2021-12-26,57.8,9582,4.391,1811.7,73.89,69840
2021-12-27,57.8,9582,4.465,1808.8,75.49,69650
2021-12-28,57.8,9582,4.465,1810.9,76.01,70270
2021-12-29,57.8,9655,4.465,1805.8,76.58,70060
2021-12-30,57.8,9715,4.465,1814.1,76.83,70020
2021-12-31,57.8,9692,4.465,1828.6,75.33,69910
2022-01-01,57.8,9692,4.465,1828.6,75.33,69910
2022-01-02,57.8,9692,4.465,1801.5,75.33,69910
2022-01-03,58,9692,4.465,1943.8,75.99,69910
2022-01-04,58,9660,4.466,1923.7,77,69840
2022-01-05,58,9778,4.466,1923.7,77.83,70420
2022-01-06,58,9565,4.466,1848.7,79.47,69960
2022-01-07,58,9615,4.466,1801.5,79,69790
2022-01-08,58,9615,4.466,1787.7,79,69790
2022-01-09,58,9615,4.466,1709.3,79,69790
2022-01-10,58,9665,4.466,1709.3,78.11,70075
2022-01-11,58,9662,4.466,1649.7,81.17,69900
2022-01-12,58,9945,4.564,1815.2,82.51,70850
2022-01-13,58,9972,4.564,1815.2,81.97,72130
2022-01-14,58,9900,4.564,1815.2,83.82,71570
2022-01-15,58,9900,4.564,1815.2,83.82,71570
2022-01-16,58,9900,4.564,1815.2,83.82,71570
2022-01-17,58,9674.5,4.564,1815.2,83.82,70380
2022-01-18,58,9707,4.564,1815.2,85.42,70525
2022-01-19,58,9801,4.564,1815.2,86.84,70330
2022-01-20,58,9925,4.577,1815.2,86.29,70930
2022-01-21,58,9970,4.577,1815.2,85.16,71000
2022-01-22,58,9970,4.577,1815.2,85.16,71000
2022-01-23,58,9970,4.577,1815.2,85.16,71000
2022-01-24,57.5,9800,4.577,1815.2,84.48,70800
2022-01-25,57.5,9744,4.577,1815.2,86.61,70040
2022-01-26,57.5,9965,4.577,1815.2,88.33,70270
2022-01-27,57.5,9872,4.577,1815.2,87.61,70400
2022-01-28,57.5,9678,4.577,1815.2,87.67,70480
2022-01-29,57.5,9678,4.577,1815.2,87.67,70480
2022-01-30,57.5,9678,4.577,1815.2,87.67,70480
2022-01-31,57.5,9620,4.577,1815.2,89.16,70480
2022-02-01,59,9701,4.577,1815.2,88.22,70480
2022-02-02,59,9880,4.577,1815.2,88.16,70480
2022-02-03,59,9785,4.577,1815.2,90.17,70480
2022-02-04,59,9875,4.577,1815.2,92.27,70480
2022-02-05,59,9875,4.577,1815.2,92.27,70480
2022-02-06,59,9875,4.577,1815.2,92.27,70480
2022-02-07,59,9850,4.577,1815.2,91.25,71035
2022-02-08,59,9760,4.577,1815.2,89.32,70690
2022-02-09,59,9881,4.601,1815.2,89.57,70500
2022-02-10,59,10220.5,4.657,1815.2,89.83,72210
2022-02-11,59,10040,4.657,1815.2,93.1,72580
2022-02-12,59,10040,4.657,1809.6,93.1,72580
2022-02-13,59,10040,4.657,1809.6,93.1,72580
2022-02-14,59,9882,4.657,1809.6,95.52,71470
2022-02-15,59,10020,4.657,1809.6,92.07,71090
2022-02-16,59,10045.5,4.657,1809.6,93.83,71550
2022-02-17,59,10010,4.657,1809.6,91.78,71550
2022-02-18,59,10015,4.657,1809.6,91.26,71525
2022-02-19,59,10015,4.657,1809.6,91.26,71525
2022-02-20,59,10015,4.657,1809.6,91.26,71525
2022-02-21,58.7,9960,4.657,1809.6,91.26,71530
2022-02-22,58.7,10020,4.657,1809.6,92.11,71140
2022-02-23,58.7,10005,4.657,1809.6,92.14,71170
2022-02-24,58.7,9983,4.657,1809.6,92.77,70810
2022-02-25,58.7,9920,4.657,1809.6,91.68,71010
2022-02-26,58.7,9920,4.657,1809.6,91.68,71010
2022-02-27,58.7,9920,4.657,1809.6,91.68,71010
2022-02-28,58.7,9974,4.657,1809.6,96.13,70900
2022-03-01,58.4,9976,4.657,1809.6,103.66,70880
2022-03-02,58.4,10257.5,4.657,1809.6,110.74,71520
2022-03-03,58.4,10470,4.771,1809.6,107.69,72540
2022-03-04,58.4,10466,4.929,1809.6,115.77,72930
2022-03-05,58.4,10466,4.929,1809.6,115.77,72930
2022-03-06,58.4,10466,4.929,1809.6,115.77,72930
2022-03-07,58.4,10730,4.929,1809.6,119.26,75060
2022-03-08,58.4,10171,4.929,1809.6,123.64,72950
2022-03-09,58.4,10052,4.929,1809.6,108.81,73080
2022-03-10,58.4,10144,4.929,1809.6,105.93,72080
2022-03-11,58.4,10145,4.929,1809.6,109.31,72170
2022-03-12,58.4,10145,4.929,1809.6,109.31,72170
2022-03-13,58.4,10145,4.929,1809.6,109.31,72170
2022-03-14,58.4,9880,4.929,1809.6,103.22,72210
2022-03-15,58.4,9826,4.929,1809.6,96.42,71790
2022-03-16,58.4,10100.5,4.929,1630.9,94.85,72060
2022-03-17,58.4,10166,4.929,1630.9,102.97,72740
2022-03-18,58.4,10249,4.929,1630.9,104.69,73310
2022-03-19,58.4,10249,4.929,1630.9,104.69,73310
2022-03-20,58.4,10249,4.929,1630.9,104.69,73310
2022-03-21,58.4,10173,4.929,1630.9,112.14,73440
2022-03-22,58.4,10342,4.929,1630.9,111.03,73510
2022-03-23,58.4,10311,4.929,1630.9,114.89,73410
2022-03-24,56,10421,4.929,1630.9,114.2,73880
2022-03-25,56,10280,4.929,1630.9,116.2,73775
2022-03-26,56,10280,4.929,1630.9,116.2,73775
2022-03-27,56,10280,4.929,1630.9,116.2,73775
2022-03-28,56,10227,4.929,1630.9,107.55,73360
2022-03-29,56,10350,4.929,1630.9,104.25,74100
2022-03-30,56,10390.5,4.929,1630.9,107.81,73980
2022-03-31,56,10337,4.929,1630.9,100.53,73575
2022-04-01,57,10247,4.929,1630.9,99.32,73635
2022-04-02,57,10247,4.929,1630.9,99.32,73635
2022-04-03,57,10247,4.929,1630.9,99.32,73635
2022-04-04,57,10301.5,4.929,1630.9,103.29,73635
2022-04-05,57,10426,4.791,1630.9,101.98,73635
2022-04-06,57,10350.5,4.791,1630.9,96.39,74000
2022-04-07,57,10292,4.791,1630.9,96.05,73690
2022-04-08,57,10390,4.791,1630.9,98.35,73765
2022-04-09,57,10390,4.791,1630.9,98.35,73765
2022-04-10,57,10390,4.791,1630.9,98.35,73765
2022-04-11,57,10235.5,4.791,1676.6,94.22,73720
2022-04-12,57,10201,4.791,1676.6,100.52,73790
2022-04-13,57,10290.5,4.791,1676.6,104.26,74550
2022-04-14,57,10277,4.791,1676.6,106.84,74370
2022-04-15,57,10277,4.791,1676.6,106.84,75385
2022-04-16,57,10277,4.791,1676.6,106.84,75385
2022-04-17,57,10277,4.791,1676.6,106.84,75385
2022-04-18,57,10277,4.796,1676.6,108.24,75440
2022-04-19,57,10381,4.796,1676.6,102.54,75575
2022-04-20,57,10215,4.796,1676.6,102.56,74740
2022-04-21,57,10268,4.796,1676.6,103.89,74850
2022-04-22,54.7,10230.5,4.796,1676.6,102.86,75070
2022-04-23,54.7,10230.5,4.796,1676.6,102.86,75070
2022-04-24,54.7,10230.5,4.796,1676.6,102.86,75070
2022-04-25,54.7,9919,4.796,1676.6,99.6,74330
2022-04-26,54.7,9912.5,4.796,1676.6,102.62,73950
2022-04-27,54.7,9910,4.796,1676.6,101.96,73770
2022-04-28,54.7,9812,4.796,1676.6,105.47,74005
2022-04-29,54.7,9820.5,4.796,1676.6,104.59,73930
2022-04-30,54.7,9820.5,4.796,1676.6,104.59,73930
2022-05-01,54.7,9820.5,4.796,1676.6,104.59,73930
2022-05-02,55.3,9820.5,4.796,1676.6,105.18,73930
2022-05-03,55.3,9511,4.796,1676.6,102.53,73930
2022-05-04,55.3,9474,4.796,1676.6,107.84,73930
2022-05-05,55.3,9541,4.796,1676.6,108.17,73760
2022-05-06,55.3,9428,4.796,1676.6,109.72,72875
2022-05-07,55.3,9428,4.796,1676.6,109.72,72875
2022-05-08,55.3,9428,4.796,1676.6,109.72,72875
2022-05-09,55.3,9160,4.796,1676.6,103.08,72460
2022-05-10,55.3,9350,4.796,1676.6,99.74,71990
2022-05-11,55.3,9367,4.796,1676.6,105.5,71990
2022-05-12,55.3,9018.5,4.796,1781.3,106.15,72050
2022-05-13,55.3,9064,4.796,1781.3,110.52,71160
2022-05-14,55.3,9064,4.796,1781.3,110.52,71160
2022-05-15,55.3,9064,4.796,1781.3,110.52,71160
2022-05-16,55.3,9270,4.796,1781.3,114.07,71650
2022-05-17,55.3,9396,4.796,1781.3,112.31,72175
2022-05-18,55.3,9264.5,4.796,1781.3,109.67,72070
2022-05-19,55.3,9287,4.796,1781.3,112.21,71775
2022-05-20,55.3,9477,4.714,1781.3,112.63,72150
2022-05-21,55.3,9477,4.704,1781.3,112.63,72150
2022-05-22,55.3,9477,4.704,1781.3,112.63,72150
2022-05-23,55.3,9500.5,4.582,1781.3,110.32,72400
2022-05-24,54.9,9460.5,4.455,1781.3,112.55,72500
2022-05-25,54.9,9287,4.455,1781.3,112.88,72220
2022-05-26,54.9,9359,4.455,1781.3,116.19,71950
2022-05-27,54.9,9383,4.455,1781.3,114.96,72625
2022-05-28,54.9,9383,4.455,1781.3,114.96,72625
2022-05-29,54.9,9383,4.413,1781.3,114.96,72625
2022-05-30,54.9,9520.5,4.395,1781.3,114.96,72650
2022-05-31,54.9,9500.5,4.348,1781.3,114.38,72630
2022-06-01,54.4,9455,4.348,1781.3,115.26,72150
2022-06-02,54.4,9455,4.554,1781.3,116.88,72530
2022-06-03,54.4,9455,4.554,1781.3,118.97,72530
2022-06-04,54.4,9455,4.554,1781.3,118.97,72530
2022-06-05,54.4,9455,4.554,1781.3,118.97,72530
2022-06-06,54.4,9712,4.554,1781.3,118.41,73225
2022-06-07,54.4,9612,4.554,1781.3,119.55,72975
2022-06-08,54.4,9692,4.554,1781.3,121.94,72890
2022-06-09,54.4,9630,4.554,1781.3,121.52,73030
2022-06-10,54.4,9537,4.554,1781.3,120.73,72750
2022-06-11,54.4,9537,4.554,1781.3,120.73,72750
2022-06-12,54.4,9537,4.554,1782.4,120.73,72750
2022-06-13,54.4,9290,4.554,1782.4,120.92,72170
2022-06-14,54.4,9263,4.554,1782.4,118.92,71670
2022-06-15,54.4,9257,4.554,1782.4,115.32,71250
2022-06-16,54.4,9105,4.554,1782.4,117.56,71255
2022-06-17,54.4,9101,4.554,1782.4,109.56,69975
2022-06-18,54.4,9101,4.554,1782.4,109.56,69975
2022-06-19,54.4,9101,4.554,1782.4,109.56,69975
2022-06-20,54.4,8875,4.554,1782.4,109.56,68750
2022-06-21,54.4,9000,4.554,1782.4,110.49,68700
2022-06-22,54.4,8729,4.554,1782.4,106.22,68160
2022-06-23,53.9,8578,4.554,1782.4,105.75,66050
2022-06-24,53.9,8280.5,4.554,1782.4,109.07,64340
2022-06-25,53.9,8280.5,4.554,1782.4,109.07,64340
2022-06-26,53.9,8280.5,4.554,1782.4,109.07,64340
2022-06-27,53.9,8353,4.554,1782.4,111.44,64465
2022-06-28,53.9,8502,4.554,1782.4,113.66,64150
2022-06-29,53.9,8446,4.554,1782.4,111.65,63940
2022-06-30,53.9,8245,4.554,1782.4,107.76,64230
2022-07-01,52,7975.5,4.554,1782.4,110.3,62930
2022-07-02,52,7975.5,4.554,1782.4,110.3,62930
2022-07-03,52,7975.5,4.554,1782.4,110.3,62930
2022-07-04,52,8036,4.478,1782.4,110.3,61560
2022-07-05,52,7807,4.458,1782.4,101.55,61225
2022-07-06,52,7525.5,4.458,1782.4,100.31,58125
2022-07-07,52,7835,4.458,1782.4,104.62,58600
2022-07-08,52,7790,4.458,1782.4,106.78,59600
2022-07-09,52,7790,4.458,1782.4,106.78,59600
2022-07-10,52,7790,4.389,1782.4,106.78,59600
2022-07-11,52,7623,4.301,1782.4,106.09,58535
2022-07-12,52,7370.5,4.216,1798,97.69,58430
2022-07-13,52,7267,4.216,1798,98.44,56460
2022-07-14,52,7216,4.216,1798,97.79,56300
2022-07-15,52,7000,4.168,1798,99.59,54890
2022-07-16,52,7000,4.168,1798,99.59,54890
2022-07-17,52,7000,4.112,1798,99.59,54890
2022-07-18,52,7320,4.043,1798,104.48,56010
2022-07-19,52,7281.5,4.043,1798,106.12,56210
2022-07-20,52,7371,4.043,1798,104.45,56920
2022-07-21,52,7231.5,4.043,1798,98.44,56360
2022-07-22,51,7372,4.043,1798,97.71,57030
2022-07-23,51,7372,3.951,1798,97.71,57030
2022-07-24,51,7372,3.784,1798,97.71,57030
2022-07-25,51,7448,3.784,1798,99.83,57570
2022-07-26,51,7591.5,3.784,1798,97.74,58930
2022-07-27,51,7552,3.784,1798,100.03,58710
2022-07-28,51,7712,3.784,1798,99.11,60090
2022-07-29,51,7800.5,3.784,1798,101.31,60315
2022-07-30,51,7800.5,3.779,1798,101.31,60315
2022-07-31,51,7800.5,3.715,1798,101.31,60315
2022-08-01,49.6,7930.5,3.619,1798,96.59,61640
2022-08-02,49.6,7819,3.584,1798,97.14,60180
2022-08-03,49.6,7774,3.584,1798,93.25,60260
2022-08-04,49.6,7642,3.584,1798,91.29,59930
2022-08-05,49.6,7830.5,3.584,1798,91.77,60520
2022-08-06,49.6,7830.5,3.584,1798,91.77,60520
2022-08-07,49.6,7830.5,3.584,1798,91.77,60520
2022-08-08,49.6,7835,3.587,1798,93.52,61340
2022-08-09,49.6,7971.5,3.592,1798,93.18,61540
2022-08-10,49.6,7976,3.655,1798,94.68,61780
2022-08-11,49.6,8140,3.711,1798,97.02,62520
2022-08-12,49.6,8065,3.711,1801.5,94.86,63000
2022-08-13,49.6,8065,3.711,1801.5,94.86,63000
2022-08-14,49.6,8065,3.711,1801.5,94.86,63000
2022-08-15,49.6,7865.5,3.711,1801.5,92.24,62310
2022-08-16,49.6,7992,3.711,1801.5,89.23,62460
2022-08-17,49.6,7955,3.711,1801.5,90.85,62470
2022-08-18,49.6,8020,3.711,1801.5,93.2,62300
2022-08-19,49.6,8051,3.711,1801.5,93.55,62950
2022-08-20,49.6,8051,3.711,1801.5,93.55,62950
2022-08-21,49.6,8051,3.711,1801.5,93.55,62950
2022-08-22,49.6,8041,3.711,1801.5,93.42,63610
2022-08-23,49,8100.5,3.711,1801.5,96.46,63570
2022-08-24,49,8031.5,3.711,1801.5,95.52,63715
2022-08-25,49,8155,3.711,1801.5,93.33,63330
2022-08-26,49,8315,3.712,1801.5,93.63,64270
2022-08-27,49,8315,3.712,1801.5,93.63,64270
2022-08-28,49,8315,3.712,1801.5,93.63,64270
2022-08-29,49,8315,3.712,1801.5,97.4,63720
2022-08-30,49,7910.5,3.712,1801.5,92.08,63120
2022-08-31,49,7721,3.712,1801.5,90.09,62770
2022-09-01,49.7,7702,3.712,1801.5,87.09,61775
2022-09-02,49.7,7587,3.712,1801.5,87.29,60500
2022-09-03,49.7,7587,3.712,1801.5,87.29,60500
2022-09-04,49.7,7587,3.712,1801.5,87.29,60500
2022-09-05,49.7,7652.5,3.712,1801.5,87.29,60840
2022-09-06,49.7,7707,3.712,1801.5,87.35,61750
2022-09-07,49.7,7730,3.712,1801.5,82.5,61700
2022-09-08,49.7,7906,3.712,1801.5,84.04,61910
2022-09-09,49.7,7985,3.712,1801.5,87.27,63650
2022-09-10,49.7,7985,3.712,1801.5,87.27,63650
2022-09-11,49.7,7985,3.712,1801.5,87.27,63650
2022-09-12,49.7,8026,3.712,1810.7,88.18,63650
2022-09-13,49.7,8230,3.712,1810.7,87.84,63850
2022-09-14,49.7,7865,3.712,1810.7,88.88,63050
2022-09-15,49.7,7806,3.712,1810.7,85.72,63370
2022-09-16,49.7,7792,3.712,1810.7,85.57,62865
2022-09-17,49.7,7792,3.712,1810.7,85.57,62865
2022-09-18,49.7,7792,3.712,1810.7,85.57,62865
2022-09-19,49.7,7772,3.712,1810.7,86.15,63440
2022-09-20,49.7,7796,3.712,1810.7,84.69,63370
2022-09-21,49.7,7761.5,3.712,1810.7,83.38,63120
2022-09-22,49.7,7815,3.712,1810.7,84.02,63120
2022-09-23,48.7,7446,3.712,1810.7,79.07,63025
2022-09-24,48.7,7446,3.712,1810.7,79.07,63025
2022-09-25,48.7,7446,3.712,1810.7,79.07,63025
2022-09-26,48.7,7449,3.712,1810.7,77.17,61570
2022-09-27,48.7,7475,3.627,1810.7,78.91,61485
2022-09-28,48.7,7353,3.627,1810.7,82.61,61430
2022-09-29,48.7,7660.5,3.627,1810.7,81.78,62430
2022-09-30,48.7,7647,3.626,1810.7,79.91,62670
2022-10-01,48.7,7647,3.626,1810.7,79.91,62670
2022-10-02,48.7,7647,3.626,1810.7,79.91,62670
2022-10-03,48.5,7524,3.626,1810.7,84.05,62670
2022-10-04,48.5,7596,3.626,1810.7,86.87,62670
2022-10-05,48.5,7661,3.626,1810.7,88.22,62670
2022-10-06,48.5,7744,3.626,1810.7,88.9,62670
2022-10-07,48.5,7575.5,3.626,1810.7,93.07,62670
2022-10-08,48.5,7575.5,3.626,1810.7,93.07,62670
2022-10-09,48.5,7575.5,3.626,1810.7,93.07,62670
2022-10-10,48.5,7655,3.626,1810.7,91.6,63070
2022-10-11,48.5,7587,3.626,1810.7,89.75,63975
2022-10-12,48.5,7625.5,3.626,1810.7,87.83,63800
2022-10-13,48.5,7663,3.626,1810.7,89.59,63960
2022-10-14,48.5,7688,3.581,1753.7,86.1,64760
2022-10-15,48.5,7688,3.561,1753.7,86.1,64760
2022-10-16,48.5,7688,3.561,1753.7,86.1,64760
2022-10-17,48.5,7715,3.561,1753.7,86,64450
2022-10-18,48.5,7536,3.558,1753.7,83.29,63550
2022-10-19,48.5,7420,3.558,1753.7,86,62950
2022-10-20,48.5,7585.5,3.558,1753.7,86.02,62895
2022-10-21,48.5,7545,3.548,1753.7,85.47,64000
2022-10-22,48.5,7545,3.533,1753.7,85.47,64000
2022-10-23,48.5,7545,3.533,1753.7,85.47,64000
2022-10-24,47.8,7661,3.533,1753.7,86.12,64530
2022-10-25,47.8,7536,3.533,1753.7,86.93,64300
2022-10-26,47.8,7762.5,3.63,1753.7,89.39,63950
2022-10-27,47.8,7777,3.63,1753.7,89.06,64690
2022-10-28,47.8,7663.5,3.63,1753.7,87.85,64650
2022-10-29,47.8,7663.5,3.63,1753.7,87.85,64650
2022-10-30,47.8,7663.5,3.63,1753.7,87.85,64650
2022-10-31,47.8,7525,3.63,1753.7,86.54,63810
2022-11-01,47.8,7745,3.63,1753.7,88.36,64300
2022-11-02,46.6,7705,3.63,1753.7,90.06,64950
2022-11-03,46.6,7510,3.63,1753.7,88.14,64690
2022-11-04,46.6,7905,3.715,1753.7,92.58,64700
2022-11-05,46.6,7905,3.715,1753.7,92.58,64700
2022-11-06,46.6,7905,3.715,1753.7,92.58,64700
2022-11-07,46.6,7954.5,3.715,1753.7,91.8,66440
2022-11-08,46.6,7974,3.715,1753.7,88.8,66225
2022-11-09,46.6,8035,3.741,1753.7,85.79,66800
2022-11-10,46.6,8065,3.796,1753.7,86.52,67400
2022-11-11,46.6,8441,3.951,1769.4,89.14,68575
2022-11-12,46.6,8441,3.951,1769.4,89.14,68575
2022-11-13,46.6,8441,3.951,1769.4,89.14,68575
2022-11-14,46.6,8346,3.951,1776.9,85.85,67770
2022-11-15,46.6,8343,3.951,1776.8,86.87,67275
2022-11-16,46.6,8315,3.951,1775.8,85.62,67050
2022-11-17,46.6,8155,3.951,1763,81.69,66540
2022-11-18,46.6,8047,3.951,1754.4,80.07,66275
2022-11-19,46.6,8047,3.951,1754.4,80.07,66275
2022-11-20,46.6,8047,3.951,1754.4,80.07,66275
2022-11-21,46.6,7900.5,3.951,1739.6,79.74,65275
2022-11-22,46.6,7996,3.951,1739.9,80.83,65170
2022-11-23,46,7962,3.951,1745.6,77.93,65260
2022-11-24,46,7990.5,3.951,1754,77.93,65490
2022-11-25,46,8070,3.951,1754,76.45,65640
2022-11-26,46,8070,3.951,1754,76.45,65640
2022-11-27,46,8070,3.951,1754,76.45,65640
2022-11-28,46,7966,3.951,1740.3,77.1,64910
2022-11-29,46,8035.5,3.951,1763.7,77.96,65525
2022-11-30,46,8198,3.951,1759.9,80.48,65290
2022-12-01,47.3,8216.5,3.951,1759.9,81.06,66380
2022-12-02,47.3,8342,3.951,1759.9,79.86,66400
2022-12-03,47.3,8342,3.951,1759.9,79.86,66400
2022-12-04,47.3,8342,3.951,1759.9,79.86,66400
2022-12-05,47.3,8440,3.951,1759.9,76.83,67220
2022-12-06,47.3,8355.5,3.951,1759.9,74.21,66575
2022-12-07,47.3,8334,3.951,1759.9,71.93,66225
2022-12-08,47.3,8537,3.951,1759.9,71.3,66290
2022-12-09,47.3,8490.5,3.951,1759.9,71.05,67000
2022-12-10,47.3,8490.5,3.951,1759.9,71.05,67000
2022-12-11,47.3,8490.5,3.951,1759.9,71.05,67000
2022-12-12,47.3,8371.5,3.951,1792.3,72.96,66210
2022-12-13,47.3,8381,3.881,1825.5,75.44,66175
2022-12-14,47.3,8415,3.881,1818.7,77.14,66625
2022-12-15,47.3,8383,3.881,1787.8,75.89,66125
2022-12-16,47.1,8231.5,3.881,1800.2,74.19,65750
2022-12-17,47.1,8231.5,3.881,1800.2,74.19,65750
2022-12-18,47.1,8231.5,3.881,1800.2,74.19,65750
2022-12-19,47.1,8331,3.881,1797.7,75.05,66020
2022-12-20,47.1,8302,3.881,1825.4,75.92,65575
2022-12-21,47.1,8327,3.881,1825.4,78.17,66225
2022-12-22,47.1,8345.5,3.881,1795.3,77.68,66750
2022-12-23,47.1,8308.5,3.881,1804.2,79.57,66000
2022-12-24,47.1,8308.5,3.881,1804.2,79.57,66000
2022-12-25,47.1,8308.5,3.881,1804.2,79.57,66000
2022-12-26,47.1,8308.5,3.881,1809.7,79.57,66125
2022-12-27,47.1,8308.5,3.881,1823.1,79.45,66400
2022-12-28,47.1,8451,3.881,1815.8,78.89,66270
2022-12-29,47.1,8395,3.881,1826,78.43,66200
2022-12-30,47.1,8387,3.881,1826.2,80.16,66175
2022-12-31,47.1,8387,3.881,1826.2,80.16,66175
2023-01-01,47.1,8387,3.881,1826.2,80.16,66175
2023-01-02,47.8,8387,3.881,1927.8,80.16,66175
2023-01-03,47.8,8390,3.881,1845.4,76.87,65800
2023-01-04,47.8,8209,3.881,1845.4,72.82,65070
2023-01-05,47.8,8420,3.881,1992.2,73.61,64260
2023-01-06,47.8,8362.5,3.909,1995.5,73.77,65220
2023-01-07,47.8,8362.5,3.909,1995.5,73.77,65220
2023-01-08,47.8,8362.5,3.909,1978.8,73.77,65220
2023-01-09,47.8,8722,4.019,1967.1,74.69,66220
2023-01-10,47.8,8766.5,4.067,1967.1,75.11,66475
2023-01-11,47.8,8987,4.154,1987.5,77.46,67500
2023-01-12,47.8,9071.5,4.186,2089.7,78.32,68430
2023-01-13,47.8,9107,4.207,2089.7,79.9,68725
2023-01-14,47.8,9107,4.207,2089.7,79.9,68725
2023-01-15,47.8,9107,4.207,2089.7,79.9,68725
2023-01-16,47.8,9145.5,4.207,2089.7,79.9,68525
2023-01-17,47.8,9114,4.215,2089.7,80.25,68410
2023-01-18,47.8,9436,4.229,2089.7,79.53,69750
2023-01-19,47.8,9190,4.229,2089.7,80.31,69570
2023-01-20,47.8,9232,4.248,2089.7,81.27,70150
2023-01-21,47.8,9232,4.248,2089.7,81.27,70150
2023-01-22,47.8,9232,4.248,2089.7,81.27,70150
2023-01-23,47.8,9340.5,4.254,2089.7,81.62,70150
2023-01-24,48.5,9308,4.254,2089.7,79.86,70150
2023-01-25,48.5,9258,4.254,2089.7,79.78,70150
2023-01-26,48.5,9288.5,4.267,2089.7,80.64,70150
2023-01-27,48.5,9345.5,4.267,2089.7,79.73,70150
2023-01-28,48.5,9345.5,4.267,2089.7,79.73,70150
2023-01-29,48.5,9345.5,4.267,2089.7,79.73,70150
2023-01-30,48.5,9227,4.267,2089.7,77.97,69775
2023-01-31,48.5,9075,4.267,2089.7,78.95,69425
2023-02-01,48.8,9175,4.267,2089.7,76.34,69560
2023-02-02,48.8,9114,4.267,2089.7,75.87,69070
2023-02-03,48.8,9060,4.267,2089.7,73.4,68425
2023-02-04,48.8,9060,4.267,2089.7,73.4,68425
2023-02-05,48.8,9060,4.267,2089.7,73.4,68425
2023-02-06,48.8,8891.5,4.267,2089.7,74.11,68090
2023-02-07,48.8,8865,4.267,2089.7,77.17,67860
2023-02-08,48.8,9006,4.267,2089.7,78.47,68250
2023-02-09,48.8,8953.5,4.267,2089.7,78.04,68240
2023-02-10,48.8,8905,4.267,2089.7,79.74,68225
2023-02-11,48.8,8905,4.267,2089.7,79.74,68225
2023-02-12,48.8,8905,4.267,2089.7,79.74,68225
2023-02-13,48.8,8912,4.267,1993.5,80.14,68060
2023-02-14,48.8,8931.5,4.267,1993.5,79.08,68510
2023-02-15,48.8,8826,4.267,1993.5,78.57,68950
2023-02-16,48.8,8892,4.267,1993.5,78.45,68370
2023-02-17,48.8,8871,4.267,1993.5,76.31,69080
2023-02-18,48.8,8871,4.267,1993.5,76.31,69080
2023-02-19,48.8,8871,4.267,1993.5,76.31,69080
2023-02-20,48.8,9015,4.267,1993.5,76.31,69020
2023-02-21,49.3,9103.5,4.267,1993.5,76.28,69705
2023-02-22,49.3,9121,4.267,1993.5,73.95,70400
2023-02-23,49.3,9060,4.267,1993.5,75.26,70050
2023-02-24,49.3,8807,4.267,1993.5,76.19,69225
2023-02-25,49.3,8807,4.267,1993.5,76.19,69225
2023-02-26,49.3,8807,4.267,1993.5,76.19,69225
2023-02-27,49.3,8751,4.234,1993.5,75.57,68425
2023-02-28,49.3,8844,4.234,1993.5,76.88,68550
2023-03-01,48.5,9066.5,4.234,1993.5,77.57,69710
2023-03-02,48.5,8896,4.234,1993.5,78.05,69865
2023-03-03,48.5,8945,4.234,1993.5,79.62,69400
2023-03-04,48.5,8945,4.234,1993.5,79.62,69400
2023-03-05,48.5,8945,4.234,1993.5,79.62,69400
2023-03-06,48.5,8819,4.234,1993.5,80.39,69300
2023-03-07,48.5,8824,4.234,1993.5,77.45,69610
2023-03-08,48.5,8810,4.234,1993.5,76.56,68840
2023-03-09,48.5,8808,4.234,1993.5,75.6,69225
2023-03-10,48.5,8755,4.234,1993.5,76.55,69025
2023-03-11,48.5,8755,4.234,1999.2,76.55,69025
2023-03-12,48.5,8755,4.234,1999.2,76.55,69025
2023-03-13,48.5,8651,4.234,1999.2,74.68,69090
2023-03-14,48.5,8905,4.234,1999.2,71.18,68600
2023-03-15,48.5,8525,4.234,1999.2,67.38,68925
2023-03-16,48.5,8535,4.234,1999.2,68.15,67100
2023-03-17,48.5,8621,4.234,1999.2,66.61,67340
2023-03-18,48.5,8621,4.234,1999.2,66.61,67340
2023-03-19,48.5,8621,4.234,1999.2,66.61,67340
2023-03-20,48.5,8677,4.234,1999.2,67.56,67530
2023-03-21,48.5,8824,4.234,1999.2,69.4,67575
2023-03-22,48.5,8880.5,4.234,1999.2,70.71,68100
2023-03-23,48.5,8917,4.234,1999.2,69.77,68630
2023-03-24,49,8927,4.234,1999.2,69.22,69230
2023-03-25,49,8927,4.202,1999.2,69.22,69230
2023-03-26,49,8927,4.168,1999.2,69.22,69230
2023-03-27,49,8876,4.168,1999.2,72.87,69400
2023-03-28,49,8934,4.168,1999.2,73.12,69770
2023-03-29,49,9052,4.168,1999.2,72.95,69580
2023-03-30,49,9038.5,4.168,1999.2,74.32,69620
2023-03-31,49,8935,4.168,1999.2,75.68,69650
2023-04-01,49,8935,4.168,1999.2,75.68,69650
2023-04-02,49,8935,4.146,1999.2,75.68,69650
2023-04-03,47.1,8966,4.146,1999.2,80.4,69600
2023-04-04,47.1,8930,4.146,1999.2,80.7,69225
2023-04-05,47.1,8780,4.146,1999.2,80.69,69225
2023-04-06,47.1,8836,4.146,1999.2,80.7,68830
2023-04-07,47.1,8836,4.146,1999.2,80.7,68875
2023-04-08,47.1,8836,4.146,1999.2,80.7,68875
2023-04-09,47.1,8836,4.146,1999.2,80.7,68875
2023-04-10,47.1,8836,4.146,1999.2,79.79,68870
2023-04-11,47.1,8837.5,4.146,1999.2,81.54,68580
2023-04-12,47.1,8803,4.146,2042.2,83.26,69150
2023-04-13,47.1,9001.5,4.146,2042.2,82.16,69405
2023-04-14,47.1,9082,4.146,2042.2,82.58,70310
2023-04-15,47.1,9082,4.146,2042.2,82.58,70310
2023-04-16,47.1,9082,4.146,2042.2,82.58,70310
2023-04-17,47.1,8985,4.146,2042.2,80.93,69980
2023-04-18,47.1,8966,4.146,2042.2,80.85,69650
2023-04-19,47.1,8875,4.146,2042.2,79.18,69680
2023-04-20,47.1,8875,4.146,2042.2,77.27,69500
2023-04-21,48,8816,4.146,2042.2,77.86,68890
2023-04-22,48,8816,4.146,2042.2,77.86,68890
2023-04-23,48,8816,4.146,2042.2,77.86,68890
2023-04-24,48,8762.5,4.124,2042.2,78.64,68490
2023-04-25,48,8521,4.124,2042.2,77.05,68290
2023-04-26,48,8579,4.124,2042.2,74.33,67540
2023-04-27,48,8465.5,4.124,2042.2,74.77,66625
2023-04-28,48,8571,4.124,2042.2,76.78,67420
2023-04-29,48,8571,4.124,2042.2,76.78,67420
2023-04-30,48,8571,4.124,2042.2,76.78,67420
2023-05-01,48,8571,4.124,2042.2,75.65,67420
2023-05-02,45.5,8573,4.124,2042.2,71.71,67420
2023-05-03,45.5,8486,4.124,2042.2,68.62,67420
2023-05-04,45.5,8539,4.124,2042.2,68.52,67290
2023-05-05,45.5,8488,4.124,2042.2,71.32,66675
2023-05-06,45.5,8488,4.124,2042.2,71.32,66675
2023-05-07,45.5,8488,4.124,2042.2,71.32,66675
2023-05-08,45.5,8488,4.124,2042.2,73.13,67190
2023-05-09,45.5,8583,4.124,2042.2,73.68,67490
2023-05-10,45.5,8469,4.124,2042.2,72.53,67365
2023-05-11,45.5,8267,4.124,2042.2,70.81,66590
2023-05-12,45.5,8240,4.124,2036.3,70.02,64690
2023-05-13,45.5,8240,4.124,2036.3,70.02,64690
2023-05-14,45.5,8240,4.124,2036.3,70.02,64690
2023-05-15,45.5,8287,4.107,2036.3,71.07,64670
2023-05-16,45.5,8076,4.09,2036.3,70.85,65200
2023-05-17,45.5,8176,4.09,2036.3,72.78,64680
2023-05-18,45.5,8171.5,4.09,2036.3,71.82,66025
2023-05-19,45.5,8222,4.09,2036.3,71.57,65675
2023-05-20,45.5,8222,4.072,2036.3,71.57,65675
2023-05-21,45.5,8222,4.022,2036.3,71.57,65675
2023-05-22,45.5,8094,3.98,2036.3,71.81,65375
2023-05-23,46.2,7961,3.953,2036.3,72.87,65280
2023-05-24,46.2,7910,3.953,2036.3,74.37,64300
2023-05-25,46.2,7922,3.953,2036.3,71.68,63750
2023-05-26,46.2,8082,3.918,2036.3,72.35,64150
2023-05-27,46.2,8082,3.918,2036.3,72.35,64150
2023-05-28,46.2,8082,3.918,2036.3,72.35,64150
2023-05-29,46.2,8082,3.918,2036.3,72.35,65525
2023-05-30,46.2,8122,3.918,2036.3,69.45,65600
2023-05-31,46.2,8017,3.918,2036.3,68.11,65260
2023-06-01,44.6,8210.5,3.918,2036.3,70.09,65850
2023-06-02,44.6,8337,3.918,2036.3,71.76,66425
2023-06-03,44.6,8337,3.918,2036.3,71.76,66425
2023-06-04,44.6,8337,3.918,2036.3,71.76,66425
2023-06-05,44.6,8265,3.918,2036.3,72.14,66400
2023-06-06,44.6,8311,3.918,2036.3,71.71,67160
2023-06-07,44.6,8352,3.918,2036.3,72.52,67300
2023-06-08,44.6,8243,3.918,2036.3,71.28,67180
2023-06-09,44.6,8368,3.889,2036.3,70.16,67370
2023-06-10,44.6,8368,3.828,2036.3,70.16,67370
2023-06-11,44.6,8368,3.796,2036.3,70.16,67370
2023-06-12,44.6,8287,3.796,2047.9,67.08,67315
2023-06-13,44.6,8421.5,3.829,2047.9,69.39,67525
2023-06-14,44.6,8457,3.866,2047.9,68.22,68350
2023-06-15,44.6,8479,3.897,2047.9,70.61,68275
2023-06-16,44.6,8561,3.897,2047.9,71.81,68960
2023-06-17,44.6,8561,3.897,2047.9,71.81,68960
2023-06-18,44.6,8561,3.897,2047.9,71.81,68960
2023-06-19,44.6,8542,3.897,2047.9,71.81,69070
2023-06-20,44.6,8565,3.897,2047.9,70.94,69100
2023-06-21,44.6,8490,3.911,2047.9,72.55,69650
2023-06-22,44.6,8670.5,3.911,2047.9,69.22,69650
2023-06-23,44.8,8490,3.911,2047.9,68.91,69650
2023-06-24,44.8,8490,3.911,2047.9,68.91,69650
2023-06-25,44.8,8490,3.911,2047.9,68.91,69650
2023-06-26,44.8,8437,3.911,2047.9,69.09,69000
2023-06-27,44.8,8367,3.911,2047.9,67.68,68660
2023-06-28,44.8,8268,3.911,2047.9,69.54,68300
2023-06-29,44.8,8165.5,3.911,2047.9,69.85,68025
2023-06-30,44.8,8210,3.911,2047.9,70.66,68000
2023-07-01,44.8,8210,3.911,2047.9,70.66,68000
2023-07-02,44.8,8210,3.911,2047.9,70.66,68000
2023-07-03,43.6,8355,3.911,2047.9,69.71,69200
2023-07-04,43.6,8349,3.911,2047.9,69.71,68775
2023-07-05,43.6,8251,3.911,2047.9,71.78,68500
2023-07-06,43.6,8280,3.911,2047.9,71.76,68300
2023-07-07,43.6,8299,3.911,2047.9,73.91,68150
2023-07-08,43.6,8299,3.911,2047.9,73.91,68150
2023-07-09,43.6,8299,3.911,2047.9,73.91,68150
2023-07-10,43.6,8286,3.911,2047.9,73.05,68240
2023-07-11,43.6,8371,3.911,2047.9,74.87,68370
2023-07-12,43.6,8367,3.911,2046.4,75.77,68040
2023-07-13,43.6,8585,3.929,2046.4,76.86,68760
2023-07-14,43.6,8651,3.929,2046.4,75.44,69825
2023-07-15,43.6,8651,3.929,2046.4,75.44,69825
2023-07-16,43.6,8651,3.929,2046.4,75.44,69825
2023-07-17,43.6,8460.5,3.929,2046.4,74.17,69320
2023-07-18,43.6,8410,3.929,2046.4,75.76,68750
2023-07-19,43.6,8354,3.929,2046.4,75.4,68580
2023-07-20,43.6,8543,3.929,2046.4,75.65,68650
2023-07-21,43.6,8422,3.929,2046.4,77.06,68670
2023-07-22,43.6,8422,3.929,2046.4,77.06,68670
2023-07-23,43.6,8422,3.929,2046.4,77.06,68670
2023-07-24,43.5,8430,3.929,2046.4,78.81,68520
2023-07-25,43.5,8597,3.929,2046.4,79.76,68980
2023-07-26,43.5,8534,3.929,2046.4,79.11,69200
2023-07-27,43.5,8578.5,3.929,2046.4,80.17,69460
2023-07-28,43.5,8592,3.929,2046.4,80.55,68950
2023-07-29,43.5,8592,3.929,2046.4,80.55,68950
2023-07-30,43.5,8592,3.929,2046.4,80.55,68950
2023-07-31,43.5,8635.5,3.994,2046.4,81.8,69830
2023-08-01,42.7,8720.5,3.994,2046.4,81.37,70925
2023-08-02,42.7,8545,3.994,2046.4,79.5,69990
2023-08-03,42.7,8472,3.994,2046.4,81.56,69425
2023-08-04,42.7,8450.5,3.994,2046.4,82.76,69875
2023-08-05,42.7,8450.5,3.994,2046.4,82.76,69875
2023-08-06,42.7,8450.5,3.994,2046.4,82.76,69875
2023-08-07,42.7,8495,3.994,2046.4,81.94,69290
2023-08-08,42.7,8276,3.994,2046.4,82.94,69130
2023-08-09,42.7,8395,3.994,2046.4,84.35,68710
2023-08-10,42.7,8423.5,3.994,2046.4,82.81,68740
2023-08-11,42.7,8242,3.994,2046.4,83.17,68690
2023-08-12,42.7,8242,3.994,2014.5,83.17,68690
2023-08-13,42.7,8242,3.994,2014.5,83.17,68690
2023-08-14,42.7,8242,3.994,2014.5,82.5,68190
2023-08-15,42.7,8126.5,3.994,2014.5,81.06,68590
2023-08-16,42.7,8132,3.994,2014.5,79.4,68270
2023-08-17,42.7,8215,3.994,2014.5,80.43,68260
2023-08-18,42.7,8176,3.994,2014.5,81.25,68840
2023-08-19,42.7,8176,3.994,2014.5,81.25,68840
2023-08-20,42.7,8176,3.994,2014.5,81.25,68840
2023-08-21,42.7,8239.5,3.994,2014.5,80.71,68925
2023-08-22,42.7,8342,3.994,2014.5,80.25,68810
2023-08-23,42.6,8377.5,3.994,2014.5,78.91,69410
2023-08-24,42.6,8358.5,3.994,2014.5,79.52,69700
2023-08-25,42.6,8381.5,3.994,2014.5,80.47,69300
2023-08-26,42.6,8381.5,3.994,2014.5,80.47,69300
2023-08-27,42.6,8381.5,3.994,2014.5,80.47,69300
2023-08-28,42.6,8381.5,3.994,2014.5,80.65,69530
2023-08-29,42.6,8375,3.994,2014.5,81.14,69525
2023-08-30,42.6,8394.5,3.994,2014.5,81.64,69880
2023-08-31,42.6,8359.5,3.994,2014.5,83.55,70075
2023-09-01,43.7,8515,3.893,2014.5,85.52,70175
2023-09-02,43.7,8515,3.876,2014.5,85.52,70175
2023-09-03,43.7,8515,3.876,2014.5,85.52,70175
2023-09-04,43.7,8406,3.845,2014.5,85.52,70250
2023-09-05,43.7,8430,3.813,2014.5,86.74,69850
2023-09-06,43.7,8395,3.813,2014.5,87.55,69850
2023-09-07,43.7,8242.5,3.813,2014.5,86.87,69510
2023-09-08,43.7,8225,3.812,2014.5,87.51,69150
2023-09-09,43.7,8225,3.812,2014.5,87.51,69150
2023-09-10,43.7,8225,3.812,2014.5,87.51,69150
2023-09-11,43.7,8332.5,3.812,2014.5,87.3,69060
2023-09-12,43.7,8337.5,3.812,2014.5,88.87,69550
2023-09-13,43.7,8353,3.812,1969.8,88.59,69370
2023-09-14,43.7,8423,3.812,1969.8,90.13,69390
2023-09-15,43.7,8376.5,3.812,1969.8,90.83,69875
2023-09-16,43.7,8376.5,3.812,1969.8,90.83,69875
2023-09-17,43.7,8376.5,3.812,1969.8,90.83,69875
2023-09-18,43.7,8320,3.812,1969.8,91.47,69450
2023-09-19,43.7,8233.5,3.812,1969.8,91.16,68970
2023-09-20,43.7,8277,3.812,1969.8,89.2,68850
2023-09-21,43.7,8101,3.812,1969.8,89.56,68720
2023-09-22,44,8188,3.812,1969.8,90,68210
2023-09-23,44,8188,3.812,1969.8,90,68210
2023-09-24,44,8188,3.812,1969.8,90,68210
2023-09-25,44,8107,3.812,1969.8,89.68,68200
2023-09-26,44,8066,3.812,1969.8,91.43,67990
2023-09-27,44,8017,3.812,1969.8,93.67,67450
2023-09-28,44,8112,3.812,1969.8,91.65,67440
2023-09-29,44,8230.5,3.812,1969.8,90.77,67440
2023-09-30,44,8230.5,3.812,1969.8,90.77,67440
2023-10-01,44,8230.5,3.812,1969.8,90.77,67440
2023-10-02,43.4,8100.5,3.812,1969.8,88.81,67440
2023-10-03,43.4,7960,3.811,1969.8,89.26,67440
2023-10-04,43.4,7910.5,3.811,1969.8,84.32,67440
2023-10-05,43.4,7812.5,3.811,1969.8,82.3,67440
2023-10-06,43.4,7887,3.811,1969.8,82.83,67440
2023-10-07,43.4,7887,3.783,1969.8,82.83,67440
2023-10-08,43.4,7887,3.783,1969.8,82.83,67440
2023-10-09,43.4,8015.5,3.783,1969.8,82.83,67550
2023-10-10,43.4,7907.5,3.783,1969.8,85.89,67130
2023-10-11,43.4,7943.5,3.783,1937.7,83.7,66880
2023-10-12,43.4,7995,3.783,1937.7,82.87,66725
2023-10-13,43.4,7891,3.783,1937.7,87.67,66350
2023-10-14,43.4,7891,3.783,1937.7,87.67,66350
2023-10-15,43.4,7891,3.783,1937.7,87.67,66350
2023-10-16,43.4,7920,3.764,1937.7,86.65,66420
2023-10-17,43.4,7846.5,3.747,1937.7,86.66,66200
2023-10-18,43.4,7947.5,3.747,1937.7,88.35,66675
2023-10-19,43.4,7938,3.747,1937.7,89.35,66550
2023-10-20,43.4,7876,3.747,1937.7,89.12,66625
2023-10-21,43.4,7876,3.747,1937.7,89.12,66625
2023-10-22,43.4,7876,3.726,1937.7,89.12,66625
2023-10-23,43.4,7824.5,3.726,1937.7,85.49,66035
2023-10-24,43.7,7900.5,3.726,1937.7,84.58,66550
2023-10-25,43.7,7946,3.726,1937.7,86.07,67275
2023-10-26,43.7,7939,3.726,1937.7,83.8,66875
2023-10-27,43.7,7963.5,3.726,1937.7,86.04,66860
2023-10-28,43.7,7963.5,3.726,1937.7,86.04,66860
2023-10-29,43.7,7963.5,3.726,1937.7,86.04,66860
2023-10-30,43.7,8110,3.726,1937.7,83.03,67730
2023-10-31,43.7,8038,3.65,1937.7,81.64,67680
2023-11-01,43.7,8041,3.65,1937.7,81.05,67675
2023-11-02,43,8066,3.667,1937.7,83.04,67780
2023-11-03,43,8070.5,3.675,1937.7,81.19,68025
2023-11-04,43,8070.5,3.675,1937.7,81.19,68025
2023-11-05,43,8070.5,3.675,1937.7,81.19,68025
2023-11-06,43,8136.5,3.709,1937.7,81.54,67810
2023-11-07,43,8068,3.709,1937.7,77.96,68025
2023-11-08,43,8088,3.709,1937.7,75.85,67930
2023-11-09,43,8030.5,3.709,1937.7,76.34,67750
2023-11-10,43,8006,3.709,1937.7,76.34,67675
2023-11-11,43,8006,3.709,1937.7,76.34,67675
2023-11-12,43,8006,3.709,1993.7,76.34,67675
2023-11-13,43,8014.5,3.709,1993.7,78.86,67425
2023-11-14,43,8081,3.709,1993.7,78.9,67870
2023-11-15,43,8169,3.717,1993.7,77.15,68100
2023-11-16,43,8165.5,3.717,1993.7,73.5,68300
2023-11-17,43,8141,3.737,1993.7,76.47,68350
2023-11-18,43,8141,3.737,1993.7,76.47,68350
2023-11-19,43,8141,3.737,1993.7,76.47,68350
2023-11-20,43,8247,3.812,1993.7,78.1,68665
2023-11-21,43,8324,3.814,1993.7,78.35,68970
2023-11-22,43,8296,3.814,1993.7,76.8,68500
2023-11-23,43.4,8307.5,3.814,1993.7,76.8,68440
2023-11-24,43.4,8300,3.814,1993.7,74.83,68675
2023-11-25,43.4,8300,3.814,1993.7,74.83,68675
2023-11-26,43.4,8300,3.814,1993.7,74.83,68675
2023-11-27,43.4,8281,3.814,1993.7,74.46,68780
2023-11-28,43.4,8278,3.814,1993.7,76.09,68480
2023-11-29,43.4,8384,3.814,1993.7,77.56,68750
2023-11-30,43.4,8332,3.829,1993.7,75.66,68870
2023-12-01,43.8,8456,3.909,1993.7,73.7,69475
2023-12-02,43.8,8456,3.909,1993.7,73.7,69475
2023-12-03,43.8,8456,3.909,1993.7,73.7,69475
2023-12-04,43.8,8417,3.909,1993.7,72.73,69700
2023-12-05,43.8,8259,3.909,1993.7,71.95,68950
2023-12-06,43.8,8297,3.909,1993.7,68.98,68670
2023-12-07,43.8,8221,3.909,1993.7,69,68180
2023-12-08,43.8,8348,3.909,1993.7,70.87,68540
2023-12-09,43.8,8348,3.909,1993.7,70.87,68540
2023-12-10,43.8,8348,3.909,1993.7,70.87,68540
2023-12-11,43.8,8275.5,3.909,1993.7,70.95,68750
2023-12-12,43.8,8272,3.909,1983.9,68.27,68375
2023-12-13,43.8,8205,3.909,1988.1,69.09,68315
2023-12-14,43.8,8461.5,3.909,2035.2,71.21,68525
2023-12-15,44.6,8471,3.909,2026,71.05,69000
2023-12-16,44.6,8471,3.909,2026,71.05,69000
2023-12-17,44.6,8471,3.909,2026,71.05,69000
2023-12-18,44.6,8423,3.909,2030.9,72.16,68750
2023-12-19,44.6,8439,3.909,2042.6,73.23,68725
2023-12-20,44.6,8466.5,3.909,2038.1,73.87,69270
2023-12-21,44.6,8460,3.909,2041.8,73.59,69140
2023-12-22,44.6,8499,3.909,2059.6,73.29,69400
2023-12-23,44.6,8499,3.909,2059.6,73.29,69400
2023-12-24,44.6,8499,3.909,2059.6,73.29,69400
2023-12-25,44.6,8499,3.909,2066.65,73.29,69150
2023-12-26,44.6,8499,3.909,2060.4,75.84,69120
2023-12-27,44.6,8511.5,3.943,2083.4,74.31,69250
2023-12-28,44.6,8530,3.943,2083.5,72.02,69725
2023-12-29,44.6,8476,3.943,2071.8,71.89,69225
2023-12-30,44.6,8476,3.943,2071.8,71.89,69225
2023-12-31,44.6,8476,3.943,2071.8,71.89,69225
2024-01-01,44.6,8476,3.943,2072.9,71.89,69225
2024-01-02,44.2,8430,3.943,2071.1,70.62,69150
2024-01-03,44.2,8381,3.943,2095.7,72.97,68900
2024-01-04,44.2,8375,3.943,2095.7,72.38,68780
2024-01-05,44.2,8346.5,3.943,2095.7,74,68820
2024-01-06,44.2,8346.5,3.943,2095.7,74,68820
2024-01-07,44.2,8346.5,3.943,2095.7,74,68820
2024-01-08,44.2,8295,3.943,2095.7,71.06,68425
2024-01-09,44.2,8301.5,3.943,2095.7,72.43,68640
2024-01-10,44.2,8285,3.943,2095.7,71.57,68110
2024-01-11,44.2,8332,3.943,2095.7,72.15,68170
2024-01-12,44.2,8289,3.943,2095.7,72.94,68300
2024-01-13,44.2,8289,3.943,2095.7,72.94,68300
2024-01-14,44.2,8289,3.943,2095.7,72.94,68300
2024-01-15,44.2,8238.5,3.943,2095.7,72.94,68020
2024-01-16,44.2,8280,3.943,2095.7,72.63,68020
2024-01-17,44.2,8230,3.943,2095.7,72.79,67960
2024-01-18,44.2,8189,3.943,2095.7,74.32,67640
2024-01-19,44.2,8275,3.943,2095.7,73.69,67840
2024-01-20,44.2,8275,3.943,2095.7,73.69,67840
2024-01-21,44.2,8275,3.943,2095.7,73.69,67840
2024-01-22,44.2,8254.5,3.943,2095.7,75.26,68020
2024-01-23,44.2,8283.5,3.943,2095.7,74.72,67870
2024-01-24,44.8,8460,3.943,2095.7,75.48,68140
2024-01-25,44.8,8486,3.943,2095.7,77.91,68750
2024-01-26,44.8,8447,3.943,2095.7,78.45,68920
2024-01-27,44.8,8447,3.943,2095.7,78.45,68920
2024-01-28,44.8,8447,3.913,2095.7,78.45,68920
2024-01-29,44.8,8421,3.882,2095.7,77.25,68870
2024-01-30,44.8,8462,3.906,2095.7,78.3,68890
2024-01-31,44.8,8513,3.906,2095.7,76.28,69175
2024-02-01,46.6,8437,3.906,2095.7,74.36,69100
2024-02-02,46.6,8400,3.906,2095.7,72.72,68800
2024-02-03,46.6,8400,3.906,2095.7,72.72,68800
2024-02-04,46.6,8400,3.906,2053.7,72.72,68800
2024-02-05,46.6,8329,3.906,2053.7,73.21,68525
2024-02-06,46.6,8280,3.906,2053.7,73.83,67990
2024-02-07,46.6,8280.5,3.906,2053.7,74.26,67950
2024-02-08,46.6,8202,3.906,2053.7,76.67,67650
2024-02-09,46.6,8091.5,3.906,2053.7,77.26,67650
2024-02-10,46.6,8091.5,3.906,2053.7,77.26,67650
2024-02-11,46.6,8091.5,3.906,2053.7,77.26,67650
2024-02-12,46.6,8085.5,3.906,2053.7,77.34,67650
2024-02-13,46.6,8185,3.906,2007.2,78.28,67650
2024-02-14,46.6,8133.5,3.906,2004.3,77.09,67650
2024-02-15,46.6,8153,3.906,2014.9,78.47,67650
2024-02-16,46.6,8322,3.906,2024.1,79.65,67650
2024-02-17,46.6,8322,3.906,2024.1,79.65,67650
2024-02-18,46.6,8322,3.906,2025.75,79.65,67650
2024-02-19,46.6,8364.5,3.906,2027.5,79.65,68320
2024-02-20,46.6,8366.5,3.906,2039.8,78.72,68230
2024-02-21,46.6,8472,3.906,2034.3,78.89,68820
2024-02-22,47,8482,3.906,2030.7,79.64,68920
2024-02-23,47,8442.5,3.906,2039.4,77.6,69310
2024-02-24,47,8442.5,3.906,2039.4,77.6,69310
2024-02-25,47,8442.5,3.906,2039.4,77.6,69310
2024-02-26,47,8373,3.906,2029.1,78.53,69020
2024-02-27,47,8396.5,3.906,2034.4,79.8,68720
2024-02-28,47,8340.5,3.906,2042.7,79.44,68725
2024-02-29,47,8389,3.906,2054.7,79.22,68710
2024-03-01,46.1,8394,3.906,2054.7,80.9,68800
2024-03-02,46.1,8394,3.902,2054.7,80.9,68800
2024-03-03,46.1,8394,3.897,2054.7,80.9,68800
2024-03-04,46.1,8437,3.897,2054.7,79.67,68865
