Date,Price_PMI,Price_LME,Price_COMEX,Price_Gold,Price_Oil,Price_SHMET
2018-12-30,51.9,6018.0,2.8,1283.0,45.15,48205.0
2018-12-31,51.9,5965.0,2.8,1281.3,45.15,48205.0
2019-01-01,51.9,5965.0,2.8,1281.3,45.15,48205.0
2019-01-02,51.4,5839.0,2.8,1322.1,46.31,47990.0
2019-01-03,51.4,5811.0,2.8,1299.2,46.92,47320.0
2019-01-04,51.4,5840.0,2.768,1294.2,47.76,46880.0
2019-01-05,51.4,5840.0,2.768,1284.2,47.76,46880.0
2019-01-06,51.4,5840.0,2.768,1284.2,47.76,46880.0
2019-01-07,51.4,5889.5,2.768,1389.3,48.27,46780.0
2019-01-08,51.4,5904.5,2.768,1432.4,49.58,47430.0
2019-01-09,51.4,5964.0,2.768,1432.4,52.19,47585.0
2019-01-10,51.4,5908.5,2.768,1489.0,52.42,47390.0
2019-01-11,51.4,5926.5,2.768,1511.4,51.44,47390.0
2019-01-12,51.4,5926.5,2.768,1511.4,51.44,47390.0
2019-01-13,51.4,5926.5,2.763,1511.4,51.44,47390.0
2019-01-14,51.4,5861.0,2.76,1511.4,50.31,47160.0
2019-01-15,51.4,5882.0,2.753,1511.4,51.8,47160.0
2019-01-16,51.4,5911.0,2.753,1511.4,52.08,47195.0
2019-01-17,51.4,5933.0,2.753,1511.4,51.83,47195.0
2019-01-18,51.4,6022.0,2.741,1511.4,53.6,47195.0
2019-01-19,51.4,6022.0,2.741,1511.4,53.6,47195.0
2019-01-20,51.4,6022.0,2.741,1511.4,53.6,47195.0
2019-01-21,51.4,5951.5,2.741,1511.4,53.6,47195.0
2019-01-22,51.4,5926.5,2.741,1511.4,52.59,47195.0
2019-01-23,51.4,5920.5,2.741,1511.4,52.44,47195.0
2019-01-24,51.5,5885.0,2.741,1511.4,52.94,47150.0
2019-01-25,51.5,5901.0,2.741,1511.4,53.53,47165.0
2019-01-26,51.5,5901.0,2.741,1511.4,53.53,47165.0
2019-01-27,51.5,5901.0,2.741,1511.4,53.53,47165.0
2019-01-28,51.5,5996.0,2.741,1511.4,51.79,47165.0
2019-01-29,51.5,6007.0,2.741,1511.4,53.07,47230.0
2019-01-30,51.5,6077.0,2.773,1511.4,54.18,47440.0
2019-01-31,51.5,6148.0,2.789,1511.4,53.84,47725.0
2019-02-01,50.5,6097.5,2.789,1511.4,55.29,47710.0
2019-02-02,50.5,6097.5,2.789,1511.4,55.29,47710.0
2019-02-03,50.5,6097.5,2.789,1511.4,55.29,47710.0
2019-02-04,50.5,6076.5,2.795,1511.4,54.57,47710.0
2019-02-05,50.5,6174.0,2.817,1511.4,53.69,47710.0
2019-02-06,50.5,6210.0,2.836,1511.4,53.94,47710.0
2019-02-07,50.5,6227.0,2.836,1511.4,52.68,47710.0
2019-02-08,50.5,6207.0,2.836,1511.4,52.75,47710.0
2019-02-09,50.5,6207.0,2.836,1511.4,52.75,47710.0
2019-02-10,50.5,6207.0,2.836,1511.4,52.75,47710.0
2019-02-11,50.5,6148.0,2.836,1511.4,52.43,48125.0
2019-02-12,50.5,6102.0,2.836,1469.2,53.14,48035.0
2019-02-13,50.5,6120.0,2.836,1469.2,53.84,47820.0
2019-02-14,50.5,6178.5,2.836,1469.2,54.4,47940.0
2019-02-15,50.5,6190.0,2.836,1469.2,55.58,48065.0
2019-02-16,50.5,6190.0,2.836,1469.2,55.58,48065.0
2019-02-17,50.5,6190.0,2.836,1469.2,55.58,48065.0
2019-02-18,50.5,6269.5,2.836,1469.2,55.58,48390.0
2019-02-19,50.5,6246.5,2.881,1469.2,56.12,48925.0
2019-02-20,50.5,6351.5,2.93,1469.2,56.9,49310.0
2019-02-21,50.3,6391.0,2.93,1469.2,56.95,49420.0
2019-02-22,50.3,6489.0,2.961,1469.2,57.01,49295.0
2019-02-23,50.3,6489.0,2.961,1469.2,57.01,49295.0
2019-02-24,50.3,6489.0,2.961,1469.2,57.01,49295.0
2019-02-25,50.3,6546.0,2.961,1469.2,55.32,49895.0
2019-02-26,50.3,6471.0,2.961,1469.2,55.4,49720.0
2019-02-27,50.3,6533.0,2.961,1469.2,56.92,49805.0
2019-02-28,50.3,6536.0,2.961,1469.2,57.21,49915.0
2019-03-01,49.2,6572.0,2.961,1469.2,55.76,49915.0
2019-03-02,49.2,6572.0,2.961,1469.2,55.76,49915.0
2019-03-03,49.2,6572.0,2.961,1469.2,55.76,49915.0
2019-03-04,49.2,6420.0,2.961,1469.2,56.6,49970.0
2019-03-05,49.2,6553.5,2.961,1469.2,56.55,50110.0
2019-03-06,49.2,6505.0,2.961,1469.2,56.22,49905.0
2019-03-07,49.2,6458.0,2.961,1469.2,56.6,49795.0
2019-03-08,49.2,6398.5,2.961,1469.2,55.77,49620.0
2019-03-09,49.2,6398.5,2.961,1469.2,55.77,49620.0
2019-03-10,49.2,6398.5,2.961,1469.2,55.77,49620.0
2019-03-11,49.2,6435.0,2.961,1469.2,56.79,49580.0
2019-03-12,49.2,6510.0,2.961,1484.4,56.89,49810.0
2019-03-13,49.2,6529.0,2.961,1484.4,58.27,49940.0
2019-03-14,49.2,6409.0,2.961,1484.4,58.59,49840.0
2019-03-15,49.2,6410.0,2.961,1484.4,58.51,49625.0
2019-03-16,49.2,6410.0,2.961,1484.4,58.51,49625.0
2019-03-17,49.2,6410.0,2.961,1484.4,58.51,49625.0
2019-03-18,49.2,6492.0,2.961,1484.4,59.09,50085.0
2019-03-19,49.2,6500.0,2.961,1484.4,59.12,50040.0
2019-03-20,49.2,6487.0,2.961,1484.4,60.12,50075.0
2019-03-21,49.2,6520.0,2.961,1484.4,59.98,50200.0
2019-03-22,49.5,6375.0,2.961,1484.4,58.87,49930.0
2019-03-23,49.5,6375.0,2.961,1484.4,58.87,49930.0
2019-03-24,49.5,6375.0,2.961,1484.4,58.87,49930.0
2019-03-25,49.5,6328.0,2.961,1484.4,58.71,49330.0
2019-03-26,49.5,6361.0,2.959,1484.4,59.87,49210.0
2019-03-27,49.5,6338.5,2.959,1484.4,59.39,49325.0
2019-03-28,49.5,6385.0,2.959,1484.4,59.29,49360.0
2019-03-29,49.5,6485.0,2.959,1484.4,60.19,49785.0
2019-03-30,49.5,6485.0,2.959,1484.4,60.19,49785.0
2019-03-31,49.5,6485.0,2.95,1484.4,60.19,49785.0
2019-04-01,47.6,6498.0,2.936,1484.4,61.59,49225.0
2019-04-02,47.6,6431.0,2.936,1484.4,62.53,49160.0
2019-04-03,47.6,6483.0,2.946,1484.4,62.46,49185.0
2019-04-04,47.6,6444.0,2.946,1484.4,62.12,49515.0
2019-04-05,47.6,6419.0,2.946,1484.4,63.1,49515.0
2019-04-06,47.6,6419.0,2.946,1484.4,63.1,49515.0
2019-04-07,47.6,6419.0,2.946,1484.4,63.1,49515.0
2019-04-08,47.6,6432.5,2.946,1484.4,64.37,49280.0
2019-04-09,47.6,6498.0,2.946,1484.4,64.05,49385.0
2019-04-10,47.6,6447.0,2.946,1484.4,64.62,49435.0
2019-04-11,47.6,6432.5,2.946,1484.4,63.61,49290.0
2019-04-12,47.6,6490.0,2.946,1480.2,63.86,49055.0
2019-04-13,47.6,6490.0,2.946,1480.2,63.86,49055.0
2019-04-14,47.6,6490.0,2.946,1480.2,63.86,49055.0
2019-04-15,47.6,6456.0,2.946,1480.2,63.43,49460.0
2019-04-16,47.6,6460.0,2.946,1480.2,64.01,49375.0
2019-04-17,47.6,6509.0,2.975,1480.2,63.74,49550.0
2019-04-18,47.9,6448.0,2.975,1480.2,64.02,49610.0
2019-04-19,47.9,6448.0,2.975,1480.2,64.02,49450.0
2019-04-20,47.9,6448.0,2.975,1480.2,64.02,49450.0
2019-04-21,47.9,6448.0,2.975,1480.2,64.02,49450.0
2019-04-22,47.9,6448.0,2.975,1480.2,65.66,49450.0
2019-04-23,47.9,6430.0,2.975,1480.2,66.24,49185.0
2019-04-24,47.9,6437.5,2.975,1480.2,65.96,49055.0
2019-04-25,47.9,6375.5,2.975,1480.2,65.23,49240.0
2019-04-26,47.9,6393.0,2.975,1480.2,63.29,48830.0
2019-04-27,47.9,6393.0,2.975,1480.2,63.29,48830.0
2019-04-28,47.9,6393.0,2.975,1480.2,63.29,48830.0
2019-04-29,47.9,6376.0,2.975,1480.2,63.39,48835.0
2019-04-30,47.9,6442.0,2.975,1480.2,63.83,48905.0
2019-05-01,47.9,6398.0,2.975,1480.2,63.55,48905.0
2019-05-02,47.8,6214.0,2.975,1480.2,61.75,48905.0
2019-05-03,47.8,6180.0,2.975,1480.2,61.98,48905.0
2019-05-04,47.8,6180.0,2.975,1480.2,61.98,48905.0
2019-05-05,47.8,6180.0,2.975,1480.2,61.98,48905.0
2019-05-06,47.8,6180.0,2.975,1480.2,62.3,47990.0
2019-05-07,47.8,6174.0,2.975,1480.2,61.41,48375.0
2019-05-08,47.8,6103.0,2.975,1480.2,62.13,47960.0
2019-05-09,47.8,6112.0,2.975,1480.2,61.58,47610.0
2019-05-10,47.8,6135.5,2.975,1480.2,61.65,47925.0
2019-05-11,47.8,6135.5,2.975,1480.2,61.65,47925.0
2019-05-12,47.8,6135.5,2.975,1483.1,61.65,47925.0
2019-05-13,47.8,6042.5,2.975,1483.1,60.97,47645.0
2019-05-14,47.8,6007.0,2.975,1483.1,61.82,47525.0
2019-05-15,47.8,6002.0,2.975,1483.1,62.03,47620.0
2019-05-16,47.8,6089.0,2.975,1483.1,62.93,47810.0
2019-05-17,47.8,6025.0,2.975,1483.1,62.77,47915.0
2019-05-18,47.8,6025.0,2.975,1483.1,62.77,47915.0
2019-05-19,47.8,6025.0,2.97,1483.1,62.77,47915.0
2019-05-20,47.8,5985.0,2.97,1483.1,63.12,47780.0
2019-05-21,47.8,6004.0,2.97,1483.1,63.02,47785.0
2019-05-22,47.8,5920.0,2.97,1483.1,61.42,47510.0
2019-05-23,48.1,5860.0,2.97,1483.1,57.65,46825.0
2019-05-24,48.1,5919.0,2.97,1483.1,58.4,47040.0
2019-05-25,48.1,5919.0,2.97,1483.1,58.4,47040.0
2019-05-26,48.1,5919.0,2.97,1483.1,58.4,47040.0
2019-05-27,48.1,5919.0,2.97,1483.1,58.4,47105.0
2019-05-28,48.1,5956.5,2.901,1483.1,58.91,47225.0
2019-05-29,48.1,5864.5,2.901,1483.1,58.84,47010.0
2019-05-30,48.1,5823.0,2.901,1483.1,56.47,46700.0
2019-05-31,48.1,5780.5,2.901,1483.1,53.49,46480.0
2019-06-01,48.1,5780.5,2.837,1483.1,53.49,46480.0
2019-06-02,48.1,5780.5,2.837,1483.1,53.49,46480.0
2019-06-03,47.7,5796.0,2.837,1483.1,53.25,46200.0
2019-06-04,47.7,5804.0,2.837,1483.1,53.5,46340.0
2019-06-05,47.7,5832.5,2.837,1483.1,51.57,46625.0
2019-06-06,47.7,5805.0,2.837,1483.1,52.59,46060.0
2019-06-07,47.7,5770.0,2.794,1483.1,53.95,46060.0
2019-06-08,47.7,5770.0,2.785,1483.1,53.95,46060.0
2019-06-09,47.7,5770.0,2.785,1483.1,53.95,46060.0
2019-06-10,47.7,5788.0,2.785,1483.1,53.33,46285.0
2019-06-11,47.7,5905.0,2.759,1483.1,53.3,46760.0
2019-06-12,47.7,5828.5,2.759,1465.1,51.13,46635.0
2019-06-13,47.7,5797.5,2.759,1465.1,52.38,46355.0
2019-06-14,47.7,5805.5,2.759,1465.1,52.47,46475.0
2019-06-15,47.7,5805.5,2.759,1465.1,52.47,46475.0
2019-06-16,47.7,5805.5,2.759,1465.1,52.47,46475.0
2019-06-17,47.7,5756.0,2.748,1465.1,51.94,46135.0
2019-06-18,47.7,5848.5,2.736,1465.1,53.86,46375.0
2019-06-19,47.7,5895.0,2.736,1465.1,53.74,46890.0
2019-06-20,47.7,5962.0,2.736,1465.1,56.88,46850.0
2019-06-21,48.0,5941.0,2.724,1465.1,57.35,46885.0
2019-06-22,48.0,5941.0,2.716,1465.1,57.35,46885.0
2019-06-23,48.0,5941.0,2.716,1465.1,57.35,46885.0
2019-06-24,48.0,5917.0,2.716,1465.1,57.73,46840.0
2019-06-25,48.0,5985.5,2.736,1465.1,57.63,46955.0
2019-06-26,48.0,6006.0,2.736,1465.1,59.17,47280.0
2019-06-27,48.0,5953.5,2.736,1465.1,59.18,47075.0
2019-06-28,48.0,5972.0,2.736,1465.1,58.2,47055.0
2019-06-29,48.0,5972.0,2.736,1465.1,58.2,47055.0
2019-06-30,48.0,5972.0,2.736,1465.1,58.2,47055.0
2019-07-01,47.8,5999.0,2.736,1465.1,58.91,47315.0
2019-07-02,47.8,5910.0,2.736,1465.1,56.0,46640.0
2019-07-03,47.8,5874.0,2.736,1465.1,57.06,46425.0
2019-07-04,47.8,5900.0,2.736,1465.1,57.06,46540.0
2019-07-05,47.8,5857.0,2.736,1465.1,57.06,46450.0
2019-07-06,47.8,5857.0,2.736,1465.1,57.06,46450.0
2019-07-07,47.8,5857.0,2.736,1465.1,57.06,46450.0
2019-07-08,47.8,5912.0,2.736,1465.1,57.35,46430.0
2019-07-09,47.8,5805.0,2.736,1465.1,57.57,46205.0
2019-07-10,47.8,5862.5,2.736,1465.1,60.28,45890.0
2019-07-11,47.8,5925.0,2.736,1465.1,59.93,46540.0
2019-07-12,47.8,5950.0,2.736,1465.1,59.99,46645.0
2019-07-13,47.8,5950.0,2.736,1465.1,59.99,46645.0
2019-07-14,47.8,5950.0,2.736,1466.4,59.99,46645.0
2019-07-15,47.8,5997.5,2.736,1466.4,59.3,46735.0
2019-07-16,47.8,5959.0,2.736,1466.4,57.44,46875.0
2019-07-17,47.8,5922.0,2.736,1466.4,56.5,46865.0
2019-07-18,47.8,5948.0,2.736,1466.4,55.08,46785.0
2019-07-19,47.8,6066.0,2.744,1466.4,55.42,47620.0
2019-07-20,47.8,6066.0,2.744,1466.4,55.42,47620.0
2019-07-21,47.8,6066.0,2.744,1466.4,55.42,47620.0
2019-07-22,47.8,6007.5,2.744,1466.4,55.87,47615.0
2019-07-23,47.8,5968.5,2.744,1466.4,56.58,47295.0
2019-07-24,47.6,5980.0,2.744,1466.4,55.9,46990.0
2019-07-25,47.6,6010.0,2.744,1466.4,55.88,47010.0
2019-07-26,47.6,5945.0,2.744,1466.4,56.04,46965.0
2019-07-27,47.6,5945.0,2.744,1466.4,56.04,46965.0
2019-07-28,47.6,5945.0,2.744,1466.4,56.04,46965.0
2019-07-29,47.6,5949.5,2.744,1466.4,56.85,46915.0
2019-07-30,47.6,5943.0,2.744,1466.4,58.04,47290.0
2019-07-31,47.6,5926.0,2.744,1466.4,58.53,46850.0
2019-08-01,46.4,5876.0,2.744,1466.4,53.64,46650.0
2019-08-02,46.4,5769.0,2.744,1466.4,55.67,46430.0
2019-08-03,46.4,5769.0,2.744,1466.4,55.67,46430.0
2019-08-04,46.4,5769.0,2.744,1466.4,55.67,46430.0
2019-08-05,46.4,5647.0,2.744,1466.4,54.63,45970.0
2019-08-06,46.4,5667.0,2.744,1466.4,53.6,46105.0
2019-08-07,46.4,5673.5,2.744,1466.4,51.14,46170.0
2019-08-08,46.4,5723.0,2.744,1466.4,52.6,46480.0
2019-08-09,46.4,5744.0,2.744,1466.4,54.41,46605.0
2019-08-10,46.4,5744.0,2.744,1466.4,54.41,46605.0
2019-08-11,46.4,5744.0,2.744,1462.9,54.41,46605.0
2019-08-12,46.4,5724.5,2.744,1462.9,54.98,46580.0
2019-08-13,46.4,5697.0,2.744,1462.9,57.05,46545.0
2019-08-14,46.4,5732.0,2.744,1462.9,55.16,46650.0
2019-08-15,46.4,5696.5,2.744,1462.9,54.51,46350.0
2019-08-16,46.4,5710.0,2.744,1462.9,54.83,46455.0
2019-08-17,46.4,5710.0,2.744,1462.9,54.83,46455.0
2019-08-18,46.4,5710.0,2.744,1462.9,54.83,46455.0
2019-08-19,46.4,5755.5,2.744,1462.9,56.24,46485.0
2019-08-20,46.4,5698.0,2.715,1462.9,56.18,46665.0
2019-08-21,46.4,5696.5,2.715,1462.9,55.65,46400.0
2019-08-22,46.3,5668.0,2.715,1462.9,55.33,46425.0
2019-08-23,46.3,5675.0,2.709,1462.9,54.08,46325.0
2019-08-24,46.3,5675.0,2.709,1462.9,54.08,46325.0
2019-08-25,46.3,5675.0,2.709,1462.9,54.08,46325.0
2019-08-26,46.3,5675.0,2.709,1462.9,53.54,46040.0
2019-08-27,46.3,5662.0,2.709,1462.9,54.99,46440.0
2019-08-28,46.3,5653.0,2.709,1462.9,55.76,46585.0
2019-08-29,46.3,5722.0,2.709,1462.9,56.67,46640.0
2019-08-30,46.3,5678.0,2.671,1462.9,55.07,46720.0
2019-08-31,46.3,5678.0,2.66,1462.9,55.07,46720.0
2019-09-01,46.3,5678.0,2.66,1462.9,55.07,46720.0
2019-09-02,47.0,5610.5,2.624,1462.9,55.07,46640.0
2019-09-03,47.0,5537.0,2.624,1462.9,53.91,46495.0
2019-09-04,47.0,5663.0,2.624,1462.9,56.22,46335.0
2019-09-05,47.0,5777.0,2.624,1462.9,56.33,47125.0
2019-09-06,47.0,5787.5,2.624,1462.9,56.45,47525.0
2019-09-07,47.0,5787.5,2.624,1462.9,56.45,47525.0
2019-09-08,47.0,5787.5,2.624,1462.9,56.45,47525.0
2019-09-09,47.0,5771.0,2.624,1462.9,57.88,47375.0
2019-09-10,47.0,5738.0,2.624,1462.9,57.37,47475.0
2019-09-11,47.0,5765.0,2.624,1462.9,55.66,47295.0
2019-09-12,47.0,5842.5,2.624,1464.9,55.13,47390.0
2019-09-13,47.0,5870.0,2.681,1464.9,54.76,47390.0
2019-09-14,47.0,5870.0,2.681,1464.9,54.76,47390.0
2019-09-15,47.0,5870.0,2.681,1464.9,54.76,47390.0
2019-09-16,47.0,5877.0,2.681,1464.9,63.1,47810.0
2019-09-17,47.0,5762.0,2.681,1464.9,59.26,47510.0
2019-09-18,47.0,5745.0,2.681,1464.9,58.19,47500.0
2019-09-19,47.0,5758.5,2.681,1464.9,58.19,47460.0
2019-09-20,47.0,5777.5,2.681,1464.9,57.92,47390.0
2019-09-21,47.0,5777.5,2.681,1464.9,57.92,47390.0
2019-09-22,47.0,5777.5,2.681,1464.9,57.92,47390.0
2019-09-23,47.3,5695.0,2.681,1464.9,58.69,47310.0
2019-09-24,47.3,5761.0,2.681,1464.9,57.22,47310.0
2019-09-25,47.3,5718.5,2.681,1464.9,56.38,47210.0
2019-09-26,47.3,5757.0,2.681,1464.9,56.24,47235.0
2019-09-27,47.3,5714.0,2.681,1464.9,55.95,46770.0
2019-09-28,47.3,5714.0,2.681,1464.9,55.95,46770.0
2019-09-29,47.3,5714.0,2.681,1464.9,55.95,46770.0
2019-09-30,47.3,5728.0,2.681,1464.9,54.09,47325.0
2019-10-01,45.6,5610.0,2.681,1464.9,53.6,47325.0
2019-10-02,45.6,5629.0,2.681,1464.9,52.67,47325.0
2019-10-03,45.6,5626.0,2.681,1464.9,52.41,47325.0
2019-10-04,45.6,5599.0,2.681,1464.9,52.84,47325.0
2019-10-05,45.6,5599.0,2.681,1464.9,52.84,47325.0
2019-10-06,45.6,5599.0,2.681,1464.9,52.84,47325.0
2019-10-07,45.6,5626.0,2.681,1464.9,52.76,47325.0
2019-10-08,45.6,5650.5,2.681,1464.9,52.64,47035.0
2019-10-09,45.6,5660.0,2.681,1464.9,52.63,46775.0
2019-10-10,45.6,5698.5,2.681,1464.9,53.57,46735.0
2019-10-11,45.6,5763.0,2.681,1464.9,54.76,47055.0
2019-10-12,45.6,5763.0,2.681,1468.1,54.76,47055.0
2019-10-13,45.6,5763.0,2.681,1468.1,54.76,47055.0
2019-10-14,45.6,5718.5,2.681,1468.1,53.57,47080.0
2019-10-15,45.6,5745.0,2.623,1468.1,52.81,46990.0
2019-10-16,45.6,5684.0,2.623,1468.1,53.42,46910.0
2019-10-17,45.6,5726.5,2.623,1468.1,53.89,46690.0
2019-10-18,45.6,5751.0,2.625,1468.1,53.75,46735.0
2019-10-19,45.6,5751.0,2.625,1468.1,53.75,46735.0
2019-10-20,45.6,5751.0,2.625,1468.1,53.75,46735.0
2019-10-21,45.6,5820.0,2.635,1468.1,53.28,47185.0
2019-10-22,45.6,5794.0,2.635,1468.1,54.21,47180.0
2019-10-23,45.6,5773.0,2.663,1468.1,55.9,47040.0
2019-10-24,46.1,5869.0,2.663,1468.1,56.11,47385.0
2019-10-25,46.1,5867.5,2.667,1468.1,56.52,47220.0
2019-10-26,46.1,5867.5,2.667,1468.1,56.52,47220.0
2019-10-27,46.1,5867.5,2.667,1468.1,56.52,47220.0
2019-10-28,46.1,5888.5,2.672,1468.1,55.6,47365.0
2019-10-29,46.1,5879.5,2.683,1468.1,55.34,47345.0
2019-10-30,46.1,5883.0,2.683,1468.1,54.85,47405.0
2019-10-31,46.1,5825.0,2.683,1468.1,54.02,47200.0
2019-11-01,46.1,5797.0,2.683,1468.1,56.04,46945.0
2019-11-02,46.1,5797.0,2.683,1468.1,56.04,46945.0
2019-11-03,46.1,5797.0,2.683,1468.1,56.04,46945.0
2019-11-04,45.7,5846.5,2.683,1468.1,56.33,47030.0
2019-11-05,45.7,5880.0,2.695,1468.1,57.04,47185.0
2019-11-06,45.7,5913.5,2.695,1468.1,56.15,47335.0
2019-11-07,45.7,5941.0,2.724,1468.1,56.91,47120.0
2019-11-08,45.7,5951.5,2.724,1468.1,57.02,47370.0
2019-11-09,45.7,5951.5,2.724,1468.1,57.02,47370.0
2019-11-10,45.7,5951.5,2.724,1468.1,57.02,47370.0
2019-11-11,45.7,5857.0,2.724,1468.1,57.02,47170.0
2019-11-12,45.7,5838.0,2.724,1475.0,56.67,47135.0
2019-11-13,45.7,5823.0,2.724,1475.0,56.88,47050.0
2019-11-14,45.7,5835.0,2.724,1475.0,56.57,47035.0
2019-11-15,45.7,5812.0,2.724,1475.0,57.54,46945.0
2019-11-16,45.7,5812.0,2.724,1475.0,57.54,46945.0
2019-11-17,45.7,5812.0,2.724,1475.0,57.54,46945.0
2019-11-18,45.7,5828.0,2.724,1475.0,56.82,47025.0
2019-11-19,45.7,5821.5,2.724,1475.0,54.93,46950.0
2019-11-20,45.7,5873.0,2.724,1475.0,56.71,47190.0
2019-11-21,45.7,5813.0,2.724,1475.0,58.36,47065.0
2019-11-22,45.7,5834.0,2.724,1475.0,57.68,46925.0
2019-11-23,46.4,5834.0,2.724,1475.0,57.68,46925.0
2019-11-24,46.4,5834.0,2.724,1475.0,57.68,46925.0
2019-11-25,46.4,5872.5,2.724,1475.0,57.79,47160.0
2019-11-26,46.4,5856.0,2.724,1475.0,58.25,47110.0
2019-11-27,46.4,5925.5,2.724,1475.0,58.12,47340.0
2019-11-28,46.4,5881.5,2.724,1475.0,58.12,47350.0
2019-11-29,46.4,5854.0,2.724,1475.0,58.12,47300.0
2019-11-30,46.4,5854.0,2.724,1475.0,58.12,47300.0
2019-12-01,46.6,5854.0,2.724,1475.0,58.12,47300.0
2019-12-02,46.6,5855.5,2.724,1475.0,55.97,47340.0
2019-12-03,46.6,5812.0,2.724,1475.0,56.15,47145.0
2019-12-04,46.6,5823.0,2.724,1475.0,58.46,47095.0
2019-12-05,46.6,5855.0,2.724,1475.0,58.42,47285.0
2019-12-06,46.6,5867.5,2.724,1475.0,59.2,47380.0
2019-12-07,46.6,5867.5,2.724,1475.0,59.2,47380.0
2019-12-08,46.6,5867.5,2.724,1475.0,59.2,47380.0
2019-12-09,46.6,5985.0,2.747,1475.0,58.99,48150.0
2019-12-10,46.6,6055.0,2.756,1475.0,59.22,48430.0
2019-12-11,46.6,6083.0,2.783,1475.0,58.74,48480.0
2019-12-12,46.6,6097.0,2.789,1472.3,59.18,48920.0
2019-12-13,46.6,6154.0,2.789,1481.2,60.11,48940.0
2019-12-14,46.6,6154.0,2.789,1481.2,60.11,48940.0
2019-12-15,46.6,6154.0,2.789,1481.2,60.11,48940.0
2019-12-16,47.3,6155.5,2.821,1480.5,60.21,48690.0
2019-12-17,47.3,6175.0,2.821,1480.6,60.88,49000.0
2019-12-18,47.3,6126.5,2.821,1478.7,60.93,49020.0
2019-12-19,47.3,6161.0,2.832,1484.4,61.3,48840.0
2019-12-20,47.3,6155.5,2.832,1480.9,60.43,49070.0
2019-12-21,47.3,6155.5,2.832,1480.9,60.43,49070.0
2019-12-22,47.3,6155.5,2.832,1480.9,60.43,49070.0
2019-12-23,47.3,6153.0,2.832,1488.7,60.51,48805.0
2019-12-24,47.3,6184.5,2.838,1504.8,61.17,48920.0
2019-12-25,47.3,6184.5,2.838,1504.8,61.17,49275.0
2019-12-26,47.3,6184.5,2.865,1514.4,61.72,49350.0
2019-12-27,47.3,6211.0,2.865,1518.1,61.76,49425.0
2019-12-28,47.3,6211.0,2.865,1518.1,61.76,49425.0
2019-12-29,47.3,6211.0,2.865,1518.1,61.76,49425.0
2019-12-30,47.3,6183.5,2.865,1518.6,61.66,49215.0
2019-12-31,47.3,6156.0,2.865,1523.1,61.14,49035.0
2020-01-01,47.3,6156.0,2.865,1523.1,61.14,49035.0
2020-01-02,45.9,6165.5,2.865,1523.1,61.17,49100.0
2020-01-03,45.9,6077.0,2.865,1523.1,63.0,48930.0
2020-01-04,45.9,6077.0,2.865,1591.4,63.0,48930.0
2020-01-05,45.9,6077.0,2.865,1700.9,63.0,48930.0
2020-01-06,45.9,6097.5,2.865,1750.3,63.27,48715.0
2020-01-07,45.9,6134.5,2.865,1779.9,62.7,48780.0
2020-01-08,45.9,6154.0,2.865,1779.9,59.65,48680.0
2020-01-09,45.9,6156.0,2.865,1978.9,59.56,48760.0
2020-01-10,45.9,6157.0,2.865,1916.3,59.02,48605.0
2020-01-11,45.9,6157.0,2.865,1916.3,59.02,48605.0
2020-01-12,45.9,6157.0,2.865,1818.9,59.02,48605.0
2020-01-13,45.9,6177.0,2.865,1818.9,58.17,48600.0
2020-01-14,45.9,6247.0,2.876,1818.9,58.34,48990.0
2020-01-15,45.9,6232.0,2.876,1818.9,57.86,49060.0
2020-01-16,45.9,6300.5,2.876,1818.9,58.52,48950.0
2020-01-17,45.9,6276.5,2.876,1818.9,58.55,48930.0
2020-01-18,45.9,6276.5,2.876,1818.9,58.55,48930.0
2020-01-19,45.9,6276.5,2.876,1818.9,58.55,48930.0
2020-01-20,45.9,6245.0,2.876,1818.9,58.55,48850.0
2020-01-21,45.9,6158.5,2.876,1818.9,58.25,48425.0
2020-01-22,45.9,6103.5,2.876,1818.9,56.76,48235.0
2020-01-23,45.9,6050.0,2.876,1818.9,55.51,47995.0
2020-01-24,46.8,5968.0,2.876,1818.9,54.09,47995.0
2020-01-25,46.8,5968.0,2.876,1818.9,54.09,47995.0
2020-01-26,46.8,5968.0,2.876,1818.9,54.09,47995.0
2020-01-27,46.8,5779.0,2.876,1818.9,53.09,47995.0
2020-01-28,46.8,5715.0,2.876,1818.9,53.33,47995.0
2020-01-29,46.8,5698.0,2.876,1818.9,53.29,47995.0
2020-01-30,46.8,5621.0,2.876,1818.9,52.19,47995.0
2020-01-31,46.8,5570.0,2.876,1818.9,51.58,47995.0
2020-02-01,46.8,5570.0,2.876,1818.9,51.58,47995.0
2020-02-02,46.8,5570.0,2.876,1818.9,51.58,47995.0
2020-02-03,47.8,5595.0,2.876,1818.9,50.06,44900.0
2020-02-04,47.8,5652.0,2.876,1818.9,49.59,44940.0
2020-02-05,47.8,5714.0,2.876,1818.9,50.87,45230.0
2020-02-06,47.8,5726.0,2.876,1818.9,50.94,45795.0
2020-02-07,47.8,5653.0,2.876,1818.9,50.34,45590.0
2020-02-08,47.8,5653.0,2.876,1818.9,50.34,45590.0
2020-02-09,47.8,5653.0,2.876,1818.9,50.34,45590.0
2020-02-10,47.8,5659.5,2.876,1818.9,49.59,45315.0
2020-02-11,47.8,5696.0,2.876,1818.9,50.0,45370.0
2020-02-12,47.8,5747.0,2.876,1830.2,51.13,45385.0
2020-02-13,47.8,5716.0,2.876,1830.2,51.41,45490.0
2020-02-14,47.8,5737.0,2.876,1830.2,52.03,45655.0
2020-02-15,47.8,5737.0,2.87,1830.2,52.03,45655.0
2020-02-16,47.8,5737.0,2.852,1830.2,52.03,45655.0
2020-02-17,47.8,5802.0,2.849,1830.2,52.03,45830.0
2020-02-18,47.8,5728.0,2.799,1830.2,52.1,45955.0
2020-02-19,47.8,5745.5,2.799,1830.2,53.31,45990.0
2020-02-20,47.8,5730.0,2.799,1830.2,53.77,46010.0
2020-02-21,47.5,5702.0,2.799,1830.2,53.36,45910.0
2020-02-22,47.5,5702.0,2.767,1830.2,53.36,45910.0
2020-02-23,47.5,5702.0,2.726,1830.2,53.36,45910.0
2020-02-24,47.5,5657.5,2.686,1830.2,51.36,45515.0
2020-02-25,47.5,5663.5,2.619,1830.2,49.78,45500.0
2020-02-26,47.5,5614.0,2.619,1830.2,48.67,45360.0
2020-02-27,47.5,5618.0,2.619,1830.2,47.17,45190.0
2020-02-28,47.5,5573.0,2.619,1830.2,44.83,44630.0
2020-02-29,47.5,5573.0,2.619,1830.2,44.83,44630.0
2020-03-01,47.5,5573.0,2.619,1830.2,44.83,44630.0
2020-03-02,49.1,5640.0,2.619,1830.2,46.78,44770.0
2020-03-03,49.1,5668.0,2.619,1830.2,47.27,45345.0
2020-03-04,49.1,5694.5,2.619,1830.2,46.78,45005.0
2020-03-05,49.1,5667.5,2.619,1830.2,45.9,45055.0
2020-03-06,49.1,5624.0,2.619,1830.2,41.14,44725.0
2020-03-07,49.1,5624.0,2.619,1830.2,41.14,44725.0
2020-03-08,49.1,5624.0,2.619,1830.2,41.14,44725.0
2020-03-09,49.1,5483.0,2.619,1830.2,31.05,43550.0
2020-03-10,49.1,5598.0,2.619,1830.2,34.47,44030.0
2020-03-11,49.1,5552.0,2.619,1830.2,33.13,44280.0
2020-03-12,49.1,5386.5,2.619,1841.1,31.56,43185.0
2020-03-13,49.1,5530.5,2.619,1841.1,31.72,42755.0
2020-03-14,49.1,5530.5,2.619,1841.1,31.72,42755.0
2020-03-15,49.1,5530.5,2.619,1841.1,31.72,42755.0
2020-03-16,49.1,5211.0,2.618,1841.1,28.96,43200.0
2020-03-17,49.1,5205.0,2.618,1841.1,26.96,42145.0
2020-03-18,49.1,4860.5,2.618,1841.1,20.48,41400.0
2020-03-19,49.1,4685.0,2.618,1841.1,25.09,37545.0
2020-03-20,49.1,4855.0,2.618,1841.1,19.48,38290.0
2020-03-21,49.1,4855.0,2.618,1841.1,19.48,38290.0
2020-03-22,49.1,4855.0,2.618,1841.1,19.48,38290.0
2020-03-23,49.1,4617.5,2.618,1841.1,23.33,36625.0
2020-03-24,39.0,4789.5,2.601,1841.1,21.03,37890.0
2020-03-25,39.0,4754.0,2.601,1841.1,20.75,38750.0
2020-03-26,39.0,4775.5,2.601,1841.1,16.6,38970.0
2020-03-27,39.0,4774.0,2.601,1841.1,15.48,38865.0
2020-03-28,39.0,4774.0,2.601,1841.1,15.48,38865.0
2020-03-29,39.0,4774.0,2.601,1841.1,15.48,38865.0
2020-03-30,39.0,4763.0,2.601,1841.1,14.1,38645.0
2020-03-31,39.0,4797.0,2.601,1841.1,20.51,39425.0
2020-04-01,44.7,4772.0,2.601,1841.1,20.28,39570.0
2020-04-02,44.7,4821.5,2.601,1841.1,25.18,39190.0
2020-04-03,44.7,4863.5,2.593,1841.1,28.36,39760.0
2020-04-04,44.7,4863.5,2.593,1841.1,28.36,39760.0
2020-04-05,44.7,4863.5,2.583,1841.1,28.36,39760.0
2020-04-06,44.7,4867.0,2.573,1841.1,26.21,39760.0
2020-04-07,44.7,5067.5,2.534,1841.1,23.54,40840.0
2020-04-08,44.7,4976.0,2.534,1841.1,24.97,40765.0
2020-04-09,44.7,4963.5,2.534,1841.1,22.9,40950.0
2020-04-10,44.7,4963.5,2.534,1841.1,22.9,40990.0
2020-04-11,44.7,4963.5,2.512,1841.1,22.9,40990.0
2020-04-12,44.7,4963.5,2.481,1840.0,22.9,40990.0
2020-04-13,44.7,4963.5,2.474,1840.0,22.36,41925.0
2020-04-14,44.7,5119.0,2.398,1840.0,20.15,41970.0
2020-04-15,44.7,5054.5,2.398,1840.0,19.96,41860.0
2020-04-16,44.7,5098.5,2.398,1840.0,19.82,41775.0
2020-04-17,44.7,5175.5,2.353,1840.0,18.31,42470.0
2020-04-18,44.7,5175.5,2.353,1840.0,18.31,42470.0
2020-04-19,44.7,5175.5,2.353,1840.0,18.31,42470.0
2020-04-20,44.7,5169.5,2.353,1840.0,-36.98,42640.0
2020-04-21,44.7,4994.5,2.353,1840.0,8.91,42060.0
2020-04-22,44.7,5034.0,2.353,1840.0,13.64,40995.0
2020-04-23,39.2,5120.5,2.353,1840.0,15.06,41980.0
2020-04-24,39.2,5118.0,2.353,1840.0,15.99,42120.0
2020-04-25,39.2,5118.0,2.353,1840.0,15.99,42120.0
2020-04-26,39.2,5118.0,2.353,1840.0,15.99,42120.0
2020-04-27,39.2,5165.5,2.382,1840.0,12.17,42850.0
2020-04-28,39.2,5169.5,2.382,1840.0,12.4,42480.0
2020-04-29,39.2,5184.0,2.382,1840.0,15.04,42810.0
2020-04-30,39.2,5231.0,2.382,1840.0,19.23,43030.0
2020-05-01,39.2,5061.0,2.382,1840.0,19.72,43030.0
2020-05-02,39.2,5061.0,2.382,1840.0,19.72,43030.0
2020-05-03,39.2,5061.0,2.382,1840.0,19.72,43030.0
2020-05-04,33.6,5058.0,2.382,1840.0,20.47,43030.0
2020-05-05,33.6,5111.5,2.382,1840.0,24.56,43030.0
2020-05-06,33.6,5199.5,2.382,1840.0,23.88,42835.0
2020-05-07,33.6,5227.5,2.385,1840.0,23.68,43030.0
2020-05-08,33.6,5227.5,2.409,1840.0,24.73,43600.0
2020-05-09,33.6,5227.5,2.409,1840.0,24.73,43600.0
2020-05-10,33.6,5227.5,2.409,1840.0,24.73,43600.0
2020-05-11,33.6,5231.0,2.409,1840.0,24.02,44060.0
2020-05-12,33.6,5234.0,2.409,1840.0,25.76,43565.0
2020-05-13,33.6,5212.5,2.409,1840.0,25.37,43080.0
2020-05-14,33.6,5155.5,2.409,1946.8,27.4,43150.0
2020-05-15,33.6,5165.0,2.409,1946.8,29.44,43325.0
2020-05-16,33.6,5165.0,2.409,1946.8,29.44,43325.0
2020-05-17,33.6,5165.0,2.409,1946.8,29.44,43325.0
2020-05-18,33.6,5249.5,2.409,1946.8,31.83,43260.0
2020-05-19,33.6,5314.0,2.423,1946.8,32.3,43995.0
2020-05-20,33.6,5333.0,2.467,1946.8,33.56,44040.0
2020-05-21,38.0,5387.0,2.467,1946.8,34.3,44620.0
2020-05-22,38.0,5242.5,2.467,1946.8,33.49,43770.0
2020-05-23,38.0,5242.5,2.467,1946.8,33.49,43770.0
2020-05-24,38.0,5242.5,2.467,1946.8,33.49,43770.0
2020-05-25,38.0,5242.5,2.467,1946.8,33.49,43790.0
2020-05-26,38.0,5341.5,2.467,1946.8,34.7,44030.0
2020-05-27,38.0,5308.5,2.467,1946.8,32.8,44170.0
2020-05-28,38.0,5278.5,2.467,1946.8,33.67,44030.0
2020-05-29,38.0,5332.5,2.467,1946.8,35.57,44135.0
2020-05-30,38.0,5332.5,2.467,1946.8,35.57,44135.0
2020-05-31,38.0,5332.5,2.467,1946.8,35.57,44135.0
2020-06-01,39.5,5376.5,2.474,1946.8,35.49,44710.0
2020-06-02,39.5,5463.0,2.494,1946.8,36.88,44895.0
2020-06-03,39.5,5499.0,2.497,1946.8,37.33,45110.0
2020-06-04,39.5,5452.5,2.497,1946.8,37.42,44850.0
2020-06-05,39.5,5588.0,2.557,1946.8,39.49,44990.0
2020-06-06,39.5,5588.0,2.557,1946.8,39.49,44990.0
2020-06-07,39.5,5588.0,2.557,1946.8,39.49,44990.0
2020-06-08,39.5,5659.0,2.57,1946.8,38.17,45730.0
2020-06-09,39.5,5680.5,2.6,1946.8,38.98,46355.0
2020-06-10,39.5,5801.0,2.657,1946.8,39.54,46855.0
2020-06-11,39.5,5801.5,2.657,1951.7,36.43,47425.0
2020-06-12,39.5,5785.5,2.657,1951.7,36.24,46760.0
2020-06-13,39.5,5785.5,2.657,1951.7,36.24,46760.0
2020-06-14,39.5,5785.5,2.657,1951.7,36.24,46760.0
2020-06-15,39.5,5646.0,2.657,1951.7,37.07,46830.0
2020-06-16,39.5,5759.5,2.657,1951.7,38.26,47080.0
2020-06-17,39.5,5734.0,2.657,1951.7,37.91,46910.0
2020-06-18,39.5,5799.0,2.657,1951.7,38.79,47110.0
2020-06-19,39.5,5835.5,2.657,1951.7,39.72,47475.0
2020-06-20,39.5,5835.5,2.657,1951.7,39.72,47475.0
2020-06-21,39.5,5835.5,2.657,1951.7,39.72,47475.0
2020-06-22,39.5,5825.0,2.657,1951.7,40.6,47895.0
2020-06-23,44.5,5895.0,2.66,1951.7,40.4,47880.0
2020-06-24,44.5,5871.0,2.66,1951.7,37.91,48160.0
2020-06-25,44.5,5880.5,2.663,1951.7,38.66,48160.0
2020-06-26,44.5,5985.5,2.672,1951.7,38.53,48160.0
2020-06-27,44.5,5985.5,2.672,1951.7,38.53,48160.0
2020-06-28,44.5,5985.5,2.672,1951.7,38.53,48160.0
2020-06-29,44.5,5957.0,2.679,1951.7,39.67,48770.0
2020-06-30,44.5,6038.0,2.713,1951.7,39.27,48930.0
2020-07-01,46.9,6016.5,2.717,1951.7,39.88,49450.0
2020-07-02,46.9,6080.0,2.733,1951.7,40.57,49460.0
2020-07-03,46.9,6022.5,2.733,1951.7,40.57,49260.0
2020-07-04,46.9,6022.5,2.733,1951.7,40.57,49260.0
2020-07-05,46.9,6022.5,2.733,1951.7,40.57,49260.0
2020-07-06,46.9,6112.0,2.766,1951.7,40.51,49120.0
2020-07-07,46.9,6086.0,2.788,1951.7,40.59,49610.0
2020-07-08,46.9,6194.0,2.814,1951.7,40.91,49845.0
2020-07-09,46.9,6339.5,2.828,1951.7,39.64,50575.0
2020-07-10,46.9,6322.5,2.887,1951.7,40.56,50600.0
2020-07-11,46.9,6322.5,2.887,1951.7,40.56,50600.0
2020-07-12,46.9,6322.5,2.887,1866.0,40.56,50600.0
2020-07-13,46.9,6545.0,2.942,1866.0,40.06,52980.0
2020-07-14,46.9,6489.5,2.942,1866.0,40.3,52150.0
2020-07-15,46.9,6507.0,2.942,1866.0,41.2,52435.0
2020-07-16,46.9,6385.0,2.942,1866.0,40.74,51240.0
2020-07-17,46.9,6454.5,2.942,1866.0,40.55,51685.0
2020-07-18,46.9,6454.5,2.942,1866.0,40.55,51685.0
2020-07-19,46.9,6454.5,2.942,1866.0,40.55,51685.0
2020-07-20,46.9,6416.5,2.942,1866.0,40.83,51375.0
2020-07-21,46.9,6513.0,2.942,1866.0,41.76,51935.0
2020-07-22,46.9,6527.0,2.942,1866.0,41.88,52600.0
2020-07-23,46.9,6533.5,2.942,1866.0,40.99,51875.0
2020-07-24,50.0,6412.5,2.942,1866.0,41.23,51930.0
2020-07-25,50.0,6412.5,2.942,1866.0,41.23,51930.0
2020-07-26,50.0,6412.5,2.942,1866.0,41.23,51930.0
2020-07-27,50.0,6425.5,2.942,1866.0,41.46,51765.0
2020-07-28,50.0,6399.5,2.942,1866.0,40.89,51850.0
2020-07-29,50.0,6475.0,2.942,1866.0,41.13,51830.0
2020-07-30,50.0,6433.5,2.942,1866.0,39.85,51890.0
2020-07-31,50.0,6446.5,2.942,1866.0,40.1,51850.0
2020-08-01,50.0,6446.5,2.942,1866.0,40.1,51850.0
2020-08-02,50.0,6446.5,2.942,1866.0,40.1,51850.0
2020-08-03,51.1,6441.0,2.942,1866.0,40.83,50960.0
2020-08-04,51.1,6440.0,2.942,1866.0,41.67,51675.0
2020-08-05,51.1,6525.5,2.942,1866.0,42.25,51370.0
2020-08-06,51.1,6453.5,2.942,1866.0,41.93,51385.0
2020-08-07,51.1,6437.0,2.942,1866.0,41.16,51440.0
2020-08-08,51.1,6437.0,2.942,1866.0,41.16,51440.0
2020-08-09,51.1,6437.0,2.942,1866.0,41.16,51440.0
2020-08-10,51.1,6363.0,2.942,1866.0,41.94,50090.0
2020-08-11,51.1,6356.5,2.942,1866.0,41.53,50790.0
2020-08-12,51.1,6379.0,2.942,1874.9,42.6,49980.0
2020-08-13,51.1,6380.0,2.942,1874.9,42.26,50530.0
2020-08-14,51.1,6342.5,2.941,1874.9,42.05,50040.0
2020-08-15,51.1,6342.5,2.941,1874.9,42.05,50040.0
2020-08-16,51.1,6342.5,2.941,1874.9,42.05,50040.0
2020-08-17,51.1,6439.5,2.941,1874.9,42.89,50370.0
2020-08-18,51.1,6492.5,2.971,1874.9,42.89,51135.0
2020-08-19,51.1,6667.0,3.019,1874.9,42.91,52300.0
2020-08-20,51.1,6594.5,3.019,1874.9,42.62,52200.0
2020-08-21,52.9,6564.5,3.019,1874.9,42.32,52065.0
2020-08-22,52.9,6564.5,3.019,1874.9,42.32,52065.0
2020-08-23,52.9,6564.5,3.019,1874.9,42.32,52065.0
2020-08-24,52.9,6579.5,3.019,1874.9,42.44,51310.0
2020-08-25,52.9,6544.5,3.019,1874.9,43.17,51370.0
2020-08-26,52.9,6603.5,3.019,1874.9,43.21,51380.0
2020-08-27,52.9,6602.5,3.019,1874.9,42.88,51420.0
2020-08-28,52.9,6728.0,3.019,1874.9,42.96,51800.0
2020-08-29,52.9,6728.0,3.019,1874.9,42.96,51800.0
2020-08-30,52.9,6728.0,3.019,1874.9,42.96,51800.0
2020-08-31,52.9,6728.0,3.041,1874.9,42.61,52020.0
2020-09-01,51.7,6788.5,3.041,1874.9,42.76,52390.0
2020-09-02,51.7,6719.0,3.041,1874.9,42.76,51935.0
2020-09-03,51.7,6613.0,3.041,1874.9,41.39,52140.0
2020-09-04,51.7,6678.0,3.046,1874.9,39.69,51495.0
2020-09-05,51.7,6678.0,3.046,1874.9,39.69,51495.0
2020-09-06,51.7,6678.0,3.046,1874.9,39.69,51495.0
2020-09-07,51.7,6790.5,3.046,1874.9,39.69,52630.0
2020-09-08,51.7,6767.5,3.046,1874.9,36.87,52520.0
2020-09-09,51.7,6709.0,3.046,1874.9,38.05,52065.0
2020-09-10,51.7,6710.5,3.046,1874.9,37.25,52130.0
2020-09-11,51.7,6757.5,3.046,1874.9,37.33,51535.0
2020-09-12,51.7,6757.5,3.046,1838.5,37.33,51535.0
2020-09-13,51.7,6757.5,3.046,1838.5,37.33,51535.0
2020-09-14,51.7,6788.0,3.067,1838.5,37.23,52280.0
2020-09-15,51.7,6813.5,3.067,1838.5,38.29,52150.0
2020-09-16,51.7,6776.0,3.067,1838.5,40.17,51900.0
2020-09-17,51.7,6761.0,3.067,1838.5,40.99,51455.0
2020-09-18,51.7,6833.5,3.114,1838.5,41.09,52210.0
2020-09-19,51.7,6833.5,3.114,1838.5,41.09,52210.0
2020-09-20,51.7,6833.5,3.114,1838.5,41.09,52210.0
2020-09-21,51.7,6837.0,3.114,1838.5,39.26,52470.0
2020-09-22,51.7,6810.0,3.114,1838.5,39.55,51920.0
2020-09-23,51.9,6725.5,3.114,1838.5,39.92,51620.0
2020-09-24,51.9,6538.5,3.114,1838.5,40.11,50745.0
2020-09-25,51.9,6529.0,3.114,1838.5,40.06,50890.0
2020-09-26,51.9,6529.0,3.114,1838.5,40.06,50890.0
2020-09-27,51.9,6529.0,3.114,1838.5,40.06,50890.0
2020-09-28,51.9,6571.5,3.114,1838.5,40.47,50985.0
2020-09-29,51.9,6546.0,3.114,1838.5,39.03,51110.0
2020-09-30,51.9,6610.0,3.114,1838.5,40.05,51185.0
2020-10-01,53.7,6614.0,3.114,1838.5,38.51,51185.0
2020-10-02,53.7,6409.5,3.114,1838.5,36.9,51185.0
2020-10-03,53.7,6409.5,3.114,1838.5,36.9,51185.0
2020-10-04,53.7,6409.5,3.114,1838.5,36.9,51185.0
2020-10-05,53.7,6507.5,3.114,1838.5,39.12,51185.0
2020-10-06,53.7,6509.0,3.114,1838.5,40.52,51185.0
2020-10-07,53.7,6525.0,3.114,1838.5,39.82,51185.0
2020-10-08,53.7,6611.5,3.114,1838.5,41.04,51185.0
2020-10-09,53.7,6740.5,3.114,1838.5,40.44,51565.0
2020-10-10,53.7,6740.5,3.114,1838.5,40.44,51565.0
2020-10-11,53.7,6740.5,3.114,1838.5,40.44,51565.0
2020-10-12,53.7,6769.0,3.114,1837.4,39.22,51580.0
2020-10-13,53.7,6699.5,3.114,1837.4,40.03,51540.0
2020-10-14,53.7,6702.0,3.114,1837.4,40.86,51470.0
2020-10-15,53.7,6683.5,3.114,1837.4,40.84,51370.0
2020-10-16,53.7,6728.0,3.114,1837.4,40.7,51800.0
2020-10-17,53.7,6728.0,3.114,1837.4,40.7,51800.0
2020-10-18,53.7,6728.0,3.114,1837.4,40.7,51800.0
2020-10-19,53.7,6755.0,3.114,1837.4,40.69,51600.0
2020-10-20,53.7,6814.0,3.143,1837.4,41.37,51450.0
2020-10-21,53.7,6953.0,3.195,1837.4,39.88,52250.0
2020-10-22,53.7,6886.0,3.195,1837.4,40.46,52370.0
2020-10-23,53.1,6879.5,3.195,1837.4,39.73,52210.0
2020-10-24,53.1,6879.5,3.195,1837.4,39.73,52210.0
2020-10-25,53.1,6879.5,3.195,1837.4,39.73,52210.0
2020-10-26,53.1,6806.0,3.195,1837.4,38.39,51920.0
2020-10-27,53.1,6787.5,3.195,1837.4,39.34,51540.0
2020-10-28,53.1,6694.5,3.195,1837.4,37.27,51730.0
2020-10-29,53.1,6692.0,3.195,1837.4,35.94,51585.0
2020-10-30,53.1,6694.5,3.195,1837.4,35.64,51530.0
2020-10-31,53.1,6694.5,3.195,1837.4,35.64,51530.0
2020-11-01,53.1,6694.5,3.195,1837.4,35.64,51530.0
2020-11-02,54.4,6712.5,3.195,1837.4,36.6,51120.0
2020-11-03,54.4,6791.5,3.195,1837.4,37.44,51750.0
2020-11-04,54.4,6748.0,3.195,1837.4,38.97,51680.0
2020-11-05,54.4,6798.0,3.195,1837.4,38.56,51640.0
2020-11-06,54.4,6938.5,3.195,1837.4,36.97,51640.0
2020-11-07,54.4,6938.5,3.195,1837.4,36.97,51640.0
2020-11-08,54.4,6938.5,3.195,1837.4,36.97,51640.0
2020-11-09,54.4,7034.0,3.195,1837.4,40.05,52250.0
2020-11-10,54.4,6865.5,3.195,1837.4,41.18,52120.0
2020-11-11,54.4,6912.5,3.195,1837.4,41.23,51990.0
2020-11-12,54.4,6904.0,3.195,1843.6,40.9,51880.0
2020-11-13,54.4,6926.0,3.195,1843.6,39.93,52025.0
2020-11-14,54.4,6926.0,3.195,1843.6,39.93,52025.0
2020-11-15,54.4,6926.0,3.195,1843.6,39.93,52025.0
2020-11-16,54.4,7113.0,3.22,1843.6,41.14,53680.0
2020-11-17,54.4,7050.0,3.22,1843.6,41.24,53220.0
2020-11-18,54.4,7083.0,3.22,1843.6,41.64,52740.0
2020-11-19,54.4,7028.0,3.22,1843.6,41.57,52820.0
2020-11-20,54.4,7178.5,3.293,1843.6,41.99,53220.0
2020-11-21,54.4,7178.5,3.293,1843.6,41.99,53220.0
2020-11-22,54.4,7178.5,3.293,1843.6,41.99,53220.0
2020-11-23,53.1,7215.5,3.293,1843.6,42.91,54140.0
2020-11-24,53.1,7302.0,3.3,1843.6,44.71,54110.0
2020-11-25,53.1,7238.5,3.312,1843.6,45.58,54890.0
2020-11-26,53.1,7356.5,3.312,1843.6,45.58,55120.0
2020-11-27,53.1,7462.0,3.4,1843.6,45.58,55685.0
2020-11-28,53.1,7462.0,3.4,1843.6,45.58,55685.0
2020-11-29,53.1,7462.0,3.4,1843.6,45.58,55685.0
2020-11-30,53.1,7674.5,3.421,1843.6,45.2,57370.0
2020-12-01,53.6,7644.0,3.468,1843.6,44.54,57375.0
2020-12-02,53.6,7616.5,3.475,1843.6,45.23,57280.0
2020-12-03,53.6,7679.0,3.479,1843.6,45.65,57300.0
2020-12-04,53.6,7741.5,3.514,1843.6,46.23,57290.0
2020-12-05,53.6,7741.5,3.514,1843.6,46.23,57290.0
2020-12-06,53.6,7741.5,3.514,1843.6,46.23,57290.0
2020-12-07,53.6,7656.5,3.514,1843.6,45.72,57320.0
2020-12-08,53.6,7635.0,3.514,1843.6,45.64,57000.0
2020-12-09,53.6,7704.5,3.514,1843.6,45.48,57270.0
2020-12-10,53.6,7712.0,3.571,1843.6,46.76,57010.0
2020-12-11,53.6,7741.0,3.571,1843.6,46.59,58285.0
2020-12-12,53.6,7741.0,3.571,1843.6,46.59,58285.0
2020-12-13,53.6,7741.0,3.571,1843.6,46.59,58285.0
2020-12-14,53.6,7763.0,3.571,1832.1,47.02,57830.0
2020-12-15,53.6,7753.0,3.571,1855.3,47.58,57420.0
2020-12-16,53.0,7823.0,3.571,1859.1,47.86,57850.0
2020-12-17,53.0,7893.0,3.597,1890.4,48.34,58120.0
2020-12-18,53.0,7964.0,3.628,1888.9,49.04,59090.0
2020-12-19,53.0,7964.0,3.628,1888.9,49.04,59090.0
2020-12-20,53.0,7964.0,3.628,1888.9,49.04,59090.0
2020-12-21,53.0,7838.5,3.628,1882.8,47.79,58835.0
2020-12-22,53.0,7753.0,3.628,1870.3,47.02,58550.0
2020-12-23,53.0,7764.5,3.628,1878.1,47.94,57610.0
2020-12-24,53.0,7793.0,3.628,1883.2,48.18,58110.0
2020-12-25,53.0,7793.0,3.628,1883.2,48.18,58180.0
2020-12-26,53.0,7793.0,3.628,1883.2,48.18,58180.0
2020-12-27,53.0,7793.0,3.628,1883.2,48.18,58180.0
2020-12-28,53.0,7793.0,3.628,1880.4,47.5,58800.0
2020-12-29,53.0,7840.0,3.628,1882.9,47.85,58450.0
2020-12-30,53.0,7803.5,3.628,1893.4,48.24,58150.0
2020-12-31,53.0,7741.5,3.628,1895.1,48.35,57810.0
2021-01-01,53.0,7741.5,3.628,1895.1,48.35,57810.0
2021-01-02,53.0,7741.5,3.628,1863.9,48.35,57810.0
2021-01-03,53.0,7741.5,3.628,1723.0,48.35,57810.0
2021-01-04,55.5,7918.5,3.628,1728.4,47.47,58075.0
2021-01-05,55.5,7914.0,3.64,1728.4,49.78,58135.0
2021-01-06,55.5,8129.5,3.65,1905.0,50.45,59140.0
2021-01-07,55.5,8036.5,3.696,1776.8,50.63,59340.0
2021-01-08,55.5,8146.0,3.696,1776.8,52.14,60260.0
2021-01-09,55.5,8146.0,3.696,1816.0,52.14,60260.0
2021-01-10,55.5,8146.0,3.696,1758.4,52.14,60260.0
2021-01-11,55.5,7951.5,3.696,1795.8,52.15,59340.0
2021-01-12,55.5,7983.0,3.696,1784.3,53.08,58225.0
2021-01-13,55.5,7960.5,3.696,1784.3,52.81,58840.0
2021-01-14,55.5,8002.5,3.696,1784.3,53.47,58675.0
2021-01-15,55.5,7979.5,3.696,1784.3,52.25,59560.0
2021-01-16,55.5,7979.5,3.696,1784.3,52.25,59560.0
2021-01-17,55.5,7979.5,3.696,1784.3,52.25,59560.0
2021-01-18,55.5,7972.5,3.696,1784.3,52.25,58710.0
2021-01-19,55.5,7986.5,3.696,1784.3,52.87,59030.0
2021-01-20,55.5,8014.5,3.696,1784.3,53.16,59025.0
2021-01-21,55.5,8051.0,3.696,1784.3,53.0,59280.0
2021-01-22,54.5,7872.0,3.696,1784.3,52.28,58920.0
2021-01-23,54.5,7872.0,3.696,1784.3,52.28,58920.0
2021-01-24,54.5,7872.0,3.696,1784.3,52.28,58920.0
2021-01-25,54.5,7984.5,3.696,1784.3,52.78,59060.0
2021-01-26,54.5,7957.0,3.696,1784.3,52.61,58820.0
2021-01-27,54.5,7895.0,3.696,1784.3,52.81,58745.0
2021-01-28,54.5,7778.5,3.696,1784.3,52.26,57950.0
2021-01-29,54.5,7877.0,3.696,1784.3,52.16,58180.0
2021-01-30,54.5,7877.0,3.696,1784.3,52.16,58180.0
2021-01-31,54.5,7877.0,3.696,1784.3,52.16,58180.0
2021-02-01,54.7,7827.0,3.696,1784.3,53.55,57870.0
2021-02-02,54.7,7755.5,3.696,1784.3,54.77,57700.0
2021-02-03,54.7,7832.5,3.696,1784.3,55.67,57170.0
2021-02-04,54.7,7833.5,3.696,1784.3,56.19,57825.0
2021-02-05,54.7,7936.5,3.696,1784.3,56.8,58040.0
2021-02-06,54.7,7936.5,3.696,1784.3,56.8,58040.0
2021-02-07,54.7,7936.5,3.696,1784.3,56.8,58040.0
2021-02-08,54.7,8007.0,3.679,1784.3,57.95,58865.0
2021-02-09,54.7,8146.5,3.733,1784.3,58.34,59410.0
2021-02-10,54.7,8279.5,3.785,1784.3,58.69,60230.0
2021-02-11,54.7,8292.0,3.788,1784.3,58.22,60230.0
2021-02-12,54.7,8270.5,3.802,1762.7,59.5,60230.0
2021-02-13,54.7,8270.5,3.802,1762.7,59.5,60230.0
2021-02-14,54.7,8270.5,3.802,1762.7,59.5,60230.0
2021-02-15,54.7,8416.5,3.802,1762.7,59.5,60230.0
2021-02-16,54.7,8439.5,3.848,1762.7,60.07,60230.0
2021-02-17,54.7,8413.5,3.848,1762.7,61.09,60230.0
2021-02-18,54.7,8650.0,3.917,1762.7,60.4,62690.0
2021-02-19,54.3,8806.5,04.09,1762.7,59.12,63240.0
2021-02-20,54.3,8806.5,04.09,1762.7,59.12,63240.0
2021-02-21,54.3,8806.5,04.09,1762.7,59.12,63240.0
2021-02-22,54.3,9067.5,4.152,1762.7,61.67,67060.0
2021-02-23,54.3,9158.0,4.188,1762.7,61.66,67590.0
2021-02-24,54.3,9286.0,4.301,1762.7,63.21,67970.0
2021-02-25,54.3,9614.5,4.301,1762.7,63.43,69900.0
2021-02-26,54.3,9172.5,4.301,1762.7,61.55,68410.0
2021-02-27,54.3,9172.5,4.301,1762.7,61.55,68410.0
2021-02-28,54.3,9172.5,4.301,1762.7,61.55,68410.0
2021-03-01,57.7,9198.0,4.301,1762.7,60.54,67410.0
2021-03-02,57.7,9213.5,4.301,1762.7,59.7,66140.0
2021-03-03,57.7,9266.0,4.301,1762.7,61.33,67790.0
2021-03-04,57.7,8786.5,4.301,1762.7,63.81,67020.0
2021-03-05,57.7,9021.5,4.301,1762.7,66.08,64810.0
2021-03-06,57.7,9021.5,4.301,1762.7,66.08,64810.0
2021-03-07,57.7,9021.5,4.301,1762.7,66.08,64810.0
2021-03-08,57.7,8992.5,4.301,1762.7,65.03,66265.0
2021-03-09,57.7,8895.0,4.301,1762.7,64.02,66650.0
2021-03-10,57.7,8939.0,4.301,1762.7,64.45,65530.0
2021-03-11,57.7,9062.5,4.301,1762.7,66.02,65580.0
2021-03-12,57.7,9052.5,4.301,1783.9,65.59,66660.0
2021-03-13,57.7,9052.5,4.301,1783.9,65.59,66660.0
2021-03-14,57.7,9052.5,4.301,1783.9,65.59,66660.0
2021-03-15,57.7,9147.5,4.301,1783.9,65.36,67660.0
2021-03-16,57.7,8965.5,4.301,1783.9,64.82,67150.0
2021-03-17,57.7,9027.0,4.301,1783.9,64.55,66200.0
2021-03-18,57.7,9090.0,4.301,1783.9,59.95,67050.0
2021-03-19,57.7,9036.0,4.301,1783.9,61.43,66550.0
2021-03-20,57.7,9036.0,4.301,1783.9,61.43,66550.0
2021-03-21,57.7,9036.0,4.301,1783.9,61.43,66550.0
2021-03-22,57.7,9097.5,4.301,1783.9,61.48,66820.0
2021-03-23,57.7,9016.5,4.301,1783.9,57.75,66740.0
2021-03-24,57.7,9016.0,4.301,1783.9,61.12,66075.0
2021-03-25,57.7,8781.0,4.301,1783.9,58.47,65770.0
2021-03-26,57.7,8929.0,4.301,1783.9,60.93,65680.0
2021-03-27,57.7,8929.0,4.301,1783.9,60.93,65680.0
2021-03-28,57.7,8929.0,4.266,1783.9,60.93,65680.0
2021-03-29,57.7,8942.5,4.231,1783.9,61.49,66190.0
2021-03-30,57.7,8788.5,4.231,1783.9,60.55,66190.0
2021-03-31,57.7,8850.5,4.231,1783.9,59.19,65175.0
2021-04-01,62.4,8768.0,4.231,1783.9,61.41,65490.0
2021-04-02,62.4,8768.0,4.231,1783.9,61.41,66040.0
2021-04-03,62.4,8768.0,4.153,1783.9,61.41,66040.0
2021-04-04,62.4,8768.0,4.149,1783.9,61.41,66040.0
2021-04-05,62.4,8768.0,4.149,1783.9,58.73,66040.0
2021-04-06,62.4,8984.5,4.149,1783.9,59.34,67140.0
2021-04-07,62.4,8981.5,4.149,1783.9,59.77,66890.0
2021-04-08,62.4,9001.5,4.149,1783.9,59.61,66500.0
2021-04-09,62.4,8993.0,4.149,1783.9,59.29,66750.0
2021-04-10,62.4,8993.0,4.149,1783.9,59.29,66750.0
2021-04-11,62.4,8993.0,4.149,1783.9,59.29,66750.0
2021-04-12,62.4,8901.0,4.149,1783.9,59.7,65710.0
2021-04-13,62.4,8904.0,4.149,1793.5,60.2,65720.0
2021-04-14,62.4,9011.0,4.149,1793.5,63.15,66125.0
2021-04-15,62.4,9187.5,4.231,1793.5,63.42,67260.0
2021-04-16,62.4,9336.0,4.231,1793.5,63.16,68550.0
2021-04-17,62.4,9336.0,4.231,1793.5,63.16,68550.0
2021-04-18,62.4,9336.0,4.231,1793.5,63.16,68550.0
2021-04-19,62.4,9415.0,4.25,1793.5,63.33,68240.0
2021-04-20,62.4,9396.5,4.25,1793.5,62.61,68990.0
2021-04-21,62.4,9382.5,4.287,1793.5,61.34,68550.0
2021-04-22,62.4,9475.5,4.287,1793.5,61.45,68840.0
2021-04-23,62.0,9545.5,4.343,1793.5,62.18,69120.0
2021-04-24,62.0,9545.5,4.343,1793.5,62.18,69120.0
2021-04-25,62.0,9545.5,4.343,1793.5,62.18,69120.0
2021-04-26,62.0,9758.0,4.448,1793.5,62.02,70090.0
2021-04-27,62.0,9898.5,4.743,1793.5,63.03,71940.0
2021-04-28,62.0,9832.5,4.743,1793.5,63.81,70920.0
2021-04-29,62.0,9990.0,4.743,1793.5,65.0,72335.0
2021-04-30,62.0,9949.0,4.743,1793.5,63.5,71680.0
2021-05-01,62.0,9949.0,4.743,1793.5,63.5,71680.0
2021-05-02,62.0,9949.0,4.743,1793.5,63.5,71680.0
2021-05-03,63.3,9949.0,4.743,1793.5,64.46,71680.0
2021-05-04,63.3,9961.0,4.743,1793.5,65.72,71680.0
2021-05-05,63.3,9991.5,4.743,1793.5,65.63,71680.0
2021-05-06,63.3,10025.5,4.743,1793.5,64.73,72690.0
2021-05-07,63.3,10361.0,4.766,1793.5,64.96,74200.0
2021-05-08,63.3,10361.0,4.766,1793.5,64.96,74200.0
2021-05-09,63.3,10361.0,4.766,1793.5,64.96,74200.0
2021-05-10,63.3,10724.5,4.766,1793.5,64.92,76875.0
2021-05-11,63.3,10528.0,4.779,1816.8,65.31,75370.0
2021-05-12,63.3,10537.0,4.779,1816.8,65.96,76150.0
2021-05-13,63.3,10253.5,4.779,1816.8,63.82,75910.0
2021-05-14,63.3,10212.0,4.779,1816.8,65.32,74760.0
2021-05-15,63.3,10212.0,4.779,1816.8,65.32,74760.0
2021-05-16,63.3,10212.0,4.779,1816.8,65.32,74760.0
2021-05-17,63.3,10257.0,4.779,1816.8,66.24,74670.0
2021-05-18,63.3,10465.0,4.779,1816.8,65.49,75720.0
2021-05-19,63.3,10114.5,4.779,1816.8,63.28,74840.0
2021-05-20,63.3,10086.0,4.779,1816.8,61.95,72525.0
2021-05-21,62.5,10011.0,4.779,1816.8,63.61,71950.0
2021-05-22,62.5,10011.0,4.779,1816.8,63.61,71950.0
2021-05-23,62.5,10011.0,4.779,1816.8,63.61,71950.0
2021-05-24,62.5,9868.0,4.779,1816.8,66.13,71300.0
2021-05-25,62.5,9943.0,4.779,1816.8,66.27,72360.0
2021-05-26,62.5,9965.0,4.779,1816.8,66.41,71720.0
2021-05-27,62.5,10032.5,4.779,1816.8,66.87,71350.0
2021-05-28,62.5,10159.5,4.779,1816.8,66.31,73380.0
2021-05-29,62.5,10159.5,4.779,1816.8,66.31,73380.0
2021-05-30,62.5,10159.5,4.779,1816.8,66.31,73380.0
2021-05-31,62.5,10159.5,4.779,1816.8,66.31,73590.0
2021-06-01,62.8,10212.5,4.779,1816.8,67.8,73790.0
2021-06-02,62.8,10117.5,4.779,1816.8,68.79,73580.0
2021-06-03,62.8,9967.0,4.779,1816.8,68.81,72950.0
2021-06-04,62.8,9852.0,4.779,1816.8,69.57,71090.0
2021-06-05,62.8,9852.0,4.779,1816.8,69.57,71090.0
2021-06-06,62.8,9852.0,4.779,1816.8,69.57,71090.0
2021-06-07,62.8,9848.0,4.779,1816.8,69.21,71500.0
2021-06-08,62.8,9878.5,4.779,1816.8,70.11,71310.0
2021-06-09,62.8,9877.0,4.779,1816.8,69.9,71710.0
2021-06-10,62.8,9808.5,4.779,1816.8,70.34,71210.0
2021-06-11,62.8,10029.0,4.779,1816.8,71.0,70800.0
2021-06-12,62.8,10029.0,4.753,1779.5,71.0,70800.0
2021-06-13,62.8,10029.0,4.736,1779.5,71.0,70800.0
2021-06-14,62.8,9900.0,4.736,1779.5,70.94,70800.0
2021-06-15,62.8,9552.5,4.736,1779.5,72.06,69900.0
2021-06-16,62.8,9508.0,4.736,1779.5,72.03,69260.0
2021-06-17,62.8,9427.5,4.736,1779.5,71.06,69170.0
2021-06-18,62.8,9206.0,4.736,1779.5,71.64,67730.0
2021-06-19,62.8,9206.0,4.683,1779.5,71.64,67730.0
2021-06-20,62.8,9206.0,4.683,1779.5,71.64,67730.0
2021-06-21,62.8,9042.5,4.683,1779.5,73.64,66880.0
2021-06-22,62.8,9190.5,4.683,1779.5,73.15,67400.0
2021-06-23,62.1,9289.5,4.683,1779.5,73.11,68270.0
2021-06-24,62.1,9390.5,4.683,1779.5,73.31,68600.0
2021-06-25,62.1,9432.5,4.683,1779.5,74.21,68825.0
2021-06-26,62.1,9432.5,4.683,1779.5,74.21,68825.0
2021-06-27,62.1,9432.5,4.683,1779.5,74.21,68825.0
2021-06-28,62.1,9333.5,4.683,1779.5,72.98,68290.0
2021-06-29,62.1,9225.5,4.662,1779.5,73.14,68050.0
2021-06-30,62.1,9385.0,4.662,1779.5,73.52,68380.0
2021-07-01,63.1,9342.0,4.662,1779.5,75.33,68490.0
2021-07-02,63.1,9296.5,4.662,1779.5,75.37,68050.0
2021-07-03,63.1,9296.5,4.6,1779.5,75.37,68050.0
2021-07-04,63.1,9296.5,4.563,1779.5,75.37,68050.0
2021-07-05,63.1,9432.0,4.563,1779.5,75.37,68700.0
2021-07-06,63.1,9528.0,4.563,1779.5,73.62,69700.0
2021-07-07,63.1,9451.5,4.563,1779.5,72.22,68540.0
2021-07-08,63.1,9264.5,4.563,1779.5,72.98,68900.0
2021-07-09,63.1,9437.5,4.563,1779.5,74.56,68800.0
2021-07-10,63.1,9437.5,4.542,1779.5,74.56,68800.0
2021-07-11,63.1,9437.5,4.542,1779.5,74.56,68800.0
2021-07-12,63.1,9347.0,4.542,1784.7,74.21,69475.0
2021-07-13,63.1,9310.0,4.532,1784.7,75.24,69370.0
2021-07-14,63.1,9309.0,4.532,1784.7,73.06,68810.0
2021-07-15,63.1,9347.0,4.532,1784.7,71.67,68830.0
2021-07-16,63.1,9396.5,4.393,1784.7,71.76,69660.0
2021-07-17,63.1,9396.5,4.393,1784.7,71.76,69660.0
2021-07-18,63.1,9396.5,4.353,1784.7,71.76,69660.0
2021-07-19,63.1,9264.5,4.353,1784.7,66.45,69210.0
2021-07-20,63.1,9211.0,4.353,1784.7,67.32,68390.0
2021-07-21,63.1,9271.5,4.353,1784.7,70.26,68600.0
2021-07-22,63.1,9382.5,4.353,1784.7,72.15,69040.0
2021-07-23,62.5,9433.5,4.407,1784.7,72.24,70090.0
2021-07-24,62.5,9433.5,4.407,1784.7,72.24,70090.0
2021-07-25,62.5,9433.5,4.407,1784.7,72.24,70090.0
2021-07-26,62.5,9580.0,4.589,1784.7,72.15,71170.0
2021-07-27,62.5,9709.0,4.589,1784.7,71.68,72520.0
2021-07-28,62.5,9697.0,4.589,1784.7,72.37,72365.0
2021-07-29,62.5,9781.0,4.589,1784.7,73.62,71700.0
2021-07-30,62.5,9747.5,4.589,1784.7,73.93,71900.0
2021-07-31,62.5,9747.5,4.589,1784.7,73.93,71900.0
2021-08-01,62.5,9747.5,4.589,1784.7,73.93,71900.0
2021-08-02,62.6,9737.0,4.589,1784.7,71.31,71710.0
2021-08-03,62.6,9583.5,4.589,1784.7,70.64,71030.0
2021-08-04,62.6,9503.0,4.589,1784.7,68.19,70290.0
2021-08-05,62.6,9429.0,4.589,1784.7,69.1,69660.0
2021-08-06,62.6,9529.5,4.589,1784.7,68.26,69800.0
2021-08-07,62.6,9529.5,4.589,1784.7,68.26,69800.0
2021-08-08,62.6,9529.5,4.589,1784.7,68.26,69800.0
2021-08-09,62.6,9311.5,4.589,1784.7,66.56,69620.0
2021-08-10,62.6,9409.5,4.589,1784.7,68.33,69560.0
2021-08-11,62.6,9421.0,4.589,1784.7,69.3,70000.0
2021-08-12,62.6,9508.5,4.589,1785.5,69.12,70430.0
2021-08-13,62.6,9429.5,4.589,1785.5,68.36,70240.0
2021-08-14,62.6,9429.5,4.589,1785.5,68.36,70240.0
2021-08-15,62.6,9429.5,4.589,1785.5,68.36,70240.0
2021-08-16,62.6,9377.0,4.589,1785.5,67.44,70280.0
2021-08-17,62.6,9346.5,4.589,1785.5,66.5,70080.0
2021-08-18,62.6,9148.5,4.589,1785.5,65.36,69240.0
2021-08-19,62.6,8775.5,4.589,1785.5,63.69,67700.0
2021-08-20,62.6,8922.0,4.589,1785.5,62.25,67260.0
2021-08-21,62.6,8922.0,4.589,1785.5,62.25,67260.0
2021-08-22,62.6,8922.0,4.589,1785.5,62.25,67260.0
2021-08-23,62.0,9237.0,4.589,1785.5,65.65,68290.0
2021-08-24,62.0,9316.5,4.589,1785.5,67.5,68940.0
2021-08-25,62.0,9378.5,4.589,1785.5,68.54,69600.0
2021-08-26,62.0,9323.0,4.589,1785.5,67.42,69260.0
2021-08-27,62.0,9352.0,4.546,1785.5,68.84,69185.0
2021-08-28,62.0,9352.0,4.52,1785.5,68.84,69185.0
2021-08-29,62.0,9352.0,4.52,1785.5,68.84,69185.0
2021-08-30,62.0,9352.0,4.481,1785.5,69.28,70165.0
2021-08-31,62.0,9462.5,4.432,1785.5,68.43,70315.0
2021-09-01,61.5,9312.0,4.432,1785.5,68.63,69940.0
2021-09-02,61.5,9347.0,4.432,1785.5,70.07,69460.0
2021-09-03,61.5,9361.0,4.387,1785.5,69.34,69575.0
2021-09-04,61.5,9361.0,4.387,1785.5,69.34,69575.0
2021-09-05,61.5,9361.0,4.387,1785.5,69.34,69575.0
2021-09-06,61.5,9401.5,4.387,1785.5,69.34,69710.0
2021-09-07,61.5,9325.0,4.387,1785.5,68.49,69580.0
2021-09-08,61.5,9256.0,4.387,1785.5,69.36,69250.0
2021-09-09,61.5,9356.5,4.387,1785.5,68.26,68850.0
2021-09-10,61.5,9515.0,4.448,1785.5,69.82,70035.0
2021-09-11,61.5,9515.0,4.448,1785.5,69.82,70035.0
2021-09-12,61.5,9515.0,4.448,1776.7,69.82,70035.0
2021-09-13,61.5,9627.0,4.448,1776.7,70.54,71525.0
2021-09-14,61.5,9407.0,4.448,1776.7,70.53,70520.0
2021-09-15,61.5,9488.5,4.448,1776.7,72.59,69860.0
2021-09-16,61.5,9392.0,4.448,1776.7,72.69,70460.0
2021-09-17,61.5,9435.5,4.448,1776.7,72.09,69810.0
2021-09-18,61.5,9435.5,4.448,1776.7,72.09,69810.0
2021-09-19,61.5,9435.5,4.448,1776.7,72.09,69810.0
2021-09-20,61.5,9145.5,4.448,1776.7,70.41,69810.0
2021-09-21,61.5,9106.0,4.448,1776.7,70.51,69810.0
2021-09-22,61.5,9255.0,4.448,1776.7,72.37,69075.0
2021-09-23,60.3,9252.0,4.448,1776.7,73.43,69040.0
2021-09-24,60.3,9275.0,4.448,1776.7,74.18,69375.0
2021-09-25,60.3,9275.0,4.448,1776.7,74.18,69375.0
2021-09-26,60.3,9275.0,4.448,1776.7,74.18,69375.0
2021-09-27,60.3,9341.0,4.448,1776.7,75.54,70060.0
2021-09-28,60.3,9263.0,4.448,1776.7,75.44,69520.0
2021-09-29,60.3,9227.0,4.448,1776.7,75.06,68965.0
2021-09-30,60.3,9041.0,4.448,1776.7,75.22,68700.0
2021-10-01,58.7,9113.0,4.448,1776.7,76.01,68700.0
2021-10-02,58.7,9113.0,4.448,1776.7,76.01,68700.0
2021-10-03,58.7,9113.0,4.448,1776.7,76.01,68700.0
2021-10-04,58.7,9267.5,4.448,1776.7,77.68,68700.0
2021-10-05,58.7,9091.5,4.448,1776.7,79.17,68700.0
2021-10-06,58.7,9096.0,4.448,1776.7,77.66,68700.0
2021-10-07,58.7,9177.0,4.448,1776.7,78.46,68700.0
2021-10-08,58.7,9246.0,4.448,1776.7,79.55,69940.0
2021-10-09,58.7,9246.0,4.448,1776.7,79.55,69940.0
2021-10-10,58.7,9246.0,4.448,1776.7,79.55,69940.0
2021-10-11,58.7,9527.0,4.448,1776.7,80.64,69925.0
2021-10-12,58.7,9585.0,4.404,1784.8,80.75,70320.0
2021-10-13,58.7,9661.0,4.521,1784.8,80.67,70160.0
2021-10-14,58.7,9971.0,4.631,1784.8,81.43,72540.0
2021-10-15,58.7,10555.0,4.734,1784.8,82.39,74060.0
2021-10-16,58.7,10555.0,4.734,1784.8,82.39,74060.0
2021-10-17,58.7,10555.0,4.734,1784.8,82.39,74060.0
2021-10-18,58.7,10500.0,4.734,1784.8,82.62,76030.0
2021-10-19,58.7,10652.0,4.734,1784.8,83.19,75750.0
2021-10-20,58.7,10161.0,4.756,1784.8,84.4,73430.0
2021-10-21,58.7,10051.0,4.756,1784.8,82.64,75190.0
2021-10-22,57.0,9992.0,4.756,1784.8,84.53,73125.0
2021-10-23,57.0,9992.0,4.756,1784.8,84.53,73125.0
2021-10-24,57.0,9992.0,4.756,1784.8,84.53,73125.0
2021-10-25,57.0,10050.0,4.756,1784.8,84.64,72650.0
2021-10-26,57.0,9988.0,4.756,1784.8,85.64,72585.0
2021-10-27,57.0,9849.5,4.756,1784.8,82.66,72060.0
2021-10-28,57.0,9860.0,4.756,1784.8,82.78,70770.0
2021-10-29,57.0,9955.0,4.756,1784.8,83.5,71575.0
2021-10-30,57.0,9955.0,4.756,1784.8,83.5,71575.0
2021-10-31,57.0,9955.0,4.756,1784.8,83.5,71575.0
2021-11-01,57.0,9875.0,4.756,1784.8,84.08,71150.0
2021-11-02,58.5,9817.0,4.756,1784.8,83.91,71180.0
2021-11-03,58.5,9825.0,4.756,1784.8,80.82,70910.0
2021-11-04,58.5,9785.0,4.756,1784.8,78.88,71270.0
2021-11-05,58.5,9740.0,4.756,1784.8,81.25,70275.0
2021-11-06,58.5,9740.0,4.756,1784.8,81.25,70275.0
2021-11-07,58.5,9740.0,4.756,1784.8,81.25,70275.0
2021-11-08,58.5,9885.0,4.756,1784.8,81.96,70865.0
2021-11-09,58.5,10002.0,4.756,1784.8,84.12,71110.0
2021-11-10,58.5,9791.0,4.756,1784.8,81.23,70650.0
2021-11-11,58.5,9850.0,4.756,1784.8,81.47,70780.0
2021-11-12,58.5,9854.5,4.756,1784.8,80.87,71435.0
2021-11-13,58.5,9854.5,4.756,1863.9,80.87,71435.0
2021-11-14,58.5,9854.5,4.756,1863.9,80.87,71435.0
2021-11-15,58.5,9845.0,4.756,1866.6,80.85,71500.0
2021-11-16,58.5,9680.0,4.756,1854.1,80.76,71750.0
2021-11-17,58.5,9495.0,4.756,1870.2,78.32,70955.0
2021-11-18,58.5,9450.0,4.756,1861.4,78.92,70350.0
2021-11-19,58.5,9620.5,4.756,1851.6,76.11,72250.0
2021-11-20,58.5,9620.5,4.756,1851.6,76.11,72250.0
2021-11-21,58.5,9620.5,4.587,1851.6,76.11,72250.0
2021-11-22,58.5,9730.0,4.551,1806.3,76.74,71775.0
2021-11-23,57.3,9825.5,4.551,1783.8,78.32,72510.0
2021-11-24,57.3,9852.0,4.551,1784.3,78.32,71820.0
2021-11-25,57.3,9932.0,4.551,1788.1,78.32,72330.0
2021-11-26,57.3,9630.0,4.487,1786.9,78.32,71610.0
2021-11-27,57.3,9630.0,4.458,1786.9,78.32,71610.0
2021-11-28,57.3,9630.0,4.458,1786.9,78.32,71610.0
2021-11-29,57.3,9751.0,4.458,1785.2,69.88,70795.0
2021-11-30,57.3,9605.0,4.458,1776.5,66.14,70650.0
2021-12-01,58.6,9571.0,4.458,1776.5,65.44,70180.0
2021-12-02,58.6,9520.0,4.458,1776.5,66.6,69900.0
2021-12-03,58.6,9513.0,4.458,1776.5,66.39,69830.0
2021-12-04,58.6,9513.0,4.458,1776.5,66.39,69830.0
2021-12-05,58.6,9513.0,4.458,1776.5,66.39,69830.0
2021-12-06,58.6,9526.0,4.458,1776.5,69.62,69915.0
2021-12-07,58.6,9647.0,4.458,1776.5,71.94,69760.0
2021-12-08,58.6,9555.5,4.458,1776.5,72.43,69815.0
2021-12-09,58.6,9578.0,4.458,1776.5,70.87,69980.0
2021-12-10,58.6,9543.0,4.458,1776.5,71.71,69750.0
2021-12-11,58.6,9543.0,4.458,1776.5,71.71,69750.0
2021-12-12,58.6,9543.0,4.458,1776.5,71.71,69750.0
2021-12-13,58.6,9500.0,4.458,1788.3,71.19,69550.0
2021-12-14,58.6,9485.0,4.458,1772.3,70.57,68900.0
2021-12-15,58.6,9290.0,4.458,1764.5,70.89,68875.0
2021-12-16,57.8,9506.0,4.458,1798.2,72.34,68570.0
2021-12-17,57.8,9520.0,4.458,1804.9,70.93,69525.0
2021-12-18,57.8,9520.0,4.458,1804.9,70.93,69525.0
2021-12-19,57.8,9520.0,4.458,1804.9,70.93,69525.0
2021-12-20,57.8,9406.0,4.458,1794.6,68.69,69200.0
2021-12-21,57.8,9521.0,4.458,1788.7,71.1,69385.0
2021-12-22,57.8,9625.0,4.458,1802.2,72.82,69520.0
2021-12-23,57.8,9606.0,4.458,1811.7,73.89,69850.0
2021-12-24,57.8,9582.0,4.458,1811.7,73.89,69840.0
2021-12-25,57.8,9582.0,4.458,1811.7,73.89,69840.0
2021-12-26,57.8,9582.0,4.391,1811.7,73.89,69840.0
2021-12-27,57.8,9582.0,4.465,1808.8,75.49,69650.0
2021-12-28,57.8,9582.0,4.465,1810.9,76.01,70270.0
2021-12-29,57.8,9655.0,4.465,1805.8,76.58,70060.0
2021-12-30,57.8,9715.0,4.465,1814.1,76.83,70020.0
2021-12-31,57.8,9692.0,4.465,1828.6,75.33,69910.0
2022-01-01,57.8,9692.0,4.465,1828.6,75.33,69910.0
2022-01-02,57.8,9692.0,4.465,1801.5,75.33,69910.0
2022-01-03,58.0,9692.0,4.465,1943.8,75.99,69910.0
2022-01-04,58.0,9660.0,4.466,1923.7,77.0,69840.0
2022-01-05,58.0,9778.0,4.466,1923.7,77.83,70420.0
2022-01-06,58.0,9565.0,4.466,1848.7,79.47,69960.0
2022-01-07,58.0,9615.0,4.466,1801.5,79.0,69790.0
2022-01-08,58.0,9615.0,4.466,1787.7,79.0,69790.0
2022-01-09,58.0,9615.0,4.466,1709.3,79.0,69790.0
2022-01-10,58.0,9665.0,4.466,1709.3,78.11,70075.0
2022-01-11,58.0,9662.0,4.466,1649.7,81.17,69900.0
2022-01-12,58.0,9945.0,4.564,1815.2,82.51,70850.0
2022-01-13,58.0,9972.0,4.564,1815.2,81.97,72130.0
2022-01-14,58.0,9900.0,4.564,1815.2,83.82,71570.0
2022-01-15,58.0,9900.0,4.564,1815.2,83.82,71570.0
2022-01-16,58.0,9900.0,4.564,1815.2,83.82,71570.0
2022-01-17,58.0,9674.5,4.564,1815.2,83.82,70380.0
2022-01-18,58.0,9707.0,4.564,1815.2,85.42,70525.0
2022-01-19,58.0,9801.0,4.564,1815.2,86.84,70330.0
2022-01-20,58.0,9925.0,4.577,1815.2,86.29,70930.0
2022-01-21,58.0,9970.0,4.577,1815.2,85.16,71000.0
2022-01-22,58.0,9970.0,4.577,1815.2,85.16,71000.0
2022-01-23,58.0,9970.0,4.577,1815.2,85.16,71000.0
2022-01-24,57.5,9800.0,4.577,1815.2,84.48,70800.0
2022-01-25,57.5,9744.0,4.577,1815.2,86.61,70040.0
2022-01-26,57.5,9965.0,4.577,1815.2,88.33,70270.0
2022-01-27,57.5,9872.0,4.577,1815.2,87.61,70400.0
2022-01-28,57.5,9678.0,4.577,1815.2,87.67,70480.0
2022-01-29,57.5,9678.0,4.577,1815.2,87.67,70480.0
2022-01-30,57.5,9678.0,4.577,1815.2,87.67,70480.0
2022-01-31,57.5,9620.0,4.577,1815.2,89.16,70480.0
2022-02-01,59.0,9701.0,4.577,1815.2,88.22,70480.0
2022-02-02,59.0,9880.0,4.577,1815.2,88.16,70480.0
2022-02-03,59.0,9785.0,4.577,1815.2,90.17,70480.0
2022-02-04,59.0,9875.0,4.577,1815.2,92.27,70480.0
2022-02-05,59.0,9875.0,4.577,1815.2,92.27,70480.0
2022-02-06,59.0,9875.0,4.577,1815.2,92.27,70480.0
2022-02-07,59.0,9850.0,4.577,1815.2,91.25,71035.0
2022-02-08,59.0,9760.0,4.577,1815.2,89.32,70690.0
2022-02-09,59.0,9881.0,4.601,1815.2,89.57,70500.0
2022-02-10,59.0,10220.5,4.657,1815.2,89.83,72210.0
2022-02-11,59.0,10040.0,4.657,1815.2,93.1,72580.0
2022-02-12,59.0,10040.0,4.657,1809.6,93.1,72580.0
2022-02-13,59.0,10040.0,4.657,1809.6,93.1,72580.0
2022-02-14,59.0,9882.0,4.657,1809.6,95.52,71470.0
2022-02-15,59.0,10020.0,4.657,1809.6,92.07,71090.0
2022-02-16,59.0,10045.5,4.657,1809.6,93.83,71550.0
2022-02-17,59.0,10010.0,4.657,1809.6,91.78,71550.0
2022-02-18,59.0,10015.0,4.657,1809.6,91.26,71525.0
2022-02-19,59.0,10015.0,4.657,1809.6,91.26,71525.0
2022-02-20,59.0,10015.0,4.657,1809.6,91.26,71525.0
2022-02-21,58.7,9960.0,4.657,1809.6,91.26,71530.0
2022-02-22,58.7,10020.0,4.657,1809.6,92.11,71140.0
2022-02-23,58.7,10005.0,4.657,1809.6,92.14,71170.0
2022-02-24,58.7,9983.0,4.657,1809.6,92.77,70810.0
2022-02-25,58.7,9920.0,4.657,1809.6,91.68,71010.0
2022-02-26,58.7,9920.0,4.657,1809.6,91.68,71010.0
2022-02-27,58.7,9920.0,4.657,1809.6,91.68,71010.0
2022-02-28,58.7,9974.0,4.657,1809.6,96.13,70900.0
2022-03-01,58.4,9976.0,4.657,1809.6,103.66,70880.0
2022-03-02,58.4,10257.5,4.657,1809.6,110.74,71520.0
2022-03-03,58.4,10470.0,4.771,1809.6,107.69,72540.0
2022-03-04,58.4,10466.0,4.929,1809.6,115.77,72930.0
2022-03-05,58.4,10466.0,4.929,1809.6,115.77,72930.0
2022-03-06,58.4,10466.0,4.929,1809.6,115.77,72930.0
2022-03-07,58.4,10730.0,4.929,1809.6,119.26,75060.0
2022-03-08,58.4,10171.0,4.929,1809.6,123.64,72950.0
2022-03-09,58.4,10052.0,4.929,1809.6,108.81,73080.0
2022-03-10,58.4,10144.0,4.929,1809.6,105.93,72080.0
2022-03-11,58.4,10145.0,4.929,1809.6,109.31,72170.0
2022-03-12,58.4,10145.0,4.929,1809.6,109.31,72170.0
2022-03-13,58.4,10145.0,4.929,1809.6,109.31,72170.0
2022-03-14,58.4,9880.0,4.929,1809.6,103.22,72210.0
2022-03-15,58.4,9826.0,4.929,1809.6,96.42,71790.0
2022-03-16,58.4,10100.5,4.929,1630.9,94.85,72060.0
2022-03-17,58.4,10166.0,4.929,1630.9,102.97,72740.0
2022-03-18,58.4,10249.0,4.929,1630.9,104.69,73310.0
2022-03-19,58.4,10249.0,4.929,1630.9,104.69,73310.0
2022-03-20,58.4,10249.0,4.929,1630.9,104.69,73310.0
2022-03-21,58.4,10173.0,4.929,1630.9,112.14,73440.0
2022-03-22,58.4,10342.0,4.929,1630.9,111.03,73510.0
2022-03-23,58.4,10311.0,4.929,1630.9,114.89,73410.0
2022-03-24,56.0,10421.0,4.929,1630.9,114.2,73880.0
2022-03-25,56.0,10280.0,4.929,1630.9,116.2,73775.0
2022-03-26,56.0,10280.0,4.929,1630.9,116.2,73775.0
2022-03-27,56.0,10280.0,4.929,1630.9,116.2,73775.0
2022-03-28,56.0,10227.0,4.929,1630.9,107.55,73360.0
2022-03-29,56.0,10350.0,4.929,1630.9,104.25,74100.0
2022-03-30,56.0,10390.5,4.929,1630.9,107.81,73980.0
2022-03-31,56.0,10337.0,4.929,1630.9,100.53,73575.0
2022-04-01,57.0,10247.0,4.929,1630.9,99.32,73635.0
2022-04-02,57.0,10247.0,4.929,1630.9,99.32,73635.0
2022-04-03,57.0,10247.0,4.929,1630.9,99.32,73635.0
2022-04-04,57.0,10301.5,4.929,1630.9,103.29,73635.0
2022-04-05,57.0,10426.0,4.791,1630.9,101.98,73635.0
2022-04-06,57.0,10350.5,4.791,1630.9,96.39,74000.0
2022-04-07,57.0,10292.0,4.791,1630.9,96.05,73690.0
2022-04-08,57.0,10390.0,4.791,1630.9,98.35,73765.0
2022-04-09,57.0,10390.0,4.791,1630.9,98.35,73765.0
2022-04-10,57.0,10390.0,4.791,1630.9,98.35,73765.0
2022-04-11,57.0,10235.5,4.791,1676.6,94.22,73720.0
2022-04-12,57.0,10201.0,4.791,1676.6,100.52,73790.0
2022-04-13,57.0,10290.5,4.791,1676.6,104.26,74550.0
2022-04-14,57.0,10277.0,4.791,1676.6,106.84,74370.0
2022-04-15,57.0,10277.0,4.791,1676.6,106.84,75385.0
2022-04-16,57.0,10277.0,4.791,1676.6,106.84,75385.0
2022-04-17,57.0,10277.0,4.791,1676.6,106.84,75385.0
2022-04-18,57.0,10277.0,4.796,1676.6,108.24,75440.0
2022-04-19,57.0,10381.0,4.796,1676.6,102.54,75575.0
2022-04-20,57.0,10215.0,4.796,1676.6,102.56,74740.0
2022-04-21,57.0,10268.0,4.796,1676.6,103.89,74850.0
2022-04-22,54.7,10230.5,4.796,1676.6,102.86,75070.0
2022-04-23,54.7,10230.5,4.796,1676.6,102.86,75070.0
2022-04-24,54.7,10230.5,4.796,1676.6,102.86,75070.0
2022-04-25,54.7,9919.0,4.796,1676.6,99.6,74330.0
2022-04-26,54.7,9912.5,4.796,1676.6,102.62,73950.0
2022-04-27,54.7,9910.0,4.796,1676.6,101.96,73770.0
2022-04-28,54.7,9812.0,4.796,1676.6,105.47,74005.0
2022-04-29,54.7,9820.5,4.796,1676.6,104.59,73930.0
2022-04-30,54.7,9820.5,4.796,1676.6,104.59,73930.0
2022-05-01,54.7,9820.5,4.796,1676.6,104.59,73930.0
2022-05-02,55.3,9820.5,4.796,1676.6,105.18,73930.0
2022-05-03,55.3,9511.0,4.796,1676.6,102.53,73930.0
2022-05-04,55.3,9474.0,4.796,1676.6,107.84,73930.0
2022-05-05,55.3,9541.0,4.796,1676.6,108.17,73760.0
2022-05-06,55.3,9428.0,4.796,1676.6,109.72,72875.0
2022-05-07,55.3,9428.0,4.796,1676.6,109.72,72875.0
2022-05-08,55.3,9428.0,4.796,1676.6,109.72,72875.0
2022-05-09,55.3,9160.0,4.796,1676.6,103.08,72460.0
2022-05-10,55.3,9350.0,4.796,1676.6,99.74,71990.0
2022-05-11,55.3,9367.0,4.796,1676.6,105.5,71990.0
2022-05-12,55.3,9018.5,4.796,1781.3,106.15,72050.0
2022-05-13,55.3,9064.0,4.796,1781.3,110.52,71160.0
2022-05-14,55.3,9064.0,4.796,1781.3,110.52,71160.0
2022-05-15,55.3,9064.0,4.796,1781.3,110.52,71160.0
2022-05-16,55.3,9270.0,4.796,1781.3,114.07,71650.0
2022-05-17,55.3,9396.0,4.796,1781.3,112.31,72175.0
2022-05-18,55.3,9264.5,4.796,1781.3,109.67,72070.0
2022-05-19,55.3,9287.0,4.796,1781.3,112.21,71775.0
2022-05-20,55.3,9477.0,4.714,1781.3,112.63,72150.0
2022-05-21,55.3,9477.0,4.704,1781.3,112.63,72150.0
2022-05-22,55.3,9477.0,4.704,1781.3,112.63,72150.0
2022-05-23,55.3,9500.5,4.582,1781.3,110.32,72400.0
2022-05-24,54.9,9460.5,4.455,1781.3,112.55,72500.0
2022-05-25,54.9,9287.0,4.455,1781.3,112.88,72220.0
2022-05-26,54.9,9359.0,4.455,1781.3,116.19,71950.0
2022-05-27,54.9,9383.0,4.455,1781.3,114.96,72625.0
2022-05-28,54.9,9383.0,4.455,1781.3,114.96,72625.0
2022-05-29,54.9,9383.0,4.413,1781.3,114.96,72625.0
2022-05-30,54.9,9520.5,4.395,1781.3,114.96,72650.0
2022-05-31,54.9,9500.5,4.348,1781.3,114.38,72630.0
2022-06-01,54.4,9455.0,4.348,1781.3,115.26,72150.0
2022-06-02,54.4,9455.0,4.554,1781.3,116.88,72530.0
2022-06-03,54.4,9455.0,4.554,1781.3,118.97,72530.0
2022-06-04,54.4,9455.0,4.554,1781.3,118.97,72530.0
2022-06-05,54.4,9455.0,4.554,1781.3,118.97,72530.0
2022-06-06,54.4,9712.0,4.554,1781.3,118.41,73225.0
2022-06-07,54.4,9612.0,4.554,1781.3,119.55,72975.0
2022-06-08,54.4,9692.0,4.554,1781.3,121.94,72890.0
2022-06-09,54.4,9630.0,4.554,1781.3,121.52,73030.0
2022-06-10,54.4,9537.0,4.554,1781.3,120.73,72750.0
2022-06-11,54.4,9537.0,4.554,1781.3,120.73,72750.0
2022-06-12,54.4,9537.0,4.554,1782.4,120.73,72750.0
2022-06-13,54.4,9290.0,4.554,1782.4,120.92,72170.0
2022-06-14,54.4,9263.0,4.554,1782.4,118.92,71670.0
2022-06-15,54.4,9257.0,4.554,1782.4,115.32,71250.0
2022-06-16,54.4,9105.0,4.554,1782.4,117.56,71255.0
2022-06-17,54.4,9101.0,4.554,1782.4,109.56,69975.0
2022-06-18,54.4,9101.0,4.554,1782.4,109.56,69975.0
2022-06-19,54.4,9101.0,4.554,1782.4,109.56,69975.0
2022-06-20,54.4,8875.0,4.554,1782.4,109.56,68750.0
2022-06-21,54.4,9000.0,4.554,1782.4,110.49,68700.0
2022-06-22,54.4,8729.0,4.554,1782.4,106.22,68160.0
2022-06-23,53.9,8578.0,4.554,1782.4,105.75,66050.0
2022-06-24,53.9,8280.5,4.554,1782.4,109.07,64340.0
2022-06-25,53.9,8280.5,4.554,1782.4,109.07,64340.0
2022-06-26,53.9,8280.5,4.554,1782.4,109.07,64340.0
2022-06-27,53.9,8353.0,4.554,1782.4,111.44,64465.0
2022-06-28,53.9,8502.0,4.554,1782.4,113.66,64150.0
2022-06-29,53.9,8446.0,4.554,1782.4,111.65,63940.0
2022-06-30,53.9,8245.0,4.554,1782.4,107.76,64230.0
2022-07-01,52.0,7975.5,4.554,1782.4,110.3,62930.0
2022-07-02,52.0,7975.5,4.554,1782.4,110.3,62930.0
2022-07-03,52.0,7975.5,4.554,1782.4,110.3,62930.0
2022-07-04,52.0,8036.0,4.478,1782.4,110.3,61560.0
2022-07-05,52.0,7807.0,4.458,1782.4,101.55,61225.0
2022-07-06,52.0,7525.5,4.458,1782.4,100.31,58125.0
2022-07-07,52.0,7835.0,4.458,1782.4,104.62,58600.0
2022-07-08,52.0,7790.0,4.458,1782.4,106.78,59600.0
2022-07-09,52.0,7790.0,4.458,1782.4,106.78,59600.0
2022-07-10,52.0,7790.0,4.389,1782.4,106.78,59600.0
2022-07-11,52.0,7623.0,4.301,1782.4,106.09,58535.0
2022-07-12,52.0,7370.5,4.216,1798.0,97.69,58430.0
2022-07-13,52.0,7267.0,4.216,1798.0,98.44,56460.0
2022-07-14,52.0,7216.0,4.216,1798.0,97.79,56300.0
2022-07-15,52.0,7000.0,4.168,1798.0,99.59,54890.0
2022-07-16,52.0,7000.0,4.168,1798.0,99.59,54890.0
2022-07-17,52.0,7000.0,4.112,1798.0,99.59,54890.0
2022-07-18,52.0,7320.0,4.043,1798.0,104.48,56010.0
2022-07-19,52.0,7281.5,4.043,1798.0,106.12,56210.0
2022-07-20,52.0,7371.0,4.043,1798.0,104.45,56920.0
2022-07-21,52.0,7231.5,4.043,1798.0,98.44,56360.0
2022-07-22,51.0,7372.0,4.043,1798.0,97.71,57030.0
2022-07-23,51.0,7372.0,3.951,1798.0,97.71,57030.0
2022-07-24,51.0,7372.0,3.784,1798.0,97.71,57030.0
2022-07-25,51.0,7448.0,3.784,1798.0,99.83,57570.0
2022-07-26,51.0,7591.5,3.784,1798.0,97.74,58930.0
2022-07-27,51.0,7552.0,3.784,1798.0,100.03,58710.0
2022-07-28,51.0,7712.0,3.784,1798.0,99.11,60090.0
2022-07-29,51.0,7800.5,3.784,1798.0,101.31,60315.0
2022-07-30,51.0,7800.5,3.779,1798.0,101.31,60315.0
2022-07-31,51.0,7800.5,3.715,1798.0,101.31,60315.0
2022-08-01,49.6,7930.5,3.619,1798.0,96.59,61640.0
2022-08-02,49.6,7819.0,3.584,1798.0,97.14,60180.0
2022-08-03,49.6,7774.0,3.584,1798.0,93.25,60260.0
2022-08-04,49.6,7642.0,3.584,1798.0,91.29,59930.0
2022-08-05,49.6,7830.5,3.584,1798.0,91.77,60520.0
2022-08-06,49.6,7830.5,3.584,1798.0,91.77,60520.0
2022-08-07,49.6,7830.5,3.584,1798.0,91.77,60520.0
2022-08-08,49.6,7835.0,3.587,1798.0,93.52,61340.0
2022-08-09,49.6,7971.5,3.592,1798.0,93.18,61540.0
2022-08-10,49.6,7976.0,3.655,1798.0,94.68,61780.0
2022-08-11,49.6,8140.0,3.711,1798.0,97.02,62520.0
2022-08-12,49.6,8065.0,3.711,1801.5,94.86,63000.0
2022-08-13,49.6,8065.0,3.711,1801.5,94.86,63000.0
2022-08-14,49.6,8065.0,3.711,1801.5,94.86,63000.0
2022-08-15,49.6,7865.5,3.711,1801.5,92.24,62310.0
2022-08-16,49.6,7992.0,3.711,1801.5,89.23,62460.0
2022-08-17,49.6,7955.0,3.711,1801.5,90.85,62470.0
2022-08-18,49.6,8020.0,3.711,1801.5,93.2,62300.0
2022-08-19,49.6,8051.0,3.711,1801.5,93.55,62950.0
2022-08-20,49.6,8051.0,3.711,1801.5,93.55,62950.0
2022-08-21,49.6,8051.0,3.711,1801.5,93.55,62950.0
2022-08-22,49.6,8041.0,3.711,1801.5,93.42,63610.0
2022-08-23,49.0,8100.5,3.711,1801.5,96.46,63570.0
2022-08-24,49.0,8031.5,3.711,1801.5,95.52,63715.0
2022-08-25,49.0,8155.0,3.711,1801.5,93.33,63330.0
2022-08-26,49.0,8315.0,3.712,1801.5,93.63,64270.0
2022-08-27,49.0,8315.0,3.712,1801.5,93.63,64270.0
2022-08-28,49.0,8315.0,3.712,1801.5,93.63,64270.0
2022-08-29,49.0,8315.0,3.712,1801.5,97.4,63720.0
2022-08-30,49.0,7910.5,3.712,1801.5,92.08,63120.0
2022-08-31,49.0,7721.0,3.712,1801.5,90.09,62770.0
2022-09-01,49.7,7702.0,3.712,1801.5,87.09,61775.0
2022-09-02,49.7,7587.0,3.712,1801.5,87.29,60500.0
2022-09-03,49.7,7587.0,3.712,1801.5,87.29,60500.0
2022-09-04,49.7,7587.0,3.712,1801.5,87.29,60500.0
2022-09-05,49.7,7652.5,3.712,1801.5,87.29,60840.0
2022-09-06,49.7,7707.0,3.712,1801.5,87.35,61750.0
2022-09-07,49.7,7730.0,3.712,1801.5,82.5,61700.0
2022-09-08,49.7,7906.0,3.712,1801.5,84.04,61910.0
2022-09-09,49.7,7985.0,3.712,1801.5,87.27,63650.0
2022-09-10,49.7,7985.0,3.712,1801.5,87.27,63650.0
2022-09-11,49.7,7985.0,3.712,1801.5,87.27,63650.0
2022-09-12,49.7,8026.0,3.712,1810.7,88.18,63650.0
2022-09-13,49.7,8230.0,3.712,1810.7,87.84,63850.0
2022-09-14,49.7,7865.0,3.712,1810.7,88.88,63050.0
2022-09-15,49.7,7806.0,3.712,1810.7,85.72,63370.0
2022-09-16,49.7,7792.0,3.712,1810.7,85.57,62865.0
2022-09-17,49.7,7792.0,3.712,1810.7,85.57,62865.0
2022-09-18,49.7,7792.0,3.712,1810.7,85.57,62865.0
2022-09-19,49.7,7772.0,3.712,1810.7,86.15,63440.0
2022-09-20,49.7,7796.0,3.712,1810.7,84.69,63370.0
2022-09-21,49.7,7761.5,3.712,1810.7,83.38,63120.0
2022-09-22,49.7,7815.0,3.712,1810.7,84.02,63120.0
2022-09-23,48.7,7446.0,3.712,1810.7,79.07,63025.0
2022-09-24,48.7,7446.0,3.712,1810.7,79.07,63025.0
2022-09-25,48.7,7446.0,3.712,1810.7,79.07,63025.0
2022-09-26,48.7,7449.0,3.712,1810.7,77.17,61570.0
2022-09-27,48.7,7475.0,3.627,1810.7,78.91,61485.0
2022-09-28,48.7,7353.0,3.627,1810.7,82.61,61430.0
2022-09-29,48.7,7660.5,3.627,1810.7,81.78,62430.0
2022-09-30,48.7,7647.0,3.626,1810.7,79.91,62670.0
2022-10-01,48.7,7647.0,3.626,1810.7,79.91,62670.0
2022-10-02,48.7,7647.0,3.626,1810.7,79.91,62670.0
2022-10-03,48.5,7524.0,3.626,1810.7,84.05,62670.0
2022-10-04,48.5,7596.0,3.626,1810.7,86.87,62670.0
2022-10-05,48.5,7661.0,3.626,1810.7,88.22,62670.0
2022-10-06,48.5,7744.0,3.626,1810.7,88.9,62670.0
2022-10-07,48.5,7575.5,3.626,1810.7,93.07,62670.0
2022-10-08,48.5,7575.5,3.626,1810.7,93.07,62670.0
2022-10-09,48.5,7575.5,3.626,1810.7,93.07,62670.0
2022-10-10,48.5,7655.0,3.626,1810.7,91.6,63070.0
2022-10-11,48.5,7587.0,3.626,1810.7,89.75,63975.0
2022-10-12,48.5,7625.5,3.626,1810.7,87.83,63800.0
2022-10-13,48.5,7663.0,3.626,1810.7,89.59,63960.0
2022-10-14,48.5,7688.0,3.581,1753.7,86.1,64760.0
2022-10-15,48.5,7688.0,3.561,1753.7,86.1,64760.0
2022-10-16,48.5,7688.0,3.561,1753.7,86.1,64760.0
2022-10-17,48.5,7715.0,3.561,1753.7,86.0,64450.0
2022-10-18,48.5,7536.0,3.558,1753.7,83.29,63550.0
2022-10-19,48.5,7420.0,3.558,1753.7,86.0,62950.0
2022-10-20,48.5,7585.5,3.558,1753.7,86.02,62895.0
2022-10-21,48.5,7545.0,3.548,1753.7,85.47,64000.0
2022-10-22,48.5,7545.0,3.533,1753.7,85.47,64000.0
2022-10-23,48.5,7545.0,3.533,1753.7,85.47,64000.0
2022-10-24,47.8,7661.0,3.533,1753.7,86.12,64530.0
2022-10-25,47.8,7536.0,3.533,1753.7,86.93,64300.0
2022-10-26,47.8,7762.5,3.63,1753.7,89.39,63950.0
2022-10-27,47.8,7777.0,3.63,1753.7,89.06,64690.0
2022-10-28,47.8,7663.5,3.63,1753.7,87.85,64650.0
2022-10-29,47.8,7663.5,3.63,1753.7,87.85,64650.0
2022-10-30,47.8,7663.5,3.63,1753.7,87.85,64650.0
2022-10-31,47.8,7525.0,3.63,1753.7,86.54,63810.0
2022-11-01,47.8,7745.0,3.63,1753.7,88.36,64300.0
2022-11-02,46.6,7705.0,3.63,1753.7,90.06,64950.0
2022-11-03,46.6,7510.0,3.63,1753.7,88.14,64690.0
2022-11-04,46.6,7905.0,3.715,1753.7,92.58,64700.0
2022-11-05,46.6,7905.0,3.715,1753.7,92.58,64700.0
2022-11-06,46.6,7905.0,3.715,1753.7,92.58,64700.0
2022-11-07,46.6,7954.5,3.715,1753.7,91.8,66440.0
2022-11-08,46.6,7974.0,3.715,1753.7,88.8,66225.0
2022-11-09,46.6,8035.0,3.741,1753.7,85.79,66800.0
2022-11-10,46.6,8065.0,3.796,1753.7,86.52,67400.0
2022-11-11,46.6,8441.0,3.951,1769.4,89.14,68575.0
2022-11-12,46.6,8441.0,3.951,1769.4,89.14,68575.0
2022-11-13,46.6,8441.0,3.951,1769.4,89.14,68575.0
2022-11-14,46.6,8346.0,3.951,1776.9,85.85,67770.0
2022-11-15,46.6,8343.0,3.951,1776.8,86.87,67275.0
2022-11-16,46.6,8315.0,3.951,1775.8,85.62,67050.0
2022-11-17,46.6,8155.0,3.951,1763.0,81.69,66540.0
2022-11-18,46.6,8047.0,3.951,1754.4,80.07,66275.0
2022-11-19,46.6,8047.0,3.951,1754.4,80.07,66275.0
2022-11-20,46.6,8047.0,3.951,1754.4,80.07,66275.0
2022-11-21,46.6,7900.5,3.951,1739.6,79.74,65275.0
2022-11-22,46.6,7996.0,3.951,1739.9,80.83,65170.0
2022-11-23,46.0,7962.0,3.951,1745.6,77.93,65260.0
2022-11-24,46.0,7990.5,3.951,1754.0,77.93,65490.0
2022-11-25,46.0,8070.0,3.951,1754.0,76.45,65640.0
2022-11-26,46.0,8070.0,3.951,1754.0,76.45,65640.0
2022-11-27,46.0,8070.0,3.951,1754.0,76.45,65640.0
2022-11-28,46.0,7966.0,3.951,1740.3,77.1,64910.0
2022-11-29,46.0,8035.5,3.951,1763.7,77.96,65525.0
2022-11-30,46.0,8198.0,3.951,1759.9,80.48,65290.0
2022-12-01,47.3,8216.5,3.951,1759.9,81.06,66380.0
2022-12-02,47.3,8342.0,3.951,1759.9,79.86,66400.0
2022-12-03,47.3,8342.0,3.951,1759.9,79.86,66400.0
2022-12-04,47.3,8342.0,3.951,1759.9,79.86,66400.0
2022-12-05,47.3,8440.0,3.951,1759.9,76.83,67220.0
2022-12-06,47.3,8355.5,3.951,1759.9,74.21,66575.0
2022-12-07,47.3,8334.0,3.951,1759.9,71.93,66225.0
2022-12-08,47.3,8537.0,3.951,1759.9,71.3,66290.0
2022-12-09,47.3,8490.5,3.951,1759.9,71.05,67000.0
2022-12-10,47.3,8490.5,3.951,1759.9,71.05,67000.0
2022-12-11,47.3,8490.5,3.951,1759.9,71.05,67000.0
2022-12-12,47.3,8371.5,3.951,1792.3,72.96,66210.0
2022-12-13,47.3,8381.0,3.881,1825.5,75.44,66175.0
2022-12-14,47.3,8415.0,3.881,1818.7,77.14,66625.0
2022-12-15,47.3,8383.0,3.881,1787.8,75.89,66125.0
2022-12-16,47.1,8231.5,3.881,1800.2,74.19,65750.0
2022-12-17,47.1,8231.5,3.881,1800.2,74.19,65750.0
2022-12-18,47.1,8231.5,3.881,1800.2,74.19,65750.0
2022-12-19,47.1,8331.0,3.881,1797.7,75.05,66020.0
2022-12-20,47.1,8302.0,3.881,1825.4,75.92,65575.0
2022-12-21,47.1,8327.0,3.881,1825.4,78.17,66225.0
2022-12-22,47.1,8345.5,3.881,1795.3,77.68,66750.0
2022-12-23,47.1,8308.5,3.881,1804.2,79.57,66000.0
2022-12-24,47.1,8308.5,3.881,1804.2,79.57,66000.0
2022-12-25,47.1,8308.5,3.881,1804.2,79.57,66000.0
2022-12-26,47.1,8308.5,3.881,1809.7,79.57,66125.0
2022-12-27,47.1,8308.5,3.881,1823.1,79.45,66400.0
2022-12-28,47.1,8451.0,3.881,1815.8,78.89,66270.0
2022-12-29,47.1,8395.0,3.881,1826.0,78.43,66200.0
2022-12-30,47.1,8387.0,3.881,1826.2,80.16,66175.0
2022-12-31,47.1,8387.0,3.881,1826.2,80.16,66175.0
2023-01-01,47.1,8387.0,3.881,1826.2,80.16,66175.0
2023-01-02,47.8,8387.0,3.881,1927.8,80.16,66175.0
2023-01-03,47.8,8390.0,3.881,1845.4,76.87,65800.0
2023-01-04,47.8,8209.0,3.881,1845.4,72.82,65070.0
2023-01-05,47.8,8420.0,3.881,1992.2,73.61,64260.0
2023-01-06,47.8,8362.5,3.909,1995.5,73.77,65220.0
2023-01-07,47.8,8362.5,3.909,1995.5,73.77,65220.0
2023-01-08,47.8,8362.5,3.909,1978.8,73.77,65220.0
2023-01-09,47.8,8722.0,4.019,1967.1,74.69,66220.0
2023-01-10,47.8,8766.5,4.067,1967.1,75.11,66475.0
2023-01-11,47.8,8987.0,4.154,1987.5,77.46,67500.0
2023-01-12,47.8,9071.5,4.186,2089.7,78.32,68430.0
2023-01-13,47.8,9107.0,4.207,2089.7,79.9,68725.0
2023-01-14,47.8,9107.0,4.207,2089.7,79.9,68725.0
2023-01-15,47.8,9107.0,4.207,2089.7,79.9,68725.0
2023-01-16,47.8,9145.5,4.207,2089.7,79.9,68525.0
2023-01-17,47.8,9114.0,4.215,2089.7,80.25,68410.0
2023-01-18,47.8,9436.0,4.229,2089.7,79.53,69750.0
2023-01-19,47.8,9190.0,4.229,2089.7,80.31,69570.0
2023-01-20,47.8,9232.0,4.248,2089.7,81.27,70150.0
2023-01-21,47.8,9232.0,4.248,2089.7,81.27,70150.0
2023-01-22,47.8,9232.0,4.248,2089.7,81.27,70150.0
2023-01-23,47.8,9340.5,4.254,2089.7,81.62,70150.0
2023-01-24,48.5,9308.0,4.254,2089.7,79.86,70150.0
2023-01-25,48.5,9258.0,4.254,2089.7,79.78,70150.0
2023-01-26,48.5,9288.5,4.267,2089.7,80.64,70150.0
2023-01-27,48.5,9345.5,4.267,2089.7,79.73,70150.0
2023-01-28,48.5,9345.5,4.267,2089.7,79.73,70150.0
2023-01-29,48.5,9345.5,4.267,2089.7,79.73,70150.0
2023-01-30,48.5,9227.0,4.267,2089.7,77.97,69775.0
2023-01-31,48.5,9075.0,4.267,2089.7,78.95,69425.0
2023-02-01,48.8,9175.0,4.267,2089.7,76.34,69560.0
2023-02-02,48.8,9114.0,4.267,2089.7,75.87,69070.0
2023-02-03,48.8,9060.0,4.267,2089.7,73.4,68425.0
2023-02-04,48.8,9060.0,4.267,2089.7,73.4,68425.0
2023-02-05,48.8,9060.0,4.267,2089.7,73.4,68425.0
2023-02-06,48.8,8891.5,4.267,2089.7,74.11,68090.0
2023-02-07,48.8,8865.0,4.267,2089.7,77.17,67860.0
2023-02-08,48.8,9006.0,4.267,2089.7,78.47,68250.0
2023-02-09,48.8,8953.5,4.267,2089.7,78.04,68240.0
2023-02-10,48.8,8905.0,4.267,2089.7,79.74,68225.0
2023-02-11,48.8,8905.0,4.267,2089.7,79.74,68225.0
2023-02-12,48.8,8905.0,4.267,2089.7,79.74,68225.0
2023-02-13,48.8,8912.0,4.267,1993.5,80.14,68060.0
2023-02-14,48.8,8931.5,4.267,1993.5,79.08,68510.0
2023-02-15,48.8,8826.0,4.267,1993.5,78.57,68950.0
2023-02-16,48.8,8892.0,4.267,1993.5,78.45,68370.0
2023-02-17,48.8,8871.0,4.267,1993.5,76.31,69080.0
2023-02-18,48.8,8871.0,4.267,1993.5,76.31,69080.0
2023-02-19,48.8,8871.0,4.267,1993.5,76.31,69080.0
2023-02-20,48.8,9015.0,4.267,1993.5,76.31,69020.0
2023-02-21,49.3,9103.5,4.267,1993.5,76.28,69705.0
2023-02-22,49.3,9121.0,4.267,1993.5,73.95,70400.0
2023-02-23,49.3,9060.0,4.267,1993.5,75.26,70050.0
2023-02-24,49.3,8807.0,4.267,1993.5,76.19,69225.0
2023-02-25,49.3,8807.0,4.267,1993.5,76.19,69225.0
2023-02-26,49.3,8807.0,4.267,1993.5,76.19,69225.0
2023-02-27,49.3,8751.0,4.234,1993.5,75.57,68425.0
2023-02-28,49.3,8844.0,4.234,1993.5,76.88,68550.0
2023-03-01,48.5,9066.5,4.234,1993.5,77.57,69710.0
2023-03-02,48.5,8896.0,4.234,1993.5,78.05,69865.0
2023-03-03,48.5,8945.0,4.234,1993.5,79.62,69400.0
2023-03-04,48.5,8945.0,4.234,1993.5,79.62,69400.0
2023-03-05,48.5,8945.0,4.234,1993.5,79.62,69400.0
2023-03-06,48.5,8819.0,4.234,1993.5,80.39,69300.0
2023-03-07,48.5,8824.0,4.234,1993.5,77.45,69610.0
2023-03-08,48.5,8810.0,4.234,1993.5,76.56,68840.0
2023-03-09,48.5,8808.0,4.234,1993.5,75.6,69225.0
2023-03-10,48.5,8755.0,4.234,1993.5,76.55,69025.0
2023-03-11,48.5,8755.0,4.234,1999.2,76.55,69025.0
2023-03-12,48.5,8755.0,4.234,1999.2,76.55,69025.0
2023-03-13,48.5,8651.0,4.234,1999.2,74.68,69090.0
2023-03-14,48.5,8905.0,4.234,1999.2,71.18,68600.0
2023-03-15,48.5,8525.0,4.234,1999.2,67.38,68925.0
2023-03-16,48.5,8535.0,4.234,1999.2,68.15,67100.0
2023-03-17,48.5,8621.0,4.234,1999.2,66.61,67340.0
2023-03-18,48.5,8621.0,4.234,1999.2,66.61,67340.0
2023-03-19,48.5,8621.0,4.234,1999.2,66.61,67340.0
2023-03-20,48.5,8677.0,4.234,1999.2,67.56,67530.0
2023-03-21,48.5,8824.0,4.234,1999.2,69.4,67575.0
2023-03-22,48.5,8880.5,4.234,1999.2,70.71,68100.0
2023-03-23,48.5,8917.0,4.234,1999.2,69.77,68630.0
2023-03-24,49.0,8927.0,4.234,1999.2,69.22,69230.0
2023-03-25,49.0,8927.0,4.202,1999.2,69.22,69230.0
2023-03-26,49.0,8927.0,4.168,1999.2,69.22,69230.0
2023-03-27,49.0,8876.0,4.168,1999.2,72.87,69400.0
2023-03-28,49.0,8934.0,4.168,1999.2,73.12,69770.0
2023-03-29,49.0,9052.0,4.168,1999.2,72.95,69580.0
2023-03-30,49.0,9038.5,4.168,1999.2,74.32,69620.0
2023-03-31,49.0,8935.0,4.168,1999.2,75.68,69650.0
2023-04-01,49.0,8935.0,4.168,1999.2,75.68,69650.0
2023-04-02,49.0,8935.0,4.146,1999.2,75.68,69650.0
2023-04-03,47.1,8966.0,4.146,1999.2,80.4,69600.0
2023-04-04,47.1,8930.0,4.146,1999.2,80.7,69225.0
2023-04-05,47.1,8780.0,4.146,1999.2,80.69,69225.0
2023-04-06,47.1,8836.0,4.146,1999.2,80.7,68830.0
2023-04-07,47.1,8836.0,4.146,1999.2,80.7,68875.0
2023-04-08,47.1,8836.0,4.146,1999.2,80.7,68875.0
2023-04-09,47.1,8836.0,4.146,1999.2,80.7,68875.0
2023-04-10,47.1,8836.0,4.146,1999.2,79.79,68870.0
2023-04-11,47.1,8837.5,4.146,1999.2,81.54,68580.0
2023-04-12,47.1,8803.0,4.146,2042.2,83.26,69150.0
2023-04-13,47.1,9001.5,4.146,2042.2,82.16,69405.0
2023-04-14,47.1,9082.0,4.146,2042.2,82.58,70310.0
2023-04-15,47.1,9082.0,4.146,2042.2,82.58,70310.0
2023-04-16,47.1,9082.0,4.146,2042.2,82.58,70310.0
2023-04-17,47.1,8985.0,4.146,2042.2,80.93,69980.0
2023-04-18,47.1,8966.0,4.146,2042.2,80.85,69650.0
2023-04-19,47.1,8875.0,4.146,2042.2,79.18,69680.0
2023-04-20,47.1,8875.0,4.146,2042.2,77.27,69500.0
2023-04-21,48.0,8816.0,4.146,2042.2,77.86,68890.0
2023-04-22,48.0,8816.0,4.146,2042.2,77.86,68890.0
2023-04-23,48.0,8816.0,4.146,2042.2,77.86,68890.0
2023-04-24,48.0,8762.5,4.124,2042.2,78.64,68490.0
2023-04-25,48.0,8521.0,4.124,2042.2,77.05,68290.0
2023-04-26,48.0,8579.0,4.124,2042.2,74.33,67540.0
2023-04-27,48.0,8465.5,4.124,2042.2,74.77,66625.0
2023-04-28,48.0,8571.0,4.124,2042.2,76.78,67420.0
2023-04-29,48.0,8571.0,4.124,2042.2,76.78,67420.0
2023-04-30,48.0,8571.0,4.124,2042.2,76.78,67420.0
2023-05-01,48.0,8571.0,4.124,2042.2,75.65,67420.0
2023-05-02,45.5,8573.0,4.124,2042.2,71.71,67420.0
2023-05-03,45.5,8486.0,4.124,2042.2,68.62,67420.0
2023-05-04,45.5,8539.0,4.124,2042.2,68.52,67290.0
2023-05-05,45.5,8488.0,4.124,2042.2,71.32,66675.0
2023-05-06,45.5,8488.0,4.124,2042.2,71.32,66675.0
2023-05-07,45.5,8488.0,4.124,2042.2,71.32,66675.0
2023-05-08,45.5,8488.0,4.124,2042.2,73.13,67190.0
2023-05-09,45.5,8583.0,4.124,2042.2,73.68,67490.0
2023-05-10,45.5,8469.0,4.124,2042.2,72.53,67365.0
2023-05-11,45.5,8267.0,4.124,2042.2,70.81,66590.0
2023-05-12,45.5,8240.0,4.124,2036.3,70.02,64690.0
2023-05-13,45.5,8240.0,4.124,2036.3,70.02,64690.0
2023-05-14,45.5,8240.0,4.124,2036.3,70.02,64690.0
2023-05-15,45.5,8287.0,4.107,2036.3,71.07,64670.0
2023-05-16,45.5,8076.0,04.09,2036.3,70.85,65200.0
2023-05-17,45.5,8176.0,04.09,2036.3,72.78,64680.0
2023-05-18,45.5,8171.5,04.09,2036.3,71.82,66025.0
2023-05-19,45.5,8222.0,04.09,2036.3,71.57,65675.0
2023-05-20,45.5,8222.0,4.072,2036.3,71.57,65675.0
2023-05-21,45.5,8222.0,4.022,2036.3,71.57,65675.0
2023-05-22,45.5,8094.0,3.98,2036.3,71.81,65375.0
2023-05-23,46.2,7961.0,3.953,2036.3,72.87,65280.0
2023-05-24,46.2,7910.0,3.953,2036.3,74.37,64300.0
2023-05-25,46.2,7922.0,3.953,2036.3,71.68,63750.0
2023-05-26,46.2,8082.0,3.918,2036.3,72.35,64150.0
2023-05-27,46.2,8082.0,3.918,2036.3,72.35,64150.0
2023-05-28,46.2,8082.0,3.918,2036.3,72.35,64150.0
2023-05-29,46.2,8082.0,3.918,2036.3,72.35,65525.0
2023-05-30,46.2,8122.0,3.918,2036.3,69.45,65600.0
2023-05-31,46.2,8017.0,3.918,2036.3,68.11,65260.0
2023-06-01,44.6,8210.5,3.918,2036.3,70.09,65850.0
2023-06-02,44.6,8337.0,3.918,2036.3,71.76,66425.0
2023-06-03,44.6,8337.0,3.918,2036.3,71.76,66425.0
2023-06-04,44.6,8337.0,3.918,2036.3,71.76,66425.0
2023-06-05,44.6,8265.0,3.918,2036.3,72.14,66400.0
2023-06-06,44.6,8311.0,3.918,2036.3,71.71,67160.0
2023-06-07,44.6,8352.0,3.918,2036.3,72.52,67300.0
2023-06-08,44.6,8243.0,3.918,2036.3,71.28,67180.0
2023-06-09,44.6,8368.0,3.889,2036.3,70.16,67370.0
2023-06-10,44.6,8368.0,3.828,2036.3,70.16,67370.0
2023-06-11,44.6,8368.0,3.796,2036.3,70.16,67370.0
2023-06-12,44.6,8287.0,3.796,2047.9,67.08,67315.0
2023-06-13,44.6,8421.5,3.829,2047.9,69.39,67525.0
2023-06-14,44.6,8457.0,3.866,2047.9,68.22,68350.0
2023-06-15,44.6,8479.0,3.897,2047.9,70.61,68275.0
2023-06-16,44.6,8561.0,3.897,2047.9,71.81,68960.0
2023-06-17,44.6,8561.0,3.897,2047.9,71.81,68960.0
2023-06-18,44.6,8561.0,3.897,2047.9,71.81,68960.0
2023-06-19,44.6,8542.0,3.897,2047.9,71.81,69070.0
2023-06-20,44.6,8565.0,3.897,2047.9,70.94,69100.0
2023-06-21,44.6,8490.0,3.911,2047.9,72.55,69650.0
2023-06-22,44.6,8670.5,3.911,2047.9,69.22,69650.0
2023-06-23,44.8,8490.0,3.911,2047.9,68.91,69650.0
2023-06-24,44.8,8490.0,3.911,2047.9,68.91,69650.0
2023-06-25,44.8,8490.0,3.911,2047.9,68.91,69650.0
2023-06-26,44.8,8437.0,3.911,2047.9,69.09,69000.0
2023-06-27,44.8,8367.0,3.911,2047.9,67.68,68660.0
2023-06-28,44.8,8268.0,3.911,2047.9,69.54,68300.0
2023-06-29,44.8,8165.5,3.911,2047.9,69.85,68025.0
2023-06-30,44.8,8210.0,3.911,2047.9,70.66,68000.0
2023-07-01,44.8,8210.0,3.911,2047.9,70.66,68000.0
2023-07-02,44.8,8210.0,3.911,2047.9,70.66,68000.0
2023-07-03,43.6,8355.0,3.911,2047.9,69.71,69200.0
2023-07-04,43.6,8349.0,3.911,2047.9,69.71,68775.0
2023-07-05,43.6,8251.0,3.911,2047.9,71.78,68500.0
2023-07-06,43.6,8280.0,3.911,2047.9,71.76,68300.0
2023-07-07,43.6,8299.0,3.911,2047.9,73.91,68150.0
2023-07-08,43.6,8299.0,3.911,2047.9,73.91,68150.0
2023-07-09,43.6,8299.0,3.911,2047.9,73.91,68150.0
2023-07-10,43.6,8286.0,3.911,2047.9,73.05,68240.0
2023-07-11,43.6,8371.0,3.911,2047.9,74.87,68370.0
2023-07-12,43.6,8367.0,3.911,2046.4,75.77,68040.0
2023-07-13,43.6,8585.0,3.929,2046.4,76.86,68760.0
2023-07-14,43.6,8651.0,3.929,2046.4,75.44,69825.0
2023-07-15,43.6,8651.0,3.929,2046.4,75.44,69825.0
2023-07-16,43.6,8651.0,3.929,2046.4,75.44,69825.0
2023-07-17,43.6,8460.5,3.929,2046.4,74.17,69320.0
2023-07-18,43.6,8410.0,3.929,2046.4,75.76,68750.0
2023-07-19,43.6,8354.0,3.929,2046.4,75.4,68580.0
2023-07-20,43.6,8543.0,3.929,2046.4,75.65,68650.0
2023-07-21,43.6,8422.0,3.929,2046.4,77.06,68670.0
2023-07-22,43.6,8422.0,3.929,2046.4,77.06,68670.0
2023-07-23,43.6,8422.0,3.929,2046.4,77.06,68670.0
2023-07-24,43.5,8430.0,3.929,2046.4,78.81,68520.0
2023-07-25,43.5,8597.0,3.929,2046.4,79.76,68980.0
2023-07-26,43.5,8534.0,3.929,2046.4,79.11,69200.0
2023-07-27,43.5,8578.5,3.929,2046.4,80.17,69460.0
2023-07-28,43.5,8592.0,3.929,2046.4,80.55,68950.0
2023-07-29,43.5,8592.0,3.929,2046.4,80.55,68950.0
2023-07-30,43.5,8592.0,3.929,2046.4,80.55,68950.0
2023-07-31,43.5,8635.5,3.994,2046.4,81.8,69830.0
2023-08-01,42.7,8720.5,3.994,2046.4,81.37,70925.0
2023-08-02,42.7,8545.0,3.994,2046.4,79.5,69990.0
2023-08-03,42.7,8472.0,3.994,2046.4,81.56,69425.0
2023-08-04,42.7,8450.5,3.994,2046.4,82.76,69875.0
2023-08-05,42.7,8450.5,3.994,2046.4,82.76,69875.0
2023-08-06,42.7,8450.5,3.994,2046.4,82.76,69875.0
2023-08-07,42.7,8495.0,3.994,2046.4,81.94,69290.0
2023-08-08,42.7,8276.0,3.994,2046.4,82.94,69130.0
2023-08-09,42.7,8395.0,3.994,2046.4,84.35,68710.0
2023-08-10,42.7,8423.5,3.994,2046.4,82.81,68740.0
2023-08-11,42.7,8242.0,3.994,2046.4,83.17,68690.0
2023-08-12,42.7,8242.0,3.994,2014.5,83.17,68690.0
2023-08-13,42.7,8242.0,3.994,2014.5,83.17,68690.0
2023-08-14,42.7,8242.0,3.994,2014.5,82.5,68190.0
2023-08-15,42.7,8126.5,3.994,2014.5,81.06,68590.0
2023-08-16,42.7,8132.0,3.994,2014.5,79.4,68270.0
2023-08-17,42.7,8215.0,3.994,2014.5,80.43,68260.0
2023-08-18,42.7,8176.0,3.994,2014.5,81.25,68840.0
2023-08-19,42.7,8176.0,3.994,2014.5,81.25,68840.0
2023-08-20,42.7,8176.0,3.994,2014.5,81.25,68840.0
2023-08-21,42.7,8239.5,3.994,2014.5,80.71,68925.0
2023-08-22,42.7,8342.0,3.994,2014.5,80.25,68810.0
2023-08-23,42.6,8377.5,3.994,2014.5,78.91,69410.0
2023-08-24,42.6,8358.5,3.994,2014.5,79.52,69700.0
2023-08-25,42.6,8381.5,3.994,2014.5,80.47,69300.0
2023-08-26,42.6,8381.5,3.994,2014.5,80.47,69300.0
2023-08-27,42.6,8381.5,3.994,2014.5,80.47,69300.0
2023-08-28,42.6,8381.5,3.994,2014.5,80.65,69530.0
2023-08-29,42.6,8375.0,3.994,2014.5,81.14,69525.0
2023-08-30,42.6,8394.5,3.994,2014.5,81.64,69880.0
2023-08-31,42.6,8359.5,3.994,2014.5,83.55,70075.0
2023-09-01,43.7,8515.0,3.893,2014.5,85.52,70175.0
2023-09-02,43.7,8515.0,3.876,2014.5,85.52,70175.0
2023-09-03,43.7,8515.0,3.876,2014.5,85.52,70175.0
2023-09-04,43.7,8406.0,3.845,2014.5,85.52,70250.0
2023-09-05,43.7,8430.0,3.813,2014.5,86.74,69850.0
2023-09-06,43.7,8395.0,3.813,2014.5,87.55,69850.0
2023-09-07,43.7,8242.5,3.813,2014.5,86.87,69510.0
2023-09-08,43.7,8225.0,3.812,2014.5,87.51,69150.0
2023-09-09,43.7,8225.0,3.812,2014.5,87.51,69150.0
2023-09-10,43.7,8225.0,3.812,2014.5,87.51,69150.0
2023-09-11,43.7,8332.5,3.812,2014.5,87.3,69060.0
2023-09-12,43.7,8337.5,3.812,2014.5,88.87,69550.0
2023-09-13,43.7,8353.0,3.812,1969.8,88.59,69370.0
2023-09-14,43.7,8423.0,3.812,1969.8,90.13,69390.0
2023-09-15,43.7,8376.5,3.812,1969.8,90.83,69875.0
2023-09-16,43.7,8376.5,3.812,1969.8,90.83,69875.0
2023-09-17,43.7,8376.5,3.812,1969.8,90.83,69875.0
2023-09-18,43.7,8320.0,3.812,1969.8,91.47,69450.0
2023-09-19,43.7,8233.5,3.812,1969.8,91.16,68970.0
2023-09-20,43.7,8277.0,3.812,1969.8,89.2,68850.0
2023-09-21,43.7,8101.0,3.812,1969.8,89.56,68720.0
2023-09-22,44.0,8188.0,3.812,1969.8,90.0,68210.0
2023-09-23,44.0,8188.0,3.812,1969.8,90.0,68210.0
2023-09-24,44.0,8188.0,3.812,1969.8,90.0,68210.0
2023-09-25,44.0,8107.0,3.812,1969.8,89.68,68200.0
2023-09-26,44.0,8066.0,3.812,1969.8,91.43,67990.0
2023-09-27,44.0,8017.0,3.812,1969.8,93.67,67450.0
2023-09-28,44.0,8112.0,3.812,1969.8,91.65,67440.0
2023-09-29,44.0,8230.5,3.812,1969.8,90.77,67440.0
2023-09-30,44.0,8230.5,3.812,1969.8,90.77,67440.0
2023-10-01,44.0,8230.5,3.812,1969.8,90.77,67440.0
2023-10-02,43.4,8100.5,3.812,1969.8,88.81,67440.0
2023-10-03,43.4,7960.0,3.811,1969.8,89.26,67440.0
2023-10-04,43.4,7910.5,3.811,1969.8,84.32,67440.0
2023-10-05,43.4,7812.5,3.811,1969.8,82.3,67440.0
2023-10-06,43.4,7887.0,3.811,1969.8,82.83,67440.0
2023-10-07,43.4,7887.0,3.783,1969.8,82.83,67440.0
2023-10-08,43.4,7887.0,3.783,1969.8,82.83,67440.0
2023-10-09,43.4,8015.5,3.783,1969.8,82.83,67550.0
2023-10-10,43.4,7907.5,3.783,1969.8,85.89,67130.0
2023-10-11,43.4,7943.5,3.783,1937.7,83.7,66880.0
2023-10-12,43.4,7995.0,3.783,1937.7,82.87,66725.0
2023-10-13,43.4,7891.0,3.783,1937.7,87.67,66350.0
2023-10-14,43.4,7891.0,3.783,1937.7,87.67,66350.0
2023-10-15,43.4,7891.0,3.783,1937.7,87.67,66350.0
2023-10-16,43.4,7920.0,3.764,1937.7,86.65,66420.0
2023-10-17,43.4,7846.5,3.747,1937.7,86.66,66200.0
2023-10-18,43.4,7947.5,3.747,1937.7,88.35,66675.0
2023-10-19,43.4,7938.0,3.747,1937.7,89.35,66550.0
2023-10-20,43.4,7876.0,3.747,1937.7,89.12,66625.0
2023-10-21,43.4,7876.0,3.747,1937.7,89.12,66625.0
2023-10-22,43.4,7876.0,3.726,1937.7,89.12,66625.0
2023-10-23,43.4,7824.5,3.726,1937.7,85.49,66035.0
2023-10-24,43.7,7900.5,3.726,1937.7,84.58,66550.0
2023-10-25,43.7,7946.0,3.726,1937.7,86.07,67275.0
2023-10-26,43.7,7939.0,3.726,1937.7,83.8,66875.0
2023-10-27,43.7,7963.5,3.726,1937.7,86.04,66860.0
2023-10-28,43.7,7963.5,3.726,1937.7,86.04,66860.0
2023-10-29,43.7,7963.5,3.726,1937.7,86.04,66860.0
2023-10-30,43.7,8110.0,3.726,1937.7,83.03,67730.0
2023-10-31,43.7,8038.0,3.65,1937.7,81.64,67680.0
2023-11-01,43.7,8041.0,3.65,1937.7,81.05,67675.0
2023-11-02,43.0,8066.0,3.667,1937.7,83.04,67780.0
2023-11-03,43.0,8070.5,3.675,1937.7,81.19,68025.0
2023-11-04,43.0,8070.5,3.675,1937.7,81.19,68025.0
2023-11-05,43.0,8070.5,3.675,1937.7,81.19,68025.0
2023-11-06,43.0,8136.5,3.709,1937.7,81.54,67810.0
2023-11-07,43.0,8068.0,3.709,1937.7,77.96,68025.0
2023-11-08,43.0,8088.0,3.709,1937.7,75.85,67930.0
2023-11-09,43.0,8030.5,3.709,1937.7,76.34,67750.0
2023-11-10,43.0,8006.0,3.709,1937.7,76.34,67675.0
2023-11-11,43.0,8006.0,3.709,1937.7,76.34,67675.0
2023-11-12,43.0,8006.0,3.709,1993.7,76.34,67675.0
2023-11-13,43.0,8014.5,3.709,1993.7,78.86,67425.0
2023-11-14,43.0,8081.0,3.709,1993.7,78.9,67870.0
2023-11-15,43.0,8169.0,3.717,1993.7,77.15,68100.0
2023-11-16,43.0,8165.5,3.717,1993.7,73.5,68300.0
2023-11-17,43.0,8141.0,3.737,1993.7,76.47,68350.0
2023-11-18,43.0,8141.0,3.737,1993.7,76.47,68350.0
2023-11-19,43.0,8141.0,3.737,1993.7,76.47,68350.0
2023-11-20,43.0,8247.0,3.812,1993.7,78.1,68665.0
2023-11-21,43.0,8324.0,3.814,1993.7,78.35,68970.0
2023-11-22,43.0,8296.0,3.814,1993.7,76.8,68500.0
2023-11-23,43.4,8307.5,3.814,1993.7,76.8,68440.0
2023-11-24,43.4,8300.0,3.814,1993.7,74.83,68675.0
2023-11-25,43.4,8300.0,3.814,1993.7,74.83,68675.0
2023-11-26,43.4,8300.0,3.814,1993.7,74.83,68675.0
2023-11-27,43.4,8281.0,3.814,1993.7,74.46,68780.0
2023-11-28,43.4,8278.0,3.814,1993.7,76.09,68480.0
2023-11-29,43.4,8384.0,3.814,1993.7,77.56,68750.0
2023-11-30,43.4,8332.0,3.829,1993.7,75.66,68870.0
2023-12-01,43.8,8456.0,3.909,1993.7,73.7,69475.0
2023-12-02,43.8,8456.0,3.909,1993.7,73.7,69475.0
2023-12-03,43.8,8456.0,3.909,1993.7,73.7,69475.0
2023-12-04,43.8,8417.0,3.909,1993.7,72.73,69700.0
2023-12-05,43.8,8259.0,3.909,1993.7,71.95,68950.0
2023-12-06,43.8,8297.0,3.909,1993.7,68.98,68670.0
2023-12-07,43.8,8221.0,3.909,1993.7,69.0,68180.0
2023-12-08,43.8,8348.0,3.909,1993.7,70.87,68540.0
2023-12-09,43.8,8348.0,3.909,1993.7,70.87,68540.0
2023-12-10,43.8,8348.0,3.909,1993.7,70.87,68540.0
2023-12-11,43.8,8275.5,3.909,1993.7,70.95,68750.0
2023-12-12,43.8,8272.0,3.909,1983.9,68.27,68375.0
2023-12-13,43.8,8205.0,3.909,1988.1,69.09,68315.0
2023-12-14,43.8,8461.5,3.909,2035.2,71.21,68525.0
2023-12-15,44.6,8471.0,3.909,2026.0,71.05,69000.0
2023-12-16,44.6,8471.0,3.909,2026.0,71.05,69000.0
2023-12-17,44.6,8471.0,3.909,2026.0,71.05,69000.0
2023-12-18,44.6,8423.0,3.909,2030.9,72.16,68750.0
2023-12-19,44.6,8439.0,3.909,2042.6,73.23,68725.0
2023-12-20,44.6,8466.5,3.909,2038.1,73.87,69270.0
2023-12-21,44.6,8460.0,3.909,2041.8,73.59,69140.0
2023-12-22,44.6,8499.0,3.909,2059.6,73.29,69400.0
2023-12-23,44.6,8499.0,3.909,2059.6,73.29,69400.0
2023-12-24,44.6,8499.0,3.909,2059.6,73.29,69400.0
2023-12-25,44.6,8499.0,3.909,2066.65,73.29,69150.0
2023-12-26,44.6,8499.0,3.909,2060.4,75.84,69120.0
2023-12-27,44.6,8511.5,3.943,2083.4,74.31,69250.0
2023-12-28,44.6,8530.0,3.943,2083.5,72.02,69725.0
2023-12-29,44.6,8476.0,3.943,2071.8,71.89,69225.0
2023-12-30,44.6,8476.0,3.943,2071.8,71.89,69225.0
2023-12-31,44.6,8476.0,3.943,2071.8,71.89,69225.0
2024-01-01,44.6,8476.0,3.943,2072.9,71.89,69225.0
2024-01-02,44.2,8430.0,3.943,2071.1,70.62,69150.0
2024-01-03,44.2,8381.0,3.943,2095.7,72.97,68900.0
2024-01-04,44.2,8375.0,3.943,2095.7,72.38,68780.0
2024-01-05,44.2,8346.5,3.943,2095.7,74.0,68820.0
2024-01-06,44.2,8346.5,3.943,2095.7,74.0,68820.0
2024-01-07,44.2,8346.5,3.943,2095.7,74.0,68820.0
2024-01-08,44.2,8295.0,3.943,2095.7,71.06,68425.0
2024-01-09,44.2,8301.5,3.943,2095.7,72.43,68640.0
2024-01-10,44.2,8285.0,3.943,2095.7,71.57,68110.0
2024-01-11,44.2,8332.0,3.943,2095.7,72.15,68170.0
2024-01-12,44.2,8289.0,3.943,2095.7,72.94,68300.0
2024-01-13,44.2,8289.0,3.943,2095.7,72.94,68300.0
2024-01-14,44.2,8289.0,3.943,2095.7,72.94,68300.0
2024-01-15,44.2,8238.5,3.943,2095.7,72.94,68020.0
2024-01-16,44.2,8280.0,3.943,2095.7,72.63,68020.0
2024-01-17,44.2,8230.0,3.943,2095.7,72.79,67960.0
2024-01-18,44.2,8189.0,3.943,2095.7,74.32,67640.0
2024-01-19,44.2,8275.0,3.943,2095.7,73.69,67840.0
2024-01-20,44.2,8275.0,3.943,2095.7,73.69,67840.0
2024-01-21,44.2,8275.0,3.943,2095.7,73.69,67840.0
2024-01-22,44.2,8254.5,3.943,2095.7,75.26,68020.0
2024-01-23,44.2,8283.5,3.943,2095.7,74.72,67870.0
2024-01-24,44.8,8460.0,3.943,2095.7,75.48,68140.0
2024-01-25,44.8,8486.0,3.943,2095.7,77.91,68750.0
2024-01-26,44.8,8447.0,3.943,2095.7,78.45,68920.0
2024-01-27,44.8,8447.0,3.943,2095.7,78.45,68920.0
2024-01-28,44.8,8447.0,3.913,2095.7,78.45,68920.0
2024-01-29,44.8,8421.0,3.882,2095.7,77.25,68870.0
2024-01-30,44.8,8462.0,3.906,2095.7,78.3,68890.0
2024-01-31,44.8,8513.0,3.906,2095.7,76.28,69175.0
2024-02-01,46.6,8437.0,3.906,2095.7,74.36,69100.0
2024-02-02,46.6,8400.0,3.906,2095.7,72.72,68800.0
2024-02-03,46.6,8400.0,3.906,2095.7,72.72,68800.0
2024-02-04,46.6,8400.0,3.906,2053.7,72.72,68800.0
2024-02-05,46.6,8329.0,3.906,2053.7,73.21,68525.0
2024-02-06,46.6,8280.0,3.906,2053.7,73.83,67990.0
2024-02-07,46.6,8280.5,3.906,2053.7,74.26,67950.0
2024-02-08,46.6,8202.0,3.906,2053.7,76.67,67650.0
2024-02-09,46.6,8091.5,3.906,2053.7,77.26,67650.0
2024-02-10,46.6,8091.5,3.906,2053.7,77.26,67650.0
2024-02-11,46.6,8091.5,3.906,2053.7,77.26,67650.0
2024-02-12,46.6,8085.5,3.906,2053.7,77.34,67650.0
2024-02-13,46.6,8185.0,3.906,2007.2,78.28,67650.0
2024-02-14,46.6,8133.5,3.906,2004.3,77.09,67650.0
2024-02-15,46.6,8153.0,3.906,2014.9,78.47,67650.0
2024-02-16,46.6,8322.0,3.906,2024.1,79.65,67650.0
2024-02-17,46.6,8322.0,3.906,2024.1,79.65,67650.0
2024-02-18,46.6,8322.0,3.906,2025.75,79.65,67650.0
2024-02-19,46.6,8364.5,3.906,2027.5,79.65,68320.0
2024-02-20,46.6,8366.5,3.906,2039.8,78.72,68230.0
2024-02-21,46.6,8472.0,3.906,2034.3,78.89,68820.0
2024-02-22,47.0,8482.0,3.906,2030.7,79.64,68920.0
2024-02-23,47.0,8442.5,3.906,2039.4,77.6,69310.0
2024-02-24,47.0,8442.5,3.906,2039.4,77.6,69310.0
2024-02-25,47.0,8442.5,3.906,2039.4,77.6,69310.0
2024-02-26,47.0,8373.0,3.906,2029.1,78.53,69020.0
2024-02-27,47.0,8396.5,3.906,2034.4,79.8,68720.0
2024-02-28,47.0,8340.5,3.906,2042.7,79.44,68725.0
2024-02-29,47.0,8389.0,3.906,2054.7,79.22,68710.0
2024-03-01,46.1,8394.0,3.906,2054.7,80.9,68800.0
2024-03-02,46.1,8394.0,3.902,2054.7,80.9,68800.0
2024-03-03,46.1,8394.0,3.897,2054.7,80.9,68800.0
2024-03-04,46.1,8437.0,3.897,2054.7,79.67,68865.0