date,price_copper_LME,Price
2008-01-02,6666,99.64
2008-01-03,6765,99.17
2008-01-04,6990.5,97.9
2008-01-07,6915.5,95.08
2008-01-08,7106,96.43
2008-01-09,7351,95.64
2008-01-10,7120.5,93.92
2008-01-11,7196,92.74
2008-01-14,7361,94.23
2008-01-15,7225.5,91.87
2008-01-16,7020,90.8
2008-01-17,7121.5,90.11
2008-01-18,7062,90.55
2008-01-21,6910,85.17
2008-01-22,6920,89.64
2008-01-23,7000.5,87.65
2008-01-24,7092,89.98
2008-01-25,7120,90.37
2008-01-28,6893,90.99
2008-01-29,7171,91.66
2008-01-30,7165,92.34
2008-01-31,7170.5,91.67
2008-02-01,7345,89.03
2008-02-04,7295,90.07
2008-02-05,7202,88.32
2008-02-06,7181,87.16
2008-02-07,7350,88.07
2008-02-08,7612,91.77
2008-02-11,7820.5,93.56
2008-02-12,7805,92.82
2008-02-13,7680.5,93.28
2008-02-14,7776,95.42
2008-02-15,7801,95.57
2008-02-18,7945,134.84
2008-02-19,8080,99.99
2008-02-20,8101,100.86
2008-02-21,8281,98.57
2008-02-22,8322,99.03
2008-02-25,8247,99.4
2008-02-26,8271,100.83
2008-02-27,8516,99.59
2008-02-28,8470,102.6
2008-02-29,8540.5,101.78
2008-03-03,8565,102.42
2008-03-04,8685,99.72
2008-03-05,8416,104.45
2008-03-06,8881,105.51
2008-03-07,8660,105.12
2008-03-10,8400.5,107.9
2008-03-11,8560.5,108.73
2008-03-12,8356,109.86
2008-03-13,8550,110.21
2008-03-14,8611,110.03
2008-03-17,8360,105.74
2008-03-18,8285,109.57
2008-03-19,8210.5,103.25
2008-03-20,7789,102.57
2008-03-25,8240,101.78
2008-03-26,8260,105.83
2008-03-27,8457,107.56
2008-03-28,8540,105.59
2008-03-31,8520,101.54
2008-04-01,8325.5,100.92
2008-04-02,8464,104.83
2008-04-03,8591,103.92
2008-04-04,8645,106.09
2008-04-07,8740,108.91
2008-04-08,8682,108.54
2008-04-09,8650,110.89
2008-04-10,8884.5,110.07
2008-04-11,8810,110.14
2008-04-14,8679.5,111.71
2008-04-15,8720,113.77
2008-04-16,8736.5,114.8
2008-04-17,8861.5,114.8
2008-04-18,8630,116.56
2008-04-21,8641.5,117.48
2008-04-22,8770,119.17
2008-04-23,8796,119.28
2008-04-24,8700.5,117.1
2008-04-25,8600,119.64
2008-04-28,8746,118.78
2008-04-29,8740,115.67
2008-04-30,8655,113.7
2008-05-01,8686,112.6
2008-05-02,8390,116.36
2008-05-06,8622,121.82
2008-05-07,8641,123.56
2008-05-08,8460,123.77
2008-05-09,8400,125.94
2008-05-12,8276,124.02
2008-05-13,8410,125.83
2008-05-14,8180,124.21
2008-05-15,8360,124.25
2008-05-16,8470,126.5
2008-05-19,8540,127.15
2008-05-20,8360,128.93
2008-05-21,8395,132.99
2008-05-22,8420,130.04
2008-05-23,8278,131.58
2008-05-27,8376,128.81
2008-05-28,8176,131
2008-05-29,8110,126.7
2008-05-30,8105,127.35
2008-06-02,7980,127.75
2008-06-03,8060,124.33
2008-06-04,8006,122.3
2008-06-05,7921,127.93
2008-06-06,8106,138.51
2008-06-09,8092.5,134.44
2008-06-10,8050,131.38
2008-06-11,7989,136.43
2008-06-12,7955,136.91
2008-06-13,8025,134.84
2008-06-16,8255,134.52
2008-06-17,8181,133.99
2008-06-18,8296,136.54
2008-06-19,8385.5,131.88
2008-06-20,8590,134.78
2008-06-23,8540.5,135.98
2008-06-24,8491.5,136.49
2008-06-25,8542,133.92
2008-06-26,8551,138.91
2008-06-27,8680,139.69
2008-06-30,8775.5,139.96
2008-07-01,8711,141.06
2008-07-02,8750.5,143.74
2008-07-03,8985,145.31
2008-07-04,8661,110.6
2008-07-07,8565,141.38
2008-07-08,8540,136.06
2008-07-09,8355,135.88
2008-07-10,8423,141.47
2008-07-11,8499,144.96
2008-07-14,8480,145.16
2008-07-15,8475.5,138.68
2008-07-16,8291,134.63
2008-07-17,8301,129.43
2008-07-18,8324,128.94
2008-07-21,8390,131.43
2008-07-22,8441,127.25
2008-07-23,8310,123.73
2008-07-24,8259.5,124.62
2008-07-25,8160,122.59
2008-07-28,8190,124.72
2008-07-29,8096,122.21
2008-07-30,8055,126.74
2008-07-31,8260.5,124.17
2008-08-01,8096,125.03
2008-08-04,7905,121.45
2008-08-05,7809.5,118.71
2008-08-06,7871,118.57
2008-08-07,7826,119.84
2008-08-08,7550,115.42
2008-08-11,7460.5,114.44
2008-08-12,7261,113.1
2008-08-13,7318,115.96
2008-08-14,7640,115.05
2008-08-15,7310,113.46
2008-08-18,7432,112.92
2008-08-19,7477,114.39
2008-08-20,7670,115.48
2008-08-21,7842,121.23
2008-08-22,7861,114.48
2008-08-26,7581,116.31
2008-08-27,7626,118.17
2008-08-28,7648,115.58
2008-08-29,7510,115.55
2008-09-01,7371,109.31
2008-09-02,7225,109.63
2008-09-03,7360,109.38
2008-09-04,7420,107.99
2008-09-05,7075,106.47
2008-09-08,6990,106.35
2008-09-09,6926,103.23
2008-09-10,6861,102.66
2008-09-11,6900,100.95
2008-09-12,7096,101.19
2008-09-15,6879,95.52
2008-09-16,6841,91.49
2008-09-17,6932,97.39
2008-09-18,6932,97.5
2008-09-19,6900,104.05
2008-09-22,7166,122.61
2008-09-23,7090,107.85
2008-09-24,6995,106.84
2008-09-25,6905,111.54
2008-09-26,6926,106.77
2008-09-29,6590,96.29
2008-09-30,6419,100.7
2008-10-01,6379,98.23
2008-10-02,6221,93.84
2008-10-03,5960,93.91
2008-10-06,5706,88.15
2008-10-07,5739,90.18
2008-10-08,5505,88.94
2008-10-09,5402,86.5
2008-10-10,5000,77.44
2008-10-13,5031,81.17
2008-10-14,5555,78.69
2008-10-15,5126,74.38
2008-10-16,4880,69.81
2008-10-17,4701,71.9
2008-10-20,4875.5,74.08
2008-10-21,4490,71.29
2008-10-22,4286,66.92
2008-10-23,3986,67.17
2008-10-24,3721,63.34
2008-10-27,3686,61.92
2008-10-28,4129,62.8
2008-10-29,4420.5,67.45
2008-10-30,4497,65.79
2008-10-31,3995,68.1
2008-11-03,3960,63.93
2008-11-04,4231,70.41
2008-11-05,4071,65.41
2008-11-06,3890,60.72
2008-11-07,3761,61.06
2008-11-08,3761,43.21
2008-11-10,4005,62.19
2008-11-11,3690.5,59.38
2008-11-12,3592,55.95
2008-11-13,3591,58.31
2008-11-14,3722,57.18
2008-11-17,3580.5,55.14
2008-11-18,3511,54.42
2008-11-19,3565,53.64
2008-11-20,3430.5,48.86
2008-11-21,3470.5,49.22
2008-11-24,3715.5,53.63
2008-11-25,3565.5,50.02
2008-11-26,3742,54.2
2008-11-27,3665,56.91
2008-11-28,3581,55.21
2008-12-01,3595.5,49.34
2008-12-02,3530.5,47.05
2008-12-03,3423,46.79
2008-12-04,3360.5,43.8
2008-12-05,3050.5,41.01
2008-12-08,3141,43.69
2008-12-09,3120,42
2008-12-10,3180.5,43.1
2008-12-11,3232.5,47.77
2008-12-12,2982,46.27
2008-12-15,3075.5,44.61
2008-12-16,3020.5,43.84
2008-12-17,3000,40.17
2008-12-18,2885.5,36.73
2008-12-19,2826,33.17
2008-12-22,2910.5,31.1
2008-12-23,2850.5,30.28
2008-12-24,2770,32.94
2008-12-29,2843,39.89
2008-12-30,2812,38.95
2008-12-31,2902,44.6
2009-01-02,3071,46.17
2009-01-05,3101.5,48.61
2009-01-06,3332,48.56
2009-01-07,3390.5,42.75
2009-01-08,3170.5,41.68
2009-01-09,3280,40.69
2009-01-12,3171.5,37.65
2009-01-13,3139,37.77
2009-01-14,3274,37.43
2009-01-15,3210.5,35.41
2009-01-16,3343,35.38
2009-01-19,3321,38.98
2009-01-20,3275.5,38.57
2009-01-21,3211,42.56
2009-01-22,3155,42.33
2009-01-23,3050.5,45.12
2009-01-26,3281,46.5
2009-01-27,3330.5,41.67
2009-01-28,3295,42.04
2009-01-29,3125.5,41.58
2009-01-30,3106,41.73
2009-02-02,3145.5,41.35
2009-02-03,3201,40.87
2009-02-04,3320,40.27
2009-02-05,3350.5,41.15
2009-02-06,3440.5,40.24
2009-02-09,3527,39.58
2009-02-10,3461,37.54
2009-02-11,3377,35.93
2009-02-12,3350.5,34.03
2009-02-13,3407,37.63
2009-02-16,3271.5,36.59
2009-02-17,3271,34.96
2009-02-18,3151.5,34.67
2009-02-19,3291,39.6
2009-02-20,3150,39.35
2009-02-23,3205.5,37.66
2009-02-24,3190.5,38.86
2009-02-25,3350.5,41.64
2009-02-26,3443,43.18
2009-02-27,3390,44.15
2009-03-02,3330,40.07
2009-03-03,3480,41.57
2009-03-04,3545,45.28
2009-03-05,3640.5,43.54
2009-03-06,3693,45.43
2009-03-09,3567,47.01
2009-03-10,3667.5,45.68
2009-03-11,3636,42.46
2009-03-12,3494,46.91
2009-03-13,3671,46.22
2009-03-16,3690,47.33
2009-03-17,3761,48.97
2009-03-18,3740,48.12
2009-03-19,3930,51.46
2009-03-20,3911,51.55
2009-03-23,4006.5,53.05
2009-03-24,3911,53.36
2009-03-25,3890,52.24
2009-03-26,4078,53.87
2009-03-27,3946,52.41
2009-03-30,3872,48.49
2009-03-31,4035,49.64
2009-04-01,3963.5,48.46
2009-04-02,4110.5,52.61
2009-04-03,4130,52.52
2009-04-06,4330.5,51.1
2009-04-07,4309,49.13
2009-04-08,4305,49.37
2009-04-09,4465,52.24
2009-04-14,4582,49.51
2009-04-15,4750,49.26
2009-04-16,4766,49.97
2009-04-17,4725,50.36
2009-04-20,4636,45.82
2009-04-21,4402.5,46.65
2009-04-22,4447,47.41
2009-04-23,4541,48.46
2009-04-24,4362,50.65
2009-04-27,4305.5,49.29
2009-04-28,4185,49.01
2009-04-29,4300.5,50.19
2009-04-30,4515,50.35
2009-05-01,4501,52.18
2009-05-05,4640,53.81
2009-05-06,4591,56.29
2009-05-07,4760,56.67
2009-05-08,4752,58.58
2009-05-11,4527,57.79
2009-05-12,4626,58.81
2009-05-13,4508,58
2009-05-14,4309,58.58
2009-05-15,4348,56.52
2009-05-18,4400,58.99
2009-05-19,4601,59.52
2009-05-20,4539,61.45
2009-05-21,4504,60.49
2009-05-22,4586,61.15
2009-05-26,4538,62.48
2009-05-27,4661,63.41
2009-05-28,4637,65.09
2009-05-29,4776,66.31
2009-06-01,4947,68.59
2009-06-02,5026,68.58
2009-06-03,4951.5,66.14
2009-06-04,4870,68.8
2009-06-05,5055,68.43
2009-06-08,4936,68.05
2009-06-09,5047,70.02
2009-06-10,5180,71.38
2009-06-11,5266,72.69
2009-06-12,5240.5,72.13
2009-06-15,5075,70.54
2009-06-16,5049,70.47
2009-06-17,4903,71.07
2009-06-18,4901,71.42
2009-06-19,5020,69.6
2009-06-22,4821,67.09
2009-06-23,4810,68.81
2009-06-24,4890.5,68.14
2009-06-25,5023.5,69.7
2009-06-26,5101.5,69.16
2009-06-29,5085.5,71.47
2009-06-30,5108,69.82
2009-07-01,5042,69.32
2009-07-02,5006,66.68
2009-07-03,4991,56.21
2009-07-06,4859,64.06
2009-07-07,5012,62.88
2009-07-08,4850,60.15
2009-07-09,4821,60.36
2009-07-10,4840,59.93
2009-07-13,4883,59.69
2009-07-14,5011,59.62
2009-07-15,5181.5,61.49
2009-07-16,5231.5,62.07
2009-07-17,5230,63.56
2009-07-20,5400,63.93
2009-07-21,5345,64.81
2009-07-22,5342,64.58
2009-07-23,5474,66.1
2009-07-24,5551,66.96
2009-07-27,5615,68.34
2009-07-28,5615,67.24
2009-07-29,5410.5,63.42
2009-07-30,5497,66.9
2009-07-31,5750,69.26
2009-08-03,5972,71.59
2009-08-04,5917,71.4
2009-08-05,6132,71.97
2009-08-06,6035,71.96
2009-08-07,5964,70.97
2009-08-10,6197,70.59
2009-08-11,6136,69.46
2009-08-12,6029,70.08
2009-08-13,6419,70.57
2009-08-14,6386,67.51
2009-08-17,6096,66.72
2009-08-18,6116,69.22
2009-08-19,5947,72.54
2009-08-20,6122,72.4
2009-08-21,6135,73.12
2009-08-24,6361,73.68
2009-08-25,6285.5,71.6
2009-08-26,6305,71.38
2009-08-27,6261,72.49
2009-08-28,6490.5,72.72
2009-09-01,6240.5,68.11
2009-09-02,6080,68.03
2009-09-03,6280,67.9
2009-09-04,6280,67.95
2009-09-07,6297.5,103.22
2009-09-08,6465.5,71.08
2009-09-09,6415.5,71.27
2009-09-10,6305,71.95
2009-09-11,6290,69.34
2009-09-14,6145.5,68.86
2009-09-15,6156,70.81
2009-09-16,6315.5,72.5
2009-09-17,6302,72.48
2009-09-18,6231,71.95
2009-09-21,6089,69.74
2009-09-22,6295.5,71.5
2009-09-23,6111,68.74
2009-09-24,6089.5,65.74
2009-09-25,5966,65.91
2009-09-28,5896,66.69
2009-09-29,5934.5,66.56
2009-09-30,6136,70.46
2009-10-01,6082,70.67
2009-10-02,5872,69.8
2009-10-05,5856,70.26
2009-10-06,6042,70.71
2009-10-07,6060.5,69.6
2009-10-08,6241.5,71.69
2009-10-09,6265.5,71.75
2009-10-12,6236,73.24
2009-10-13,6282,74.1
2009-10-14,6192,75.2
2009-10-15,6077,77.55
2009-10-16,6160.5,78.54
2009-10-19,6260,79.47
2009-10-20,6444,78.87
2009-10-21,6346,81.03
2009-10-22,6565.5,80.82
2009-10-23,6640,80.11
2009-10-26,6675.5,78.61
2009-10-27,6563,79.45
2009-10-28,6475,77.39
2009-10-29,6424.5,79.84
2009-10-30,6575,77.04
2009-11-02,6473,78.08
2009-11-03,6395.5,79.58
2009-11-04,6571,80.3
2009-11-05,6527.5,79.64
2009-11-06,6532,77.4
2009-11-09,6565,79.44
2009-11-10,6475,79.01
2009-11-11,6595.5,79.16
2009-11-12,6475,77.25
2009-11-13,6500,76.34
2009-11-16,6700.5,78.91
2009-11-17,6761,79.08
2009-11-18,6926,79.55
2009-11-19,6761,77.47
2009-11-20,6731,76.83
2009-11-23,6945.5,76.49
2009-11-24,6865,74.88
2009-11-25,6914,77.25
2009-11-26,6904.5,86.11
2009-11-27,6755,75.95
2009-11-30,6814.5,77.19
2009-12-01,6990,78.39
2009-12-02,7055,76.62
2009-12-03,7071,76.42
2009-12-04,7026,75.41
2009-12-07,6920.5,73.89
2009-12-08,6960.5,72.59
2009-12-09,6935,70.67
2009-12-10,6810,70.54
2009-12-11,6871,69.86
2009-12-14,6920,69.48
2009-12-15,6800.5,70.62
2009-12-16,6946,72.64
2009-12-17,6900.5,72.58
2009-12-18,6841,73.3
2009-12-21,6880,72.71
2009-12-22,6856,73.48
2009-12-23,6901,76.03
2009-12-24,7070,76.83
2009-12-29,7221,78.87
2009-12-30,7295,79.35
2009-12-31,7346,79.39
2010-01-04,7464,81.52
2010-01-05,7436,81.74
2010-01-06,7587.5,83.12
2010-01-07,7594,82.6
2010-01-08,7446,82.74
2010-01-11,7685,82.54
2010-01-12,7425,80.79
2010-01-13,7391,79.66
2010-01-14,7454,79.35
2010-01-15,7405.5,77.96
2010-01-18,7507,81.85
2010-01-19,7442,78.98
2010-01-20,7446,77.42
2010-01-21,7347,75.84
2010-01-22,7240,74.25
2010-01-25,7409,74.9
2010-01-26,7306,74.67
2010-01-27,7244,73.64
2010-01-28,7042,73.62
2010-01-29,6854,72.85
2010-02-01,6675,74.41
2010-02-02,6865,77.21
2010-02-03,6853,76.96
2010-02-04,6571,73.13
2010-02-05,6242,71.15
2010-02-08,6329,71.87
2010-02-09,6485,73.71
2010-02-10,6610.5,74.48
2010-02-11,6672.5,75.23
2010-02-12,6766,74.11
2010-02-15,6841,77.19
2010-02-16,6940,76.98
2010-02-17,7119.5,77.27
2010-02-18,7086,78.97
2010-02-19,7193,79.77
2010-02-22,7338,80.04
2010-02-23,7227,78.61
2010-02-24,7032,79.75
2010-02-25,7046,77.99
2010-02-26,7072,79.72
2010-03-01,7335,78.71
2010-03-02,7359,79.62
2010-03-03,7483.5,80.91
2010-03-04,7485.5,80.21
2010-03-05,7466.5,81.5
2010-03-08,7541.5,81.85
2010-03-09,7395,81.5
2010-03-10,7524,82.07
2010-03-11,7384.5,82.1
2010-03-12,7470,81.26
2010-03-15,7330,79.79
2010-03-16,7341.5,81.75
2010-03-17,7488,82.93
2010-03-18,7476,82.16
2010-03-19,7461,80.58
2010-03-22,7300.5,81.26
2010-03-23,7404.5,81.68
2010-03-24,7310.5,80.29
2010-03-25,7347,80.25
2010-03-26,7490.5,79.75
2010-03-29,7635,81.92
2010-03-30,7786,82.14
2010-03-31,7830,83.45
2010-04-01,7881,84.53
2010-04-06,7950.5,86.54
2010-04-07,7908,85.64
2010-04-08,7795.5,85.17
2010-04-09,7896,84.6
2010-04-12,7915,84.07
2010-04-13,7845,83.8
2010-04-14,7924.5,85.62
2010-04-15,7875,85.25
2010-04-16,7905.5,82.97
2010-04-19,7656,81.52
2010-04-20,7787,82.98
2010-04-21,7666,82.78
2010-04-22,7661,82.89
2010-04-23,7660,84.34
2010-04-26,7760,84.2
2010-04-27,7645,82.43
2010-04-28,7410.5,83.22
2010-04-29,7395,85.17
2010-04-30,7365,86.07
2010-05-04,7175.5,82.73
2010-05-05,6801,80
2010-05-06,6945,77.18
2010-05-07,6872,75.1
2010-05-10,7165.5,76.89
2010-05-11,6885,76.37
2010-05-12,7082,75.65
2010-05-13,7010.5,74.38
2010-05-14,6955.5,71.61
2010-05-17,6721,70.08
2010-05-18,6605.5,69.38
2010-05-19,6465.5,69.91
2010-05-20,6500,68.28
2010-05-21,6639,68.03
2010-05-24,6770.5,68.23
2010-05-25,6685,64.78
2010-05-26,6836,71.52
2010-05-27,6875.5,74.56
2010-05-28,6926,74
2010-06-01,6715,72.7
2010-06-02,6605,72.88
2010-06-03,6620.5,74.62
2010-06-04,6450,71.43
2010-06-07,6157,71.55
2010-06-08,6091,71.88
2010-06-09,6295.5,74.38
2010-06-10,6292,75.48
2010-06-11,6462,73.89
2010-06-14,6610,74.99
2010-06-15,6625,76.84
2010-06-16,6592.5,77.67
2010-06-17,6480.5,76.82
2010-06-18,6315.5,77.18
2010-06-21,6607,77.84
2010-06-22,6460,77.15
2010-06-23,6576,75.9
2010-06-24,6525.5,75.96
2010-06-25,6604.5,78.45
2010-06-28,6800,78.26
2010-06-29,6585,75.93
2010-06-30,6515,75.59
2010-07-01,6354,72.95
2010-07-02,6430.5,72.06
2010-07-05,6440,105.41
2010-07-06,6523,71.96
2010-07-07,6545,74.05
2010-07-08,6641,75.46
2010-07-09,6680.5,76.08
2010-07-12,6630.5,74.93
2010-07-13,6596,77.16
2010-07-14,6694.5,77.02
2010-07-15,6656,76.67
2010-07-16,6650,75.96
2010-07-19,6514,76.53
2010-07-20,6526,77.32
2010-07-21,6771,76.27
2010-07-22,6920.5,79.01
2010-07-23,6995,78.68
2010-07-26,6995.5,78.93
2010-07-27,7091.5,77.46
2010-07-28,7120,77.06
2010-07-29,7206,78.3
2010-07-30,7195,78.85
2010-08-02,7336,81.25
2010-08-03,7360,82.52
2010-08-04,7370.5,82.49
2010-08-05,7395,82
2010-08-06,7420,80.67
2010-08-09,7425,81.46
2010-08-10,7225,80.24
2010-08-11,7204,78.09
2010-08-12,7180,75.68
2010-08-13,7200,75.39
2010-08-16,7205,75.17
2010-08-17,7315.5,75.76
2010-08-18,7353.5,75.39
2010-08-19,7442,74.45
2010-08-20,7205.5,73.45
2010-08-23,7250,72.71
2010-08-24,7171,71.24
2010-08-25,7067,72.07
2010-08-26,7195.5,73.36
2010-08-27,7287,75.17
2010-08-31,7355.5,71.93
2010-09-01,7540.5,73.97
2010-09-02,7625.5,74.99
2010-09-03,7631.5,74.52
2010-09-06,7660.5,97.03
2010-09-07,7520,73.98
2010-09-08,7620,74.65
2010-09-09,7532,74.25
2010-09-10,7525,76.4
2010-09-13,7630,77.17
2010-09-14,7517,76.78
2010-09-15,7595,75.92
2010-09-16,7670,74.58
2010-09-17,7756,73.63
2010-09-20,7735.5,74.81
2010-09-21,7695,72.96
2010-09-22,7705.5,72.98
2010-09-23,7876.5,73.4
2010-09-24,7911,74.63
2010-09-27,7922,76.51
2010-09-28,7866,76.15
2010-09-29,8016.5,77.85
2010-09-30,8053.5,79.95
2010-10-01,8115,81.57
2010-10-04,8085.5,81.43
2010-10-05,8125,82.83
2010-10-06,8215.5,83.21
2010-10-07,8262,81.34
2010-10-08,8104.5,82.66
2010-10-11,8335.5,82.18
2010-10-12,8266,81.67
2010-10-13,8400,83.03
2010-10-14,8412,82.71
2010-10-15,8362.5,81.23
2010-10-18,8340.5,83.06
2010-10-19,8295,79.57
2010-10-20,8250,81.93
2010-10-21,8406,80.03
2010-10-22,8309.5,81.15
2010-10-25,8501,82
2010-10-26,8466,82.6
2010-10-27,8332,81.9
2010-10-28,8332,82.2
2010-10-29,8225,81.45
2010-11-01,8339,82.94
2010-11-02,8396,83.91
2010-11-03,8400.5,84.45
2010-11-04,8521.5,86.49
2010-11-05,8700,86.85
2010-11-08,8672,87.07
2010-11-09,8844.5,87.04
2010-11-10,8729,87.77
2010-11-11,8925,87.77
2010-11-12,8715,84.89
2010-11-15,8590,84.88
2010-11-16,8483.5,82.33
2010-11-17,8145,80.43
2010-11-18,8386,81.88
2010-11-19,8409,81.65
2010-11-22,8405.5,81.24
2010-11-23,8149,80.79
2010-11-24,8254.5,83.21
2010-11-25,8290,81.67
2010-11-26,8288,83.87
2010-11-29,8319.5,85.73
2010-11-30,8375,84.12
2010-12-01,8540,86.75
2010-12-02,8711.5,87.98
2010-12-03,8754,89.18
2010-12-06,8780,89.33
2010-12-07,9024,88.69
2010-12-08,8882,88.3
2010-12-09,9041.5,88.35
2010-12-10,9116,87.81
2010-12-13,9211,88.62
2010-12-14,9260,88.33
2010-12-15,9101,88.66
2010-12-16,9050,87.71
2010-12-17,9101.5,88.02
2010-12-20,9250,88.68
2010-12-21,9410,89.3
2010-12-22,9414.5,89.83
2010-12-23,9270,90.84
2010-12-24,9391,88.07
2010-12-29,9465,91.13
2010-12-30,9580,89.85
2010-12-31,9739.5,91.38
2011-01-04,9754,89.39
2011-01-05,9461,90.3
2011-01-06,9591,88.37
2011-01-07,9399,88.07
2011-01-10,9384,89.24
2011-01-11,9484,91.11
2011-01-12,9625,91.85
2011-01-13,9622,91.39
2011-01-14,9591,91.53
2011-01-17,9690,104.89
2011-01-18,9740,91.38
2011-01-19,9788,90.85
2011-01-20,9485,88.56
2011-01-21,9485,88.22
2011-01-24,9509,86.74
2011-01-25,9330,85.08
2011-01-26,9376,86.15
2011-01-27,9490,84.45
2011-01-28,9590,88.15
2011-01-31,9720,90.99
2011-02-01,9840.5,89.54
2011-02-02,9945,89.78
2011-02-03,9950.5,89.42
2011-02-04,9986,87.87
2011-02-07,10145,86.3
2011-02-08,9930.5,85.85
2011-02-09,10000,85.59
2011-02-10,9875.5,85.44
2011-02-11,9920.5,84.39
2011-02-14,10148,83.66
2011-02-15,10106.5,83.13
2011-02-16,9925,83.8
2011-02-17,9800,85.05
2011-02-18,9806,85.03
2011-02-21,9829.5,90.85
2011-02-22,9655,92.65
2011-02-23,9491,96.04
2011-02-24,9440,95.83
2011-02-25,9700,96.52
2011-02-28,9857.5,97.1
2011-03-01,9908,99.63
2011-03-02,9820.5,102.27
2011-03-03,9889.5,101.92
2011-03-04,9970.5,104.34
2011-03-07,9840.5,105.37
2011-03-08,9420,105.06
2011-03-09,9610,104.39
2011-03-10,9195.5,102.73
2011-03-11,9048,101.14
2011-03-14,9205.5,101.2
2011-03-15,8980,97.23
2011-03-16,9354.5,97.99
2011-03-17,9440,101.47
2011-03-18,9525,101.06
2011-03-21,9519,102.36
2011-03-22,9450,104.53
2011-03-23,9704,105.21
2011-03-24,9695.5,105.04
2011-03-25,9715,104.89
2011-03-28,9545,103.54
2011-03-29,9450,104.34
2011-03-30,9519.5,103.8
2011-03-31,9399.5,106.19
2011-04-01,9336,107.55
2011-04-04,9420,108.14
2011-04-05,9251.5,107.82
2011-04-06,9475.5,108.38
2011-04-07,9697,109.82
2011-04-08,9823,112.27
2011-04-11,9781.5,109.5
2011-04-12,9670.5,105.75
2011-04-13,9625.5,106.6
2011-04-14,9326.5,107.73
2011-04-15,9420,109.17
2011-04-18,9356.5,106.7
2011-04-19,9279,107.18
2011-04-20,9450.5,110.84
2011-04-21,9611,111.72
2011-04-26,9455.5,111.72
2011-04-27,9348.5,112.31
2011-04-28,9370.5,112.38
2011-05-03,9245,110.6
2011-05-04,9171.5,108.79
2011-05-05,8791,99.89
2011-05-06,8790,96.87
2011-05-09,8908,100.32
2011-05-10,8935.5,103.39
2011-05-11,8750.5,97.88
2011-05-12,8536.5,98.53
2011-05-13,8857,99.21
2011-05-16,8710,96.91
2011-05-17,8863,96.4
2011-05-18,8896.5,99.52
2011-05-19,9006.5,97.99
2011-05-20,8982.5,99.15
2011-05-23,8831,97.06
2011-05-24,8881.5,99.13
2011-05-25,9019,100.78
2011-05-26,8990.5,100.18
2011-05-27,9151,100.58
2011-05-31,9224.5,102.7
2011-06-01,9171,100.3
2011-06-02,9037.5,100.41
2011-06-03,9016,100.28
2011-06-06,9098,99.07
2011-06-07,9092,99.18
2011-06-08,8970.5,100.77
2011-06-09,8950.5,101.95
2011-06-10,9000.5,99.3
2011-06-13,8895,97.2
2011-06-14,9010,99.37
2011-06-15,9147,94.83
2011-06-16,9011.5,94.95
2011-06-17,9101.5,93.02
2011-06-20,8935,93.23
2011-06-21,9060,93.7
2011-06-22,9007,94.96
2011-06-23,8978.5,90.7
2011-06-24,9045,90.89
2011-06-27,9000.5,90.65
2011-06-28,8995.5,92.9
2011-06-29,9176,94.85
2011-06-30,9301,95.3
2011-07-01,9405,94.81
2011-07-04,9411,108.91
2011-07-05,9405.5,96.92
2011-07-06,9432,96.67
2011-07-07,9537,98.7
2011-07-08,9713,96.2
2011-07-11,9556,95.16
2011-07-12,9500.5,97.41
2011-07-13,9658.5,98.04
2011-07-14,9655,95.75
2011-07-15,9606,97.24
2011-07-18,9690,95.94
2011-07-19,9755,97.49
2011-07-20,9765.5,98.11
2011-07-21,9607,98.96
2011-07-22,9698,99.53
2011-07-25,9620,98.97
2011-07-26,9778,99.61
2011-07-27,9736,97.4
2011-07-28,9744,97.48
2011-07-29,9731,95.68
2011-08-01,9827,94.98
2011-08-02,9630,93.78
2011-08-03,9549.5,91.87
2011-08-04,9452,86.75
2011-08-05,9190,86.89
2011-08-08,9039,81.27
2011-08-09,8851,79.32
2011-08-10,8853.5,83.05
2011-08-11,8802,85.48
2011-08-12,8851,85.19
2011-08-15,8824,87.88
2011-08-16,8760,86.65
2011-08-17,8870,87.58
2011-08-18,8803,82.38
2011-08-19,8781.5,82.33
2011-08-22,8811.5,84.42
2011-08-23,8858.5,85.35
2011-08-24,8832,84.99
2011-08-25,8907.5,85.15
2011-08-26,9090.5,85.37
2011-08-30,9128,88.9
2011-08-31,9197,88.81
2011-09-01,9101,88.93
2011-09-02,9050.5,86.45
2011-09-05,8935,134.63
2011-09-06,8919.5,85.99
2011-09-07,8970.5,89.34
2011-09-08,9041,89.05
2011-09-09,8904.5,87.24
2011-09-12,8645.5,88.19
2011-09-13,8757.5,90.21
2011-09-14,8719.5,88.91
2011-09-15,8709.5,89.4
2011-09-16,8781.5,87.96
2011-09-19,8415,85.7
2011-09-20,8397.5,86.92
2011-09-21,8221,85.77
2011-09-22,7790.5,80.29
2011-09-23,7290,79.58
2011-09-26,7226,79.97
2011-09-27,7528,84.18
2011-09-28,7416,80.94
2011-09-29,6975.5,81.87
2011-09-30,7131.5,78.93
2011-10-03,6795,77.34
2011-10-04,6785,75.4
2011-10-05,6860.5,79.41
2011-10-06,7095.5,82.32
2011-10-07,7250,82.7
2011-10-10,7314,85.14
2011-10-11,7215.5,85.54
2011-10-12,7419,85.3
2011-10-13,7328,83.96
2011-10-14,7500.5,86.8
2011-10-17,7566,86.38
2011-10-18,7271,88.34
2011-10-19,7305.5,86.11
2011-10-20,6916.5,86.07
2011-10-21,7062,87.19
2011-10-24,7380.5,91.12
2011-10-25,7590.5,92.98
2011-10-26,7720.5,90.2
2011-10-27,8040,93.96
2011-10-28,7981.5,93.32
2011-10-31,7900.5,93.19
2011-11-01,7660,92.19
2011-11-02,7912,92.51
2011-11-03,7845,94.07
2011-11-04,7930,94.26
2011-11-07,7775.5,95.52
2011-11-08,7820.5,96.8
2011-11-09,7672,95.74
2011-11-10,7456,97.78
2011-11-11,7451,98.99
2011-11-14,7731.5,98.14
2011-11-15,7632,99.37
2011-11-16,7592,102.59
2011-11-17,7501.5,98.82
2011-11-18,7582.5,97.67
2011-11-21,7301,96.73
2011-11-22,7398,97.76
2011-11-23,7176,96.16
2011-11-24,7271.5,82.7
2011-11-25,7196.5,96.91
2011-11-28,7381,98.21
2011-11-29,7448,99.79
2011-11-30,7405.5,100.36
2011-12-01,7801,100.2
2011-12-02,7890,100.97
2011-12-05,7845,100.94
2011-12-06,7766,101.25
2011-12-07,7809,100.45
2011-12-08,7800.5,98.35
2011-12-09,7800.5,99.4
2011-12-12,7611.5,97.77
2011-12-13,7586,100.24
2011-12-14,7350,94.92
2011-12-15,7264,93.84
2011-12-16,7340,93.55
2011-12-19,7286.5,93.86
2011-12-20,7275,97.16
2011-12-21,7415.5,98.54
2011-12-22,7492.5,99.42
2011-12-23,7590,99.72
2011-12-28,7502,99.44
2011-12-29,7372,99.68
2011-12-30,7554,98.83
2012-01-03,7661,102.96
2012-01-04,7652,103.22
2012-01-05,7471,101.81
2012-01-06,7515,101.56
2012-01-09,7503,101.31
2012-01-10,7641,102.24
2012-01-11,7689.5,100.89
2012-01-12,7946,99.03
2012-01-13,7965.5,98.69
2012-01-16,8021,82.89
2012-01-17,8185,100.7
2012-01-18,8156,100.61
2012-01-19,8350.5,100.32
2012-01-20,8230.5,98.15
2012-01-23,8333,99.47
2012-01-24,8267,98.84
2012-01-25,8271,99.23
2012-01-26,8560,99.76
2012-01-27,8610,99.47
2012-01-30,8399,98.75
2012-01-31,8485.5,98.46
2012-02-01,8351.5,97.63
2012-02-02,8339,96.36
2012-02-03,8320,97.8
2012-02-06,8463,96.89
2012-02-07,8335.5,98.55
2012-02-08,8586,98.8
2012-02-09,8520.5,99.88
2012-02-10,8591,98.68
2012-02-13,8512,100.39
2012-02-14,8405,100.82
2012-02-15,8395.5,101.82
2012-02-16,8209.5,102.33
2012-02-17,8370,103.27
2012-02-20,8234,83.8
2012-02-21,8325,105.88
2012-02-22,8391,105.99
2012-02-23,8408,107.44
2012-02-24,8441,109.39
2012-02-27,8436,108.49
2012-02-28,8658,106.59
2012-02-29,8585,107.08
2012-03-01,8570,108.76
2012-03-02,8575,106.68
2012-03-05,8502,106.7
2012-03-06,8335.5,104.71
2012-03-07,8261,106.16
2012-03-08,8390,106.65
2012-03-09,8390.5,107.4
2012-03-12,8401.5,106.34
2012-03-13,8530,106.7
2012-03-14,8468,105.49
2012-03-15,8490.5,105.19
2012-03-16,8620.5,107.03
2012-03-19,8575,108.09
2012-03-20,8437,105.68
2012-03-21,8470.5,106.87
2012-03-22,8320,104.98
2012-03-23,8400.5,106.43
2012-03-26,8485,107.07
2012-03-27,8512,107.32
2012-03-28,8480.5,105.4
2012-03-29,8360,102.79
2012-03-30,8480,103.03
2012-04-02,8480,105.25
2012-04-03,8575.5,104.02
2012-04-04,8451.5,101.53
2012-04-05,8365.5,103.29
2012-04-10,8256,101.12
2012-04-11,8115,102.66
2012-04-12,8185,103.69
2012-04-13,8165.5,102.84
2012-04-16,8054,102.92
2012-04-17,8100.5,104.23
2012-04-18,8085,102.65
2012-04-19,8045.5,102.38
2012-04-20,8120.5,103.58
2012-04-23,8125,102.68
2012-04-24,8194,103.1
2012-04-25,8285.5,103.72
2012-04-26,8356,104.56
2012-04-27,8443.5,104.86
2012-04-30,8529.5,104.89
2012-05-01,8528,106.17
2012-05-02,8401,105.25
2012-05-03,8318,102.56
2012-05-04,8296,98.49
2012-05-08,8234,97.13
2012-05-09,8089,96.8
2012-05-10,8195.5,97.1
2012-05-11,8080,96.03
2012-05-14,7980,94.75
2012-05-15,7854,93.97
2012-05-16,7710,92.78
2012-05-17,7708,92.53
2012-05-18,7795.5,91.51
2012-05-21,7800.5,92.57
2012-05-22,7775,91.44
2012-05-23,7630.5,89.4
2012-05-24,7660.5,90.36
2012-05-25,7695.5,90.64
2012-05-28,7740,85.42
2012-05-29,7685.5,90.75
2012-05-30,7545,87.79
2012-05-31,7517,86.52
2012-06-01,7364,83.17
2012-06-06,7459.5,85.05
2012-06-07,7480.5,84.78
2012-06-08,7251.5,84.08
2012-06-11,7396,82.58
2012-06-12,7384,83.35
2012-06-13,7397.5,82.56
2012-06-14,7376.5,83.83
2012-06-15,7521,84.03
2012-06-18,7475.5,83.26
2012-06-19,7505.5,83.99
2012-06-20,7555.5,81.06
2012-06-21,7426,77.91
2012-06-22,7320,79.33
2012-06-25,7342.5,78.76
2012-06-26,7347,79.34
2012-06-27,7354,80.27
2012-06-28,7421,77.72
2012-06-29,7604.5,85.04
2012-07-02,7647.5,83.72
2012-07-03,7777,87.74
2012-07-04,7695.5,85.65
2012-07-05,7761.5,87.11
2012-07-06,7600,84.37
2012-07-09,7520.5,85.93
2012-07-10,7556,83.92
2012-07-11,7525.5,85.88
2012-07-12,7510,86.02
2012-07-13,7689.5,87.15
2012-07-16,7636,88.41
2012-07-17,7671,89.07
2012-07-18,7596,89.88
2012-07-19,7765,92.78
2012-07-20,7625,91.56
2012-07-23,7387,87.77
2012-07-24,7396,88.28
2012-07-25,7441,88.8
2012-07-26,7510.5,89.4
2012-07-27,7555,90.13
2012-07-30,7520,89.8
2012-07-31,7581,88.08
2012-08-01,7500,88.99
2012-08-02,7386.5,87.22
2012-08-03,7327,91.4
2012-08-06,7400,92.3
2012-08-07,7567,93.68
2012-08-08,7525.5,93.39
2012-08-09,7495.5,93.39
2012-08-10,7430.5,92.94
2012-08-13,7426.5,92.76
2012-08-14,7407,93.4
2012-08-15,7386,94.35
2012-08-16,7386,95.66
2012-08-17,7496,96
2012-08-20,7433,96.03
2012-08-21,7510,96.55
2012-08-22,7571.5,96.89
2012-08-23,7667.5,95.87
2012-08-24,7600.5,95.78
2012-08-28,7606,96.3
2012-08-29,7524.5,95.5
2012-08-30,7611,94.61
2012-08-31,7576.5,96.47
2012-09-03,7649.5,91.56
2012-09-04,7640.5,95.34
2012-09-05,7606.5,95.37
2012-09-06,7670.5,95.58
2012-09-07,7844,96.41
2012-09-10,8032,96.52
2012-09-11,8080,97.03
2012-09-12,8100.5,97.02
2012-09-13,8055.5,98.3
2012-09-14,8400.5,98.94
2012-09-17,8293,96.51
2012-09-18,8224,95.25
2012-09-19,8323,91.97
2012-09-20,8202,92.14
2012-09-21,8282,92.64
2012-09-24,8155.5,91.68
2012-09-25,8235.5,91.07
2012-09-26,8130.5,89.92
2012-09-27,8175,91.89
2012-09-28,8267.5,92.18
2012-10-01,8191.5,92.44
2012-10-02,8340,91.88
2012-10-03,8276,88.19
2012-10-04,8325,91.69
2012-10-05,8299,89.87
2012-10-08,8133,89.43
2012-10-09,8183,92.42
2012-10-10,8124.5,91.24
2012-10-11,8212,92.19
2012-10-12,8179,91.83
2012-10-15,8130,91.84
2012-10-16,8141.5,92.07
2012-10-17,8112.5,92.04
2012-10-18,8210,92
2012-10-19,8121,90
2012-10-22,7983.5,88.3
2012-10-23,7861,86.65
2012-10-24,7860.5,85.39
2012-10-25,7852,85.59
2012-10-26,7765,85.84
2012-10-29,7720,85.52
2012-10-30,7760,85.65
2012-10-31,7819,86.23
2012-11-01,7811,87.05
2012-11-02,7765.5,84.9
2012-11-05,7604,85.64
2012-11-06,7661,88.62
2012-11-07,7654.5,84.5
2012-11-08,7605.5,85.07
2012-11-09,7540.5,86.08
2012-11-12,7626.5,85.56
2012-11-13,7606.5,85.38
2012-11-14,7635,86.32
2012-11-15,7605.5,85.45
2012-11-16,7573,86.62
2012-11-19,7670.5,89.05
2012-11-20,7731,86.46
2012-11-21,7705,87.08
2012-11-22,7716,69.82
2012-11-23,7676,87.01
2012-11-26,7770.5,87.28
2012-11-27,7796,86.81
2012-11-28,7720,86.1
2012-11-29,7850,87.64
2012-11-30,7949,88.54
2012-12-03,7975.5,88.69
2012-12-04,7991,88.04
2012-12-05,8022,87.36
2012-12-06,8020.5,85.47
2012-12-07,7965.5,85.45
2012-12-10,8111.5,85.14
2012-12-11,8070,85.36
2012-12-12,8102,86.35
2012-12-13,8000.5,85.39
2012-12-14,8047.5,86.32
2012-12-17,8001,86.71
2012-12-18,8005.5,87.46
2012-12-19,7946,89.09
2012-12-20,7825.5,89.76
2012-12-21,7768.5,88.2
2012-12-24,7780,88.29
2012-12-27,7871.5,90.91
2012-12-28,7870,90.66
2012-12-31,7915,91.83
2013-01-02,8085,93.14
2013-01-03,8140.5,92.97
2013-01-04,8026,93.12
2013-01-07,7995.5,93.2
2013-01-08,8050.5,93.21
2013-01-09,8059,93.08
2013-01-10,8117,93.81
2013-01-11,8071,93.6
2013-01-14,8030,94.27
2013-01-15,7945,93.26
2013-01-16,7910.5,94.28
2013-01-17,7930,95.49
2013-01-18,8053,95.61
2013-01-21,8020.5,88.04
2013-01-22,8068,96.09
2013-01-23,8115.5,95.06
2013-01-24,8036,95.35
2013-01-25,8060,95.15
2013-01-28,8015,95.95
2013-01-29,8010.5,97.62
2013-01-30,8175.5,97.98
2013-01-31,8170,97.65
2013-02-01,8160,97.46
2013-02-04,8226,96.21
2013-02-05,8242.5,96.68
2013-02-06,8200,96.44
2013-02-07,8212,95.84
2013-02-08,8215,95.71
2013-02-11,8216,97.01
2013-02-12,8184.5,97.48
2013-02-13,8221,97.03
2013-02-14,8197,97.3
2013-02-15,8198.5,95.95
2013-02-18,8075.5,81.5
2013-02-19,8070,96.69
2013-02-20,8009.5,94.92
2013-02-21,7847.5,92.79
2013-02-22,7825,93.12
2013-02-25,7865.5,92.74
2013-02-26,7785,92.63
2013-02-27,7831,92.84
2013-02-28,7828,92.03
2013-03-01,7620.5,90.71
2013-03-04,7751,90.13
2013-03-05,7720,90.88
2013-03-06,7699.5,90.47
2013-03-07,7671,91.53
2013-03-08,7730,92.01
2013-03-11,7677,92.07
2013-03-12,7815,92.44
2013-03-13,7777.5,92.47
2013-03-14,7762,93.03
2013-03-15,7782,93.49
2013-03-18,7555.5,93.71
2013-03-19,7539,92.44
2013-03-20,7574.5,93.21
2013-03-21,7580,92.46
2013-03-22,7618,93.41
2013-03-25,7602,94.55
2013-03-26,7631,95.99
2013-03-27,7570,96.53
2013-03-28,7582.5,97.24
2013-04-02,7434.5,97.23
2013-04-03,7405.5,95.02
2013-04-04,7336.5,93.26
2013-04-05,7376,92.76
2013-04-08,7457.5,93.36
2013-04-09,7485.5,94.18
2013-04-10,7547,94.59
2013-04-11,7510,93.44
2013-04-12,7510,91.23
2013-04-15,7120.5,88.75
2013-04-16,7219,88.73
2013-04-17,7067,86.65
2013-04-18,6962.5,87.83
2013-04-19,6975,88.04
2013-04-22,6875.5,88.81
2013-04-23,6811,89.21
2013-04-24,6935.5,91.07
2013-04-25,7035,93.27
2013-04-26,7054.5,92.63
2013-04-29,7079,94.09
2013-04-30,7073.5,93.22
2013-05-01,6875,90.74
2013-05-02,6870.5,93.7
2013-05-03,7122,95.25
2013-05-07,7240.5,95.28
2013-05-08,7326,96.24
2013-05-09,7311,96.09
2013-05-10,7390.5,95.81
2013-05-13,7350.5,94.76
2013-05-14,7195.5,93.96
2013-05-15,7095.5,93.95
2013-05-16,7095.5,94.85
2013-05-17,7329.5,95.72
2013-05-20,7276,96.29
2013-05-21,7384,95.55
2013-05-22,7480,93.98
2013-05-23,7285.5,94.12
2013-05-24,7240,93.84
2013-05-28,7257,94.65
2013-05-29,7201.5,93.13
2013-05-30,7245.5,93.57
2013-05-31,7241,91.93
2013-06-03,7330.5,93.41
2013-06-04,7337.5,93.36
2013-06-05,7421.5,93.66
2013-06-06,7311,94.71
2013-06-07,7282,96.11
2013-06-10,7120,95.82
2013-06-11,7036,95.5
2013-06-12,7086,95.98
2013-06-13,7057.5,96.66
2013-06-14,7045,97.83
2013-06-17,7020.5,97.86
2013-06-18,6970.5,98.46
2013-06-19,6972.5,98.24
2013-06-20,6808,94.89
2013-06-21,6777,93.81
2013-06-24,6637.5,95.07
2013-06-25,6726.5,95.25
2013-06-26,6685.5,95.47
2013-06-27,6705.5,97
2013-06-28,6750.5,96.36
2013-07-01,6917,97.94
2013-07-02,6980,99.65
2013-07-03,6922,101.92
2013-07-04,6920.5,78.54
2013-07-05,6821,103.09
2013-07-08,6765,103.03
2013-07-09,6719,103.46
2013-07-10,6780,106.41
2013-07-11,6995.5,104.77
2013-07-12,6923,105.85
2013-07-15,6891.5,106.2
2013-07-16,6936.5,105.88
2013-07-17,6924,106.39
2013-07-18,6855.5,107.94
2013-07-19,6920,108
2013-07-22,6980,106.61
2013-07-23,6961,107.13
2013-07-24,7076.5,105.41
2013-07-25,6927.5,105.47
2013-07-26,6905.5,104.76
2013-07-29,6860.5,104.61
2013-07-30,6752,103.14
2013-07-31,6805,105.1
2013-08-01,6999,107.93
2013-08-02,7019,106.94
2013-08-05,6950.5,106.61
2013-08-06,7026.5,105.32
2013-08-07,6892,104.41
2013-08-08,7121.5,103.45
2013-08-09,7186,106.04
2013-08-12,7246,106.19
2013-08-13,7281,106.78
2013-08-14,7272.5,106.89
2013-08-15,7228,107.43
2013-08-16,7335.5,107.58
2013-08-19,7285.5,107.14
2013-08-20,7265.5,104.9
2013-08-21,7236,103.93
2013-08-22,7340.5,104.93
2013-08-23,7300.5,106.48
2013-08-27,7300.5,109.11
2013-08-28,7236,110.17
2013-08-29,7210.5,108.51
2013-08-30,7095,107.98
2013-09-02,7175.5,96.9
2013-09-03,7183.5,108.67
2013-09-04,7125.5,107.29
2013-09-05,7103,108.5
2013-09-06,7170.5,110.62
2013-09-09,7191.5,109.62
2013-09-10,7172,107.48
2013-09-11,7163,107.65
2013-09-12,7043.5,108.72
2013-09-13,7028.5,108.31
2013-09-16,7050,106.54
2013-09-17,7056.5,105.36
2013-09-18,7090.5,108.23
2013-09-19,7301.5,106.26
2013-09-20,7295,104.7
2013-09-23,7181,103.62
2013-09-24,7140.5,103.22
2013-09-25,7155,102.68
2013-09-26,7220.5,103.1
2013-09-27,7252.5,102.86
2013-09-30,7290.5,102.36
2013-10-01,7219,102.09
2013-10-02,7156,104.15
2013-10-03,7215.5,103.29
2013-10-04,7148,103.83
2013-10-07,7171,103.07
2013-10-08,7231.5,103.54
2013-10-09,7141,101.63
2013-10-10,7112.5,103.08
2013-10-11,7125,102.17
2013-10-14,7205.5,102.46
2013-10-15,7186,101.15
2013-10-16,7158.5,102.34
2013-10-17,7172,100.72
2013-10-18,7241.5,100.87
2013-10-21,7225.5,99.28
2013-10-22,7260,97.63
2013-10-23,7200.5,96.9
2013-10-24,7160,96.65
2013-10-25,7126,97.4
2013-10-28,7161,98.74
2013-10-29,7215.5,98.29
2013-10-30,7275.5,96.81
2013-10-31,7234,96.29
2013-11-01,7255.5,94.56
2013-11-04,7180,94.58
2013-11-05,7138.5,93.4
2013-11-06,7200,94.74
2013-11-07,7119,94.25
2013-11-08,7125.5,94.56
2013-11-11,7135,95.13
2013-11-12,7124,93.12
2013-11-13,7021.5,93.91
2013-11-14,6939,93.76
2013-11-15,6967.5,93.8
2013-11-18,6999.5,93.03
2013-11-19,6947,93.35
2013-11-20,6980,93.34
2013-11-21,6992,95.35
2013-11-22,7065.5,94.53
2013-11-25,7067.5,93.86
2013-11-26,7071,93.41
2013-11-27,7051.5,92.05
2013-11-28,6988,77.17
2013-11-29,7027,92.55
2013-12-02,7008.5,93.61
2013-12-03,6945,95.83
2013-12-04,6975,96.97
2013-12-05,7081,97.14
2013-12-06,7113,97.48
2013-12-09,7141,97.1
2013-12-10,7165.5,98.32
2013-12-11,7169.5,97.25
2013-12-12,7230,97.21
2013-12-13,7218.5,96.27
2013-12-16,7325.5,97.18
2013-12-17,7286,96.99
2013-12-18,7230,97.59
2013-12-19,7218.5,98.4
2013-12-20,7264.5,99.11
2013-12-23,7251,98.62
2013-12-24,7280,98.87
2013-12-27,7375,99.94
2013-12-30,7387,98.9
2013-12-31,7394.5,98.17
2014-01-02,7439.5,95.14
2014-01-03,7335.5,93.66
2014-01-06,7313.5,93.12
2014-01-07,7354,93.31
2014-01-08,7368,91.9
2014-01-09,7282,91.36
2014-01-10,7283.5,92.39
2014-01-13,7305.5,91.45
2014-01-14,7343,92.15
2014-01-15,7309,93.78
2014-01-16,7345.5,93.54
2014-01-17,7379.5,93.96
2014-01-20,7340,93.96
2014-01-21,7332,94.51
2014-01-22,7327,96.35
2014-01-23,7285,97.23
2014-01-24,7240,96.66
2014-01-27,7235,95.82
2014-01-28,7215,97.49
2014-01-29,7209,97.34
2014-01-30,7155,98.25
2014-01-31,7091,97.55
2014-02-03,7095.5,96.44
2014-02-04,7107,97.24
2014-02-05,7096,97.4
2014-02-06,7109,97.84
2014-02-07,7200,99.98
2014-02-10,7190.5,100.12
2014-02-11,7120,99.96
2014-02-12,7174.5,100.38
2014-02-13,7157,100.27
2014-02-14,7175.5,100.31
2014-02-17,7210,98.32
2014-02-18,7205,102.54
2014-02-19,7220,103.46
2014-02-20,7185,103.2
2014-02-21,7211.5,102.53
2014-02-24,7130,103.17
2014-02-25,7115,102.2
2014-02-26,7149,102.93
2014-02-27,7095,102.68
2014-02-28,7097.5,102.88
2014-03-03,7032.5,105.34
2014-03-04,7035,103.64
2014-03-05,7102.5,101.75
2014-03-06,7054.5,101.82
2014-03-07,6930.5,102.82
2014-03-10,6716,101.39
2014-03-11,6720.5,100.29
2014-03-12,6498,98.29
2014-03-13,6495,98.57
2014-03-14,6490,99.23
2014-03-17,6550,98.43
2014-03-18,6471.5,100.08
2014-03-19,6446,100.71
2014-03-20,6434.5,99.68
2014-03-21,6539.5,99.97
2014-03-24,6510,100.05
2014-03-25,6559.5,99.66
2014-03-26,6555,100.61
2014-03-27,6581,101.25
2014-03-28,6667,101.73
2014-03-31,6636,101.57
2014-04-01,6632,99.69
2014-04-02,6713,99.6
2014-04-03,6606,100.29
2014-04-04,6677,101.16
2014-04-07,6610.5,100.43
2014-04-08,6652,102.57
2014-04-09,6630.5,103.55
2014-04-10,6637.5,103.37
2014-04-11,6686,103.68
2014-04-14,6645,104.05
2014-04-15,6630,103.7
2014-04-16,6600,103.71
2014-04-17,6631,104.33
2014-04-22,6628.5,101.69
2014-04-23,6645,101.47
2014-04-24,6731,102.2
2014-04-25,6785.5,100.85
2014-04-28,6782,101.13
2014-04-29,6770,101.56
2014-04-30,6724,100.07
2014-05-01,6670.5,99.69
2014-05-02,6699,100.09
2014-05-06,6740,99.81
2014-05-07,6688,101.06
2014-05-08,6690.5,100.52
2014-05-09,6770,100.32
2014-05-12,6930,100.89
2014-05-13,6884.5,102.01
2014-05-14,6976.5,102.63
2014-05-15,6949,101.74
2014-05-16,6950,102.31
2014-05-19,9960,102.95
2014-05-20,6922.5,102.8
2014-05-21,6841,104.31
2014-05-22,6945.5,104.03
2014-05-23,6991,105.01
2014-05-26,6055,71.36
2014-05-27,7020,104.78
2014-05-28,7035,103.37
2014-05-29,6970,104.26
2014-05-30,6995.5,103.4
2014-06-02,7003,103.07
2014-06-03,6930,103.34
2014-06-04,6835,103.27
2014-06-05,6800,103.17
2014-06-06,6660.5,103.32
2014-06-09,6667.5,105.09
2014-06-10,6695.5,105.02
2014-06-11,6689.5,105.04
2014-06-12,6725,107.2
2014-06-13,6671.5,107.49
2014-06-16,6735,107.52
2014-06-17,6711,106.95
2014-06-18,6739,106.64
2014-06-19,6730.5,107.08
2014-06-20,6777.5,107.95
2014-06-23,6901,106.83
2014-06-24,6898.5,106.64
2014-06-25,6890.5,107.04
2014-06-26,6936.5,106.49
2014-06-27,6976,106.46
2014-06-30,6955,106.07
2014-07-01,7015,106.06
2014-07-02,7050,105.18
2014-07-03,7121,104.76
2014-07-04,7159,93.91
2014-07-07,7120.5,104.19
2014-07-08,7155,104.06
2014-07-09,7173,102.93
2014-07-10,7110,103.61
2014-07-11,7151,101.48
2014-07-14,7154.5,101.73
2014-07-15,7102.5,100.56
2014-07-16,7112,101.88
2014-07-17,7030.5,103.84
2014-07-18,7026.5,103.83
2014-07-21,6989.5,105.34
2014-07-22,7060.5,104.59
2014-07-23,7065,103.81
2014-07-24,7151,102.76
2014-07-25,7183.5,105.23
2014-07-28,7132,105.68
2014-07-29,7116,104.91
2014-07-30,7090,104.29
2014-07-31,7135.5,98.23
2014-08-01,7078,97.86
2014-08-04,7104,98.26
2014-08-05,7100.5,97.34
2014-08-06,6995,96.93
2014-08-07,6980.5,97.34
2014-08-08,7020,97.61
2014-08-11,7010.5,98.09
2014-08-12,7025.5,97.36
2014-08-13,6925.5,97.57
2014-08-14,6886.5,95.54
2014-08-15,6852.5,97.3
2014-08-18,6910,96.44
2014-08-19,6934.5,94.35
2014-08-20,6922,96.4
2014-08-21,7003,93.97
2014-08-22,7088,93.61
2014-08-26,7096,95.78
2014-08-27,7051,95.82
2014-08-28,7033,96.44
2014-08-29,6995,97.86
2014-09-01,6966.5,85.95
2014-09-02,6965.5,92.92
2014-09-03,6927,95.5
2014-09-04,6967,94.51
2014-09-05,6973,93.32
2014-09-08,7040.5,92.64
2014-09-09,6937,92.73
2014-09-10,6897.5,91.71
2014-09-11,6829,92.89
2014-09-12,6856,92.18
2014-09-15,6850,92.86
2014-09-16,6895.5,94.91
2014-09-17,6958.5,94.33
2014-09-18,6920,93.07
2014-09-19,6868.5,92.43
2014-09-22,6782,91.46
2014-09-23,6797,91.55
2014-09-24,6750,93.6
2014-09-25,6766,93.59
2014-09-26,6771,95.55
2014-09-29,6735.5,94.53
2014-09-30,6736,91.17
2014-10-01,6755,90.74
2014-10-02,6693.5,91.02
2014-10-03,6665,89.76
2014-10-06,6712.5,90.33
2014-10-07,6715,88.89
2014-10-08,6755,87.29
2014-10-09,6767,85.76
2014-10-10,6697,85.87
2014-10-13,6802,85.73
2014-10-14,6780.5,81.72
2014-10-15,6781,81.82
2014-10-16,6630,82.33
2014-10-17,6629,82.8
2014-10-20,6615,82.76
2014-10-21,6660,83.25
2014-10-22,6730.5,80.52
2014-10-23,6718.5,82.81
2014-10-24,6759.5,81.27
2014-10-27,6800.5,81.26
2014-10-28,6859.5,81.36
2014-10-29,6855,82.25
2014-10-30,6785,81.06
2014-10-31,6835.5,80.53
2014-11-03,6801,78.77
2014-11-04,6705.5,77.15
2014-11-05,6646,78.71
2014-11-06,6681,77.87
2014-11-07,6720.5,78.71
2014-11-10,6735.5,77.43
2014-11-11,6688,77.85
2014-11-12,6752.5,77.16
2014-11-13,6755.5,74.13
2014-11-14,6695,75.91
2014-11-17,6752,75.64
2014-11-18,6684,74.55
2014-11-19,6715,74.55
2014-11-20,6688,75.63
2014-11-21,6790,76.52
2014-11-24,6731,75.74
2014-11-25,6696,74.04
2014-11-26,6649,73.7
2014-11-27,6621.5,52.16
2014-11-28,6515.5,65.94
2014-12-01,6385,68.98
2014-12-02,6455,66.99
2014-12-03,6451,67.3
2014-12-04,6491,66.73
2014-12-05,6536,65.89
2014-12-08,6465.5,63.13
2014-12-09,6401,63.74
2014-12-10,6476,60.99
2014-12-11,6471.5,60.01
2014-12-12,6526.5,57.81
2014-12-15,6560,55.96
2014-12-16,6390,55.97
2014-12-17,6306,56.43
2014-12-18,6350.5,54.18
2014-12-19,6445.5,56.91
2014-12-22,6426.5,55.25
2014-12-23,6363,56.78
2014-12-24,6361,55.7
2014-12-29,6332,53.46
2014-12-30,6330,54.14
2014-12-31,6359,53.45
2015-01-02,6309,52.72
2015-01-05,6216,50.05
2015-01-06,6191,47.98
2015-01-07,6170,48.69
2015-01-08,6230.5,48.8
2015-01-09,6151,48.35
2015-01-12,6131,46.06
2015-01-13,5915,45.92
2015-01-14,5627,48.49
2015-01-15,5719,46.37
2015-01-16,5660,48.49
2015-01-19,5671,52.13
2015-01-20,5760.5,46.79
2015-01-21,5630.5,47.85
2015-01-22,5742,45.93
2015-01-23,5581,45.26
2015-01-26,5490,44.8
2015-01-27,5557,45.84
2015-01-28,5485.5,44.08
2015-01-29,5390.5,44.12
2015-01-30,5505,47.79
2015-02-02,5535.5,49.25
2015-02-03,5695,53.04
2015-02-04,5708,48.45
2015-02-05,5595,50.48
2015-02-06,5692,51.66
2015-02-09,5666,52.99
2015-02-10,5591,50.06
2015-02-11,5645.5,48.8
2015-02-12,5695,51.17
2015-02-13,5731,52.66
2015-02-16,5712,56.92
2015-02-17,5665.5,53.56
2015-02-18,5690,52.13
2015-02-19,5720,51.12
2015-02-20,5707,49.95
2015-02-23,5657,49.56
2015-02-24,5715,48.48
2015-02-25,5805,50.25
2015-02-26,5935.5,47.65
2015-02-27,5880.5,49.84
2015-03-02,5896,49.59
2015-03-03,5855,50.43
2015-03-04,5882,51.53
2015-03-05,5856,50.76
2015-03-06,5826.5,49.61
2015-03-09,5800,49.95
2015-03-10,5783.5,48.42
2015-03-11,5786,48.06
2015-03-12,5865.5,47.12
2015-03-13,5860,44.88
2015-03-16,5853,43.93
2015-03-17,5765,43.39
2015-03-18,5692.5,44.63
2015-03-19,5835,44.02
2015-03-20,5920,46
2015-03-23,6093.5,47.4
2015-03-24,6128,47.03
2015-03-25,6134.5,48.75
2015-03-26,6230,51.41
2015-03-27,6146,48.83
2015-03-30,6110,48.66
2015-03-31,6050.5,47.72
2015-04-01,6019.5,50.12
2015-04-02,6001.5,49.13
2015-04-07,6041,53.95
2015-04-08,6055,50.44
2015-04-09,6050,50.79
2015-04-10,6055,51.63
2015-04-13,6011.5,51.95
2015-04-14,5916.5,53.3
2015-04-15,5920.5,56.25
2015-04-16,6054,56.69
2015-04-17,6081,55.71
2015-04-20,6002,56.37
2015-04-21,5975,55.58
2015-04-22,5927,56.17
2015-04-23,5935,56.59
2015-04-24,6025.5,55.98
2015-04-27,6061,55.56
2015-04-28,6090.5,57.05
2015-04-29,6103,58.55
2015-04-30,6245,59.62
2015-05-01,6362,59.1
2015-05-05,6410,60.38
2015-05-06,6400.5,60.93
2015-05-07,6437,58.99
2015-05-08,6396.5,59.41
2015-05-11,6363,59.23
2015-05-12,6448,60.72
2015-05-13,6416,60.5
2015-05-14,6399,59.89
2015-05-15,6356,59.73
2015-05-18,6383,59.44
2015-05-19,6270,57.3
2015-05-20,6208,58.96
2015-05-21,6240,60.18
2015-05-22,6197.5,58.88
2015-05-26,6134.5,57.29
2015-05-27,6085,57.51
2015-05-28,6117,57.69
2015-05-29,6088.5,60.25
2015-06-01,5970.5,60.24
2015-06-02,5998.5,61.3
2015-06-03,5992,59.67
2015-06-04,5954,58
2015-06-05,5924.5,59.11
2015-06-08,5915,58.15
2015-06-09,5989,60.15
2015-06-10,6045.5,61.36
2015-06-11,5906,60.74
2015-06-12,5888.5,59.96
2015-06-15,5760.5,59.53
2015-06-16,5752,60.01
2015-06-17,5749,59.89
2015-06-18,5761,60.41
2015-06-19,5663,59.62
2015-06-22,5646,60.01
2015-06-23,5725,61.05
2015-06-24,5765,60.01
2015-06-25,5715.5,59.59
2015-06-26,5731,59.41
2015-06-29,5767,58.34
2015-06-30,5721,59.48
2015-07-01,5755.5,56.94
2015-07-02,5761,56.93
2015-07-03,5761.5,56.93
2015-07-06,5570,52.48
2015-07-07,5440.5,52.33
2015-07-08,5375,51.61
2015-07-09,5576,52.76
2015-07-10,5561.5,52.74
2015-07-13,5605.5,52.19
2015-07-14,5502.5,53.05
2015-07-15,5597,51.4
2015-07-16,5530,50.9
2015-07-17,5465,50.88
2015-07-20,5425,50.11
2015-07-21,5475.5,50.59
2015-07-22,5350.5,49.27
2015-07-23,5340,48.11
2015-07-24,5224.5,47.98
2015-07-27,5190,47.17
2015-07-28,5239.5,47.97
2015-07-29,5302,48.77
2015-07-30,5241,48.53
2015-07-31,5220,47.11
2015-08-03,5176.5,45.25
2015-08-04,5215.5,45.75
2015-08-05,5171.5,45.13
2015-08-06,5165,44.69
2015-08-07,5135.5,43.87
2015-08-10,5150,44.94
2015-08-11,5140,43.11
2015-08-12,5103,43.22
2015-08-13,5148,42.27
2015-08-14,5156,42.45
2015-08-17,5101,41.93
2015-08-18,5000.5,42.58
2015-08-19,5006.5,40.75
2015-08-20,5060.5,41
2015-08-21,5046,40.45
2015-08-24,4888,38.22
2015-08-25,5032,39.15
2015-08-26,4959,38.5
2015-08-27,5029,42.47
2015-08-28,5095,45.29
2015-09-01,5095,45.38
2015-09-02,5090.5,46.3
2015-09-03,5250,46.75
2015-09-04,5155.5,46.02
2015-09-07,5176,59.18
2015-09-08,5280,45.92
2015-09-09,5366,44.13
2015-09-10,5400,45.85
2015-09-11,5352,44.75
2015-09-14,5324,44.07
2015-09-15,5290,44.58
2015-09-16,5350,47.12
2015-09-17,5369,46.93
2015-09-18,5358,44.71
2015-09-21,5267,46.67
2015-09-22,5131,46.17
2015-09-23,5112,44.53
2015-09-24,5046,44.94
2015-09-25,5098,45.55
2015-09-28,4965,44.4
2015-09-29,5010,45.24
2015-09-30,5093,45.06
2015-10-01,5178,44.75
2015-10-02,5081,45.54
2015-10-05,5144.5,46.28
2015-10-06,5175,48.53
2015-10-07,5241,47.86
2015-10-08,5160,49.46
2015-10-09,5319,49.67
2015-10-12,5335,47.09
2015-10-13,5260.5,46.7
2015-10-14,5278,46.63
2015-10-15,5344,46.38
2015-10-16,5270,47.3
2015-10-19,5240,45.91
2015-10-20,5189,45.84
2015-10-21,5185.5,45.22
2015-10-22,5274,44.9
2015-10-23,5295,43.91
2015-10-26,5233,43.19
2015-10-27,5219.5,43.21
2015-10-28,5179,45.93
2015-10-29,5161,46.02
2015-10-30,5135.5,46.6
2015-11-02,5137.5,46.12
2015-11-03,5149,47.88
2015-11-04,5165.5,46.32
2015-11-05,5053,45.27
2015-11-06,5000,44.32
2015-11-09,4990,43.87
2015-11-10,4933.5,44.23
2015-11-11,4931,42.95
2015-11-12,4872.5,41.74
2015-11-13,4825,40.69
2015-11-16,4765,41.68
2015-11-17,4700,40.73
2015-11-18,4669,40.75
2015-11-19,4610,40.55
2015-11-20,4690,39.39
2015-11-23,4515.5,39.27
2015-11-24,4527,40.89
2015-11-25,4541,41.22
2015-11-26,4667,34.39
2015-11-27,4636,40.57
2015-11-30,4595.5,40.43
2015-12-01,4619,40.58
2015-12-02,4589,39.93
2015-12-03,4525,41.08
2015-12-04,4637,40
2015-12-07,4592.5,37.64
2015-12-08,4567.5,37.46
2015-12-09,4620,37.16
2015-12-10,4572,36.76
2015-12-11,4667,35.65
2015-12-14,4640,36.31
2015-12-15,4586,37.32
2015-12-16,4583,35.55
2015-12-17,4550,34.98
2015-12-18,4650,34.72
2015-12-21,4691,34.55
2015-12-22,4672.5,36.12
2015-12-23,4680,36.76
2015-12-24,4665.5,37.62
2015-12-29,4685,37.88
2015-12-30,4715,36.59
2015-12-31,4702,37.13
2016-01-04,4645,36.81
2016-01-05,4647,35.97
2016-01-06,4600,33.97
2016-01-07,4514,33.29
2016-01-08,4486.5,33.2
2016-01-11,4402.5,31.42
2016-01-12,4355,30.42
2016-01-13,4380,30.42
2016-01-14,4365.5,31.22
2016-01-15,4310.5,29.45
2016-01-18,4360,28.96
2016-01-19,4440.5,28.47
2016-01-20,4347,26.68
2016-01-21,4376,29.55
2016-01-22,4468,32.07
2016-01-25,4454,30.31
2016-01-26,4501,29.54
2016-01-27,4507.5,32.32
2016-01-28,4553.5,33.21
2016-01-29,4541.5,33.66
2016-02-01,4534,31.62
2016-02-02,4605.5,29.9
2016-02-03,4578.5,32.29
2016-02-04,4685,31.63
2016-02-05,4669,30.86
2016-02-08,4572.5,29.71
2016-02-09,4530.5,27.96
2016-02-10,4507,27.54
2016-02-11,4474,26.19
2016-02-12,4488.5,29.32
2016-02-15,4562,41.08
2016-02-16,4583.5,29.05
2016-02-17,4562,30.68
2016-02-18,4577,30.77
2016-02-19,4590,29.59
2016-02-22,4696,31.37
2016-02-23,4663.5,31.84
2016-02-24,4585.5,30.35
2016-02-25,4655,31.4
2016-02-26,4681,31.65
2016-02-29,4705,32.74
2016-03-01,4726,34.39
2016-03-02,4780,34.57
2016-03-03,4830,34.56
2016-03-04,4918,35.91
2016-03-07,5000,37.9
2016-03-08,4980.5,36.67
2016-03-09,4935.5,37.62
2016-03-10,4920.5,37.77
2016-03-11,4941,38.51
2016-03-14,4994,37.2
2016-03-15,4920,36.32
2016-03-16,4945,38.43
2016-03-17,5029,40.17
2016-03-18,5103,39.47
2016-03-21,5079.5,39.91
2016-03-22,5070,41.45
2016-03-23,5060.5,38.28
2016-03-24,4931,38.14
2016-03-29,4939.5,36.91
2016-03-30,4940,36.91
2016-03-31,4855.5,36.94
2016-04-01,4880,35.36
2016-04-04,4816,34.3
2016-04-05,4776,34.52
2016-04-06,4775,37.74
2016-04-07,4715,37.3
2016-04-08,4654,39.74
2016-04-11,4645,40.46
2016-04-12,4715.5,42.12
2016-04-13,4838,41.7
2016-04-14,4830.5,41.45
2016-04-15,4813.5,40.4
2016-04-18,4798,39.74
2016-04-19,4812,40.88
2016-04-20,4938.5,42.72
2016-04-21,5025.5,43.18
2016-04-22,5015.5,42.76
2016-04-25,5000.5,41.67
2016-04-26,4935.5,42.52
2016-04-27,4932,45.29
2016-04-28,4912.5,46.03
2016-04-29,5045,45.98
2016-05-03,4960,43.65
2016-05-04,4892,43.77
2016-05-05,4826,44.33
2016-05-06,4810,44.58
2016-05-09,4739.5,43.45
2016-05-10,4710,44.68
2016-05-11,4748,46.21
2016-05-12,4744,46.64
2016-05-13,4660,46.22
2016-05-16,4640.5,47.72
2016-05-17,4634,48.29
2016-05-18,4600.5,48.12
2016-05-19,4596,48.16
2016-05-20,4630.5,47.67
2016-05-23,4572,48.12
2016-05-24,4637,48.04
2016-05-25,4636,49.1
2016-05-26,4705.5,49
2016-05-27,4725.5,49.36
2016-05-31,4700,49.1
2016-06-01,4601,49.07
2016-06-02,4600,49.14
2016-06-03,4688,48.69
2016-06-06,4706,49.71
2016-06-07,4589,50.37
2016-06-08,4590.5,51.23
2016-06-09,4546,50.52
2016-06-10,4504,49.09
2016-06-13,4515,48.89
2016-06-14,4510.5,48.49
2016-06-15,4632,47.92
2016-06-16,4524.5,46.14
2016-06-17,4521.5,48
2016-06-20,4585,49.4
2016-06-21,4587,48.95
2016-06-22,4687.5,49.16
2016-06-23,4747,49.34
2016-06-24,4663,46.7
2016-06-27,4692,45.8
2016-06-28,4777.5,47.93
2016-06-29,4780,49.85
2016-06-30,4827,48.27
2016-07-01,4783.5,49.02
2016-07-04,4920,45.9
2016-07-05,4840.5,46.73
2016-07-06,4706,47.37
2016-07-07,4725,45.22
2016-07-08,4710,45.37
2016-07-11,4746,44.73
2016-07-12,4811.5,46.82
2016-07-13,4918.5,44.87
2016-07-14,4911.5,45.64
2016-07-15,4945.5,45.93
2016-07-18,4839,45.23
2016-07-19,4938,44.64
2016-07-20,4900.5,44.96
2016-07-21,4953.5,43.96
2016-07-22,4956,43.41
2016-07-25,4920,42.4
2016-07-26,4862,42.16
2016-07-27,4869.5,41.9
2016-07-28,4862,41.13
2016-07-29,4853,41.54
2016-08-01,4907,40.05
2016-08-02,4885.5,39.5
2016-08-03,4844.5,40.8
2016-08-04,4787,41.92
2016-08-05,4792.5,41.83
2016-08-08,4796,43.06
2016-08-09,4779,42.78
2016-08-10,4874.5,41.75
2016-08-11,4810,43.51
2016-08-12,4746,44.47
2016-08-15,4746,45.72
2016-08-16,4798,46.57
2016-08-17,4755.5,46.81
2016-08-18,4802.5,48.2
2016-08-19,4774,48.48
2016-08-22,4732,46.8
2016-08-23,4719,47.54
2016-08-24,4658.5,46.29
2016-08-25,4639.5,46.97
2016-08-26,4622,47.64
2016-08-30,4609,46.32
2016-08-31,4602.5,44.68
2016-09-01,4620,43.17
2016-09-02,4607,44.39
2016-09-05,4603,29.32
2016-09-06,4623,44.85
2016-09-07,4643,45.47
2016-09-08,4617.5,47.63
2016-09-09,4622.5,45.88
2016-09-12,4573,46.28
2016-09-13,4641.5,44.91
2016-09-14,4694.5,43.62
2016-09-15,4727,43.85
2016-09-16,4733.5,43.04
2016-09-19,4731.5,43.34
2016-09-20,4732.5,43.85
2016-09-21,4733,45.33
2016-09-22,4815.5,46.1
2016-09-23,4815,44.36
2016-09-26,4794,45.6
2016-09-27,4775,44.65
2016-09-28,4807.5,47.07
2016-09-29,4816.5,47.72
2016-09-30,4832,47.72
2016-10-03,4807,48.8
2016-10-04,4790.5,48.67
2016-10-05,4777.5,49.75
2016-10-06,4742,50.44
2016-10-07,4742,49.76
2016-10-10,4786,49.76
2016-10-11,4801.5,50.72
2016-10-12,4805,50.14
2016-10-13,4754.5,50.47
2016-10-14,4672.5,50.35
2016-10-17,4671.5,49.97
2016-10-18,4665.5,50.3
2016-10-19,4642.5,51.59
2016-10-20,4633.5,50.31
2016-10-21,4637,50.61
2016-10-24,4620.5,50.18
2016-10-25,4720,49.45
2016-10-26,4717.5,48.75
2016-10-27,4774,49.71
2016-10-28,4787,48.72
2016-10-31,4827.5,46.83
2016-11-01,4862.5,46.66
2016-11-02,4871,45.32
2016-11-03,4918,44.66
2016-11-04,4943,44.07
2016-11-07,5032,44.88
2016-11-08,5044,44.96
2016-11-09,5335,45.2
2016-11-10,5619,44.62
2016-11-11,5900,43.39
2016-11-14,5620,43.29
2016-11-15,5448,45.86
2016-11-16,5459,45.56
2016-11-17,5426,45.37
2016-11-18,5446,45.69
2016-11-21,5535.5,47.48
2016-11-22,5618,48.07
2016-11-23,5564,46.72
2016-11-24,5834.5,50.78
2016-11-25,5822.5,46.72
2016-11-28,5935.5,45.66
2016-11-29,5778,45.29
2016-11-30,5740,49.41
2016-12-01,5773,51.08
2016-12-02,5736,51.7
2016-12-05,5851.5,51.72
2016-12-06,5856,50.95
2016-12-07,5903.5,49.85
2016-12-08,5838,50.84
2016-12-09,5824,51.51
2016-12-12,5757,52.74
2016-12-13,5765.5,52.99
2016-12-14,5735,51.01
2016-12-15,5682.5,50.9
2016-12-16,5649,51.93
2016-12-19,5561,52.13
2016-12-20,5485.5,52.22
2016-12-21,5498.5,51.44
2016-12-22,5426,51.98
2016-12-23,5482,52.01
2016-12-27,5771.5,52.82
2016-12-28,5486,54.01
2016-12-29,5514,53.8
2016-12-30,5501,53.75
2017-01-03,5574,52.36
2017-01-04,5500.5,53.26
2017-01-05,5611,53.77
2017-01-06,5546.5,53.98
2017-01-09,5551.5,51.95
2017-01-10,5642,50.82
2017-01-11,5709.5,52.19
2017-01-12,5752.5,53.01
2017-01-13,5797,52.36
2017-01-16,5857,67.25
2017-01-17,5771.5,52.45
2017-01-18,5721,51.12
2017-01-19,5710,51.39
2017-01-20,5706,52.33
2017-01-23,5775,52.77
2017-01-24,5879,52.38
2017-01-25,5867,52.14
2017-01-26,5890,53.24
2017-01-27,5847,53.18
2017-01-30,5857,52.63
2017-01-31,5921,52.75
2017-02-01,5931,53.9
2017-02-02,5903,53.55
2017-02-03,5836,53.81
2017-02-06,5786,53.01
2017-02-07,5802,52.19
2017-02-08,5865,52.37
2017-02-09,5863,52.99
2017-02-10,5872,53.84
2017-02-13,6111,52.96
2017-02-14,6145,53.21
2017-02-15,6016,53.11
2017-02-16,6015,53.41
2017-02-17,5939,53.41
2017-02-20,6002,63.83
2017-02-21,6034,54.02
2017-02-22,5976,53.61
2017-02-23,5991,54.48
2017-02-24,5881,53.99
2017-02-27,5927,54.04
2017-02-28,5936,54
2017-03-01,6040,53.82
2017-03-02,5994,52.63
2017-03-03,5910,53.33
2017-03-06,5856,53.19
2017-03-07,5807,52.68
2017-03-08,5782,49.83
2017-03-09,5655,48.75
2017-03-10,5714.5,48.05
2017-03-13,5794,47.95
2017-03-14,5747,47.24
2017-03-15,5850,48.34
2017-03-16,5911,48.3
2017-03-17,5889,48.34
2017-03-20,5891,47.79
2017-03-21,5765.5,47.02
2017-03-22,5712,47.29
2017-03-23,5790.5,47
2017-03-24,5782.5,47.3
2017-03-27,5673.5,47.02
2017-03-28,5774.5,48.36
2017-03-29,5847,49.47
2017-03-30,5860,50.3
2017-03-31,5849,50.54
2017-04-03,5817,50.25
2017-04-04,5724.5,50.99
2017-04-05,5808.5,51.14
2017-04-06,5870.5,51.69
2017-04-07,5770,52.25
2017-04-10,5731,53.06
2017-04-11,5746,53.38
2017-04-12,5685,53.12
2017-04-13,5655,53.19
2017-04-18,5620.5,52.46
2017-04-19,5600.5,50.49
2017-04-20,5611.5,50.26
2017-04-21,5601,49.64
2017-04-24,5612,48.9
2017-04-25,5652.5,49.22
2017-04-26,5677.5,49.22
2017-04-27,5686.5,48.96
2017-04-28,5688.5,49.31
2017-05-02,5746.5,47.65
2017-05-03,5636.5,47.79
2017-05-04,5543,45.55
2017-05-05,5530.5,46.23
2017-05-08,5466,46.46
2017-05-09,5496,45.84
2017-05-10,5512,47.28
2017-05-11,5580.5,47.81
2017-05-12,5520,47.83
2017-05-15,5586,48.86
2017-05-16,5584,48.64
2017-05-17,5575,49.04
2017-05-18,5490,49.36
2017-05-19,5596,50.32
2017-05-22,5677,50.81
2017-05-23,5660.5,51.12
2017-05-24,5662.5,50.99
2017-05-25,5665,48.57
2017-05-26,5671,49.58
2017-05-30,5608,49.63
2017-05-31,5615.5,48.29
2017-06-01,5636.5,48.32
2017-06-02,5559.5,47.68
2017-06-05,5586.5,47.4
2017-06-06,5540.5,48.13
2017-06-07,5575.5,45.8
2017-06-08,5647.5,45.68
2017-06-09,5739,45.82
2017-06-12,5752,46.1
2017-06-13,5659,46.41
2017-06-14,5684.5,44.79
2017-06-15,5637,44.47
2017-06-16,5655.5,44.73
2017-06-19,5687,44.24
2017-06-20,5673.5,43.34
2017-06-21,5650,42.48
2017-06-22,5736,42.53
2017-06-23,5774,42.86
2017-06-26,5771,43.24
2017-06-27,5789,44.25
2017-06-28,5822,44.74
2017-06-29,5905.5,44.88
2017-06-30,5907.5,46.02
2017-07-03,5894,39.03
2017-07-04,5847,40.55
2017-07-05,5818,45.11
2017-07-06,5828.5,45.52
2017-07-07,5809,44.25
2017-07-10,5780,44.4
2017-07-11,5795,45.06
2017-07-12,5882.5,45.48
2017-07-13,5902,46.06
2017-07-14,5858,46.53
2017-07-17,5965.5,46.02
2017-07-18,5940.5,46.4
2017-07-19,5956,47.1
2017-07-20,5930,46.73
2017-07-21,6001.5,45.78
2017-07-24,6000,46.21
2017-07-25,6150,47.77
2017-07-26,6238,48.58
2017-07-27,6325,49.05
2017-07-28,6283,49.72
2017-07-31,6347,50.21
2017-08-01,6300.5,49.19
2017-08-02,6300,49.6
2017-08-03,6290,49.03
2017-08-04,6330,49.57
2017-08-07,6333,49.37
2017-08-08,6364,49.07
2017-08-09,6465,49.59
2017-08-10,6416.5,48.54
2017-08-11,6353.5,48.81
2017-08-14,6351,47.59
2017-08-15,6382,47.57
2017-08-16,6433,46.8
2017-08-17,6460,47.07
2017-08-18,6453,48.59
2017-08-21,6514.5,47.39
2017-08-22,6584,47.65
2017-08-23,6555,48.45
2017-08-24,6577,47.24
2017-08-25,6714,47.65
2017-08-29,6797,46.46
2017-08-30,6755,45.96
2017-08-31,6792,47.26
2017-09-01,6776,47.32
2017-09-04,6873,67.66
2017-09-05,6904,48.63
2017-09-06,6864,49.13
2017-09-07,6842.5,49.1
2017-09-08,6780,47.44
2017-09-11,6737,48.06
2017-09-12,6601.5,48.21
2017-09-13,6527,49.3
2017-09-14,6418.5,49.86
2017-09-15,6457,49.9
2017-09-18,6487,49.88
2017-09-19,6492,49.54
2017-09-20,6520,50.29
2017-09-21,6407.5,50.58
2017-09-22,6405,50.33
2017-09-25,6416,51.85
2017-09-26,6423,51.59
2017-09-27,6426,52.14
2017-09-28,6405,51.62
2017-09-29,6485,51.67
2017-10-02,6455,50.59
2017-10-03,6447,50.44
2017-10-04,6453,50
2017-10-05,6511,50.79
2017-10-06,6639,49.34
2017-10-09,6607,49.58
2017-10-10,6641,50.93
2017-10-11,6685,51.3
2017-10-12,6813,50.61
2017-10-13,6858,51.43
2017-10-16,7063,51.86
2017-10-17,7046,51.87
2017-10-18,6971.5,52.05
2017-10-19,6920,51.29
2017-10-20,7008.5,51.63
2017-10-23,6959,51.91
2017-10-24,7073.5,52.32
2017-10-25,6970.5,51.97
2017-10-26,6965,52.41
2017-10-27,6831.5,53.92
2017-10-30,6823,54.11
2017-10-31,6802,54.36
2017-11-01,6918,54.32
2017-11-02,6855,54.55
2017-11-03,6914.5,55.63
2017-11-06,6902.5,57.34
2017-11-07,6863,57.19
2017-11-08,6812,56.82
2017-11-09,6777,57.16
2017-11-10,6797,56.75
2017-11-13,6768,56.77
2017-11-14,6822.5,55.67
2017-11-15,6715.5,55.28
2017-11-16,6764,55.14
2017-11-17,6728.5,56.21
2017-11-20,6752,56.21
2017-11-21,6828,56.84
2017-11-22,6872.5,57.88
2017-11-23,6895.5,51.43
2017-11-24,6967.5,58.94
2017-11-27,6892,58.1
2017-11-28,6800,57.96
2017-11-29,6756.5,57.25
2017-11-30,6761,57.4
2017-12-01,6734,58.35
2017-12-04,6807,57.48
2017-12-05,6645,57.66
2017-12-06,6539,55.79
2017-12-07,6530.5,56.5
2017-12-08,6538.5,57.15
2017-12-11,6547.5,57.84
2017-12-12,6614,57.12
2017-12-13,6685,56.59
2017-12-14,6723,57
2017-12-15,6735.5,57.29
2017-12-18,6844,57.17
2017-12-19,6845,57.49
2017-12-20,6925,58.09
2017-12-21,6977,58.34
2017-12-22,7019,58.25
2017-12-27,7140,59.67
2017-12-28,7216,59.84
2017-12-29,7157,60.46
2018-01-02,7181,60.37
2018-01-03,7115.5,61.61
2018-01-04,7202.5,61.98
2018-01-05,7097,61.49
2018-01-08,7084.5,61.73
2018-01-09,7092,62.92
2018-01-10,7140.5,63.6
2018-01-11,7123,63.81
2018-01-12,7070.5,64.22
2018-01-15,7180,72.97
2018-01-16,7023,63.82
2018-01-17,7047,63.92
2018-01-18,7047,63.96
2018-01-19,7079,63.38
2018-01-22,7049,63.66
2018-01-23,6905,64.45
2018-01-24,6943,65.69
2018-01-25,7112,65.62
2018-01-26,7063.5,66.27
2018-01-29,7062,65.71
2018-01-30,7049,64.64
2018-01-31,7100.5,64.82
2018-02-01,7027,65.92
2018-02-02,7066,65.5
2018-02-05,7050,64.18
2018-02-06,7060,63.48
2018-02-07,7006,61.91
2018-02-08,6838,61.3
2018-02-09,6755,59.2
2018-02-12,6786.5,59.41
2018-02-13,6908,59.33
2018-02-14,6962,60.7
2018-02-15,7098,61.48
2018-02-16,7159,61.89
2018-02-19,7093,65.71
2018-02-20,7027,61.91
2018-02-21,7003,61.73
2018-02-22,7032,62.72
2018-02-23,7073.5,63.52
2018-02-26,7111,63.81
2018-02-27,7028,62.94
2018-02-28,6953,61.43
2018-03-01,6852,60.98
2018-03-02,6883,61.19
2018-03-05,6850,62.49
2018-03-06,6968.5,62.54
2018-03-07,6873,61.09
2018-03-08,6830,60.13
2018-03-09,6808,62.02
2018-03-12,6857,61.35
2018-03-13,6883,60.69
2018-03-14,7015,60.89
2018-03-15,6885.5,61.16
2018-03-16,6923,62.29
2018-03-19,6791.5,62.01
2018-03-20,6784,63.37
2018-03-21,6675,65.1
2018-03-22,6746.5,64.25
2018-03-23,6658,65.8
2018-03-26,6500,65.49
2018-03-27,6641.5,65.21
2018-03-28,6601.5,64.3
2018-03-29,6685,64.87
2018-04-03,6756,63.41
2018-04-04,6625,63.35
2018-04-05,6767,63.53
2018-04-06,6703,62.03
2018-04-09,6767,63.4
2018-04-10,6888,65.48
2018-04-11,6930.5,66.81
2018-04-12,6756,67.07
2018-04-13,6830,67.35
2018-04-16,6811.5,66.23
2018-04-17,6784,66.5
2018-04-18,6936,68.44
2018-04-19,6942,68.3
2018-04-20,6939,68.26
2018-04-23,6923,67.61
2018-04-24,6987,67.66
2018-04-25,6960.5,68
2018-04-26,6885.5,68.18
2018-04-27,6797,68.11
2018-04-30,6783,68.56
2018-05-01,6777.5,67.28
2018-05-02,6785,67.91
2018-05-03,6837,68.45
2018-05-04,6783,69.71
2018-05-08,6722,68.83
2018-05-09,6786,71.16
2018-05-10,6862,71.36
2018-05-11,6869,70.69
2018-05-14,6828,71.01
2018-05-15,6822.5,71.34
2018-05-16,6773.5,71.43
2018-05-17,6838,71.47
2018-05-18,6783.5,71.23
2018-05-21,6861,72.26
2018-05-22,6931.5,72.09
2018-05-23,6800,71.85
2018-05-24,6835,70.77
2018-05-25,6886,67.92
2018-05-29,6841.5,66.8
2018-05-30,6810,68.24
2018-05-31,6825,66.98
2018-06-01,6814,65.81
2018-06-04,6935,64.76
2018-06-05,6971,65.51
2018-06-06,7147,64.75
2018-06-07,7245.5,65.96
2018-06-08,7262.5,65.77
2018-06-11,7223.5,66.1
2018-06-12,7200.5,66.38
2018-06-13,7201.5,66.63
2018-06-14,7197,66.91
2018-06-15,7136,65.01
2018-06-18,6987,65.91
2018-06-19,6820,65.09
2018-06-20,6819,65.92
2018-06-21,6801,65.68
2018-06-22,6811,69.02
2018-06-25,6783,69.91
2018-06-26,6712,75.23
2018-06-27,6688,77.41
2018-06-28,6650,73.45
2018-06-29,6646,74.13
2018-07-02,6595,73.89
2018-07-03,6584.5,74.19
2018-07-04,6459,55.76
2018-07-05,6399.5,73.05
2018-07-06,6326,73.78
2018-07-09,6383,73.93
2018-07-10,6308,74.11
2018-07-11,6182,70.47
2018-07-12,6173,70.28
2018-07-13,6166,71.03
2018-07-16,6143,68.22
2018-07-17,6141.5,68.03
2018-07-18,6068,68.78
2018-07-19,5982,69.42
2018-07-20,6073,70.31
2018-07-23,6153,67.9
2018-07-24,6167,70.77
2018-07-25,6252,71.13
2018-07-26,6255,71.59
2018-07-27,6251.5,68.66
2018-07-30,6185,71.19
2018-07-31,6213,69.88
2018-08-01,6137,68.8
2018-08-02,6063,68.95
2018-08-03,6167,68.49
2018-08-06,6040,69.01
2018-08-07,6132,69.17
2018-08-08,6113,66.92
2018-08-09,6247,66.81
2018-08-10,6120,67.61
2018-08-13,6081,67.25
2018-08-14,6059,67.04
2018-08-15,5843,65.07
2018-08-16,5860,65.44
2018-08-17,5844,65.93
2018-08-20,5963,66.5
2018-08-21,6025.5,67.32
2018-08-22,6000,67.85
2018-08-23,5910.5,69.13
2018-08-24,6001,69.71
2018-08-28,6118,68.54
2018-08-29,6065,69.68
2018-08-30,6066.5,70.25
2018-08-31,6019,69.84
2018-09-03,5951,48.77
2018-09-04,5823,69.82
2018-09-05,5850,68.69
2018-09-06,5940,67.81
2018-09-07,5883,67.73
2018-09-10,5840.5,67.55
2018-09-11,5849,69.29
2018-09-12,5891,70.37
2018-09-13,5991,68.6
2018-09-14,5946.5,68.98
2018-09-17,5860,68.86
2018-09-18,6003,69.87
2018-09-19,6057,71.08
2018-09-20,6057,70.77
2018-09-21,6203,70.8
2018-09-24,6320,73.23
2018-09-25,6276,73.4
2018-09-26,6257.5,72.22
2018-09-27,6222,72.18
2018-09-28,6180,73.16
2018-10-01,6172,75.37
2018-10-02,6274,75.16
2018-10-03,6275,76.4
2018-10-04,6310,74.44
2018-10-05,6182.5,74.26
2018-10-08,6169,74.27
2018-10-09,6219,74.95
2018-10-10,6294,73.18
2018-10-11,6155,70.97
2018-10-12,6325,71.41
2018-10-15,6296,71.84
2018-10-16,6202,71.93
2018-10-17,6249,69.63
2018-10-18,6147,68.63
2018-10-19,6191.5,69.16
2018-10-22,6284,69.25
2018-10-23,6167.5,66.49
2018-10-24,6215,66.56
2018-10-25,6210,67.25
2018-10-26,6159,67.58
2018-10-29,6260,67
2018-10-30,6136,66.18
2018-10-31,6073,65.31
2018-11-01,6070,63.67
2018-11-02,6255,63.12
2018-11-05,6239,63.12
2018-11-06,6205,62.16
2018-11-07,6210,61.69
2018-11-08,6137,60.71
2018-11-09,6088,60.19
2018-11-12,6083.5,59.85
2018-11-13,6130,55.63
2018-11-14,6106,56.16
2018-11-15,6188,56.45
2018-11-16,6181,56.49
2018-11-19,6260,57.16
2018-11-20,6262,53.39
2018-11-21,6242,54.41
2018-11-22,6246,46.72
2018-11-23,6210,40.99
2018-11-26,6246,51.46
2018-11-27,6169.5,51.31
2018-11-28,6198,50.06
2018-11-29,6282,51.46
2018-11-30,6238,50.78
2018-12-03,6307,52.98
2018-12-04,6278,53.21
2018-12-05,6162,52.64
2018-12-06,6112,51.54
2018-12-07,6173,52.76
2018-12-10,6112,51.07
2018-12-11,6163,51.65
2018-12-12,6151,51.04
2018-12-13,6196,52.69
2018-12-14,6104,51.26
2018-12-17,6095.5,49.8
2018-12-18,6043,46.12
2018-12-19,5987,47.96
2018-12-20,6015,45.64
2018-12-21,5987,45.38
2018-12-24,5931.5,65.07
2018-12-27,5990,44.48
2018-12-28,6018,45.15
2018-12-31,5965,67.73
2019-01-02,5839,46.31
2019-01-03,5811,46.92
2019-01-04,5840,47.76
2019-01-07,5889.5,48.27
2019-01-08,5904.5,49.58
2019-01-09,5964,52.19
2019-01-10,5908.5,52.42
2019-01-11,5926.5,51.44
2019-01-14,5861,50.31
2019-01-15,5882,51.8
2019-01-16,5911,52.08
2019-01-17,5933,51.83
2019-01-18,6022,53.6
2019-01-21,5951.5,62.7
2019-01-22,5926.5,52.59
2019-01-23,5920.5,52.44
2019-01-24,5885,52.94
2019-01-25,5901,53.53
2019-01-28,5996,51.79
2019-01-29,6007,53.07
2019-01-30,6077,54.18
2019-01-31,6148,53.84
2019-02-01,6097.5,55.29
2019-02-04,6076.5,54.57
2019-02-05,6174,53.69
2019-02-06,6210,53.94
2019-02-07,6227,52.68
2019-02-08,6207,52.75
2019-02-11,6148,52.43
2019-02-12,6102,53.14
2019-02-13,6120,53.84
2019-02-14,6178.5,54.4
2019-02-15,6190,55.58
2019-02-18,6269.5,68.8
2019-02-19,6246.5,56.12
2019-02-20,6351.5,56.9
2019-02-21,6391,56.95
2019-02-22,6489,57.01
2019-02-25,6546,55.32
2019-02-26,6471,55.4
2019-02-27,6533,56.92
2019-02-28,6536,57.21
2019-03-01,6572,55.76
2019-03-04,6420,56.6
2019-03-05,6553.5,56.55
2019-03-06,6505,56.22
2019-03-07,6458,56.6
2019-03-08,6398.5,55.77
2019-03-11,6435,56.79
2019-03-12,6510,56.89
2019-03-13,6529,58.27
2019-03-14,6409,58.59
2019-03-15,6410,58.51
2019-03-18,6492,59.09
2019-03-19,6500,59.12
2019-03-20,6487,60.12
2019-03-21,6520,59.98
2019-03-22,6375,58.87
2019-03-25,6328,58.71
2019-03-26,6361,59.87
2019-03-27,6338.5,59.39
2019-03-28,6385,59.29
2019-03-29,6485,60.19
2019-04-01,6498,61.59
2019-04-02,6431,62.53
2019-04-03,6483,62.46
2019-04-04,6444,62.12
2019-04-05,6419,63.1
2019-04-08,6432.5,64.37
2019-04-09,6498,64.05
2019-04-10,6447,64.62
2019-04-11,6432.5,63.61
2019-04-12,6490,63.86
2019-04-15,6456,63.43
2019-04-16,6460,64.01
2019-04-17,6509,63.74
2019-04-18,6448,64.02
2019-04-23,6430,66.24
2019-04-24,6437.5,65.96
2019-04-25,6375.5,65.23
2019-04-26,6393,63.29
2019-04-29,6376,63.39
2019-04-30,6442,63.83
2019-05-01,6398,63.55
2019-05-02,6214,61.75
2019-05-03,6180,61.98
2019-05-07,6174,61.41
2019-05-08,6103,62.13
2019-05-09,6112,61.58
2019-05-10,6135.5,61.65
2019-05-13,6042.5,60.97
2019-05-14,6007,61.82
2019-05-15,6002,62.03
2019-05-16,6089,62.93
2019-05-17,6025,62.77
2019-05-20,5985,63.12
2019-05-21,6004,63.02
2019-05-22,5920,61.42
2019-05-23,5860,57.65
2019-05-24,5919,58.4
2019-05-28,5956.5,58.91
2019-05-29,5864.5,58.84
2019-05-30,5823,56.47
2019-05-31,5780.5,53.49
2019-06-03,5796,53.25
2019-06-04,5804,53.5
2019-06-05,5832.5,51.57
2019-06-06,5805,52.59
2019-06-07,5770,53.95
2019-06-10,5788,53.33
2019-06-11,5905,53.3
2019-06-12,5828.5,51.13
2019-06-13,5797.5,52.38
2019-06-14,5805.5,52.47
2019-06-17,5756,51.94
2019-06-18,5848.5,53.86
2019-06-19,5895,53.74
2019-06-20,5962,56.88
2019-06-21,5941,57.35
2019-06-24,5917,57.73
2019-06-25,5985.5,57.63
2019-06-26,6006,59.17
2019-06-27,5953.5,59.18
2019-06-28,5972,58.2
2019-07-01,5999,58.91
2019-07-02,5910,56
2019-07-03,5874,57.06
2019-07-04,5900,57.02
2019-07-05,5857,56.47
2019-07-08,5912,57.35
2019-07-09,5805,57.57
2019-07-10,5862.5,60.28
2019-07-11,5925,59.93
2019-07-12,5950,59.99
2019-07-15,5997.5,59.3
2019-07-16,5959,57.44
2019-07-17,5922,56.5
2019-07-18,5948,55.08
2019-07-19,6066,55.42
2019-07-22,6007.5,55.87
2019-07-23,5968.5,56.58
2019-07-24,5980,55.9
2019-07-25,6010,55.88
2019-07-26,5945,56.04
2019-07-29,5949.5,56.85
2019-07-30,5943,58.04
2019-07-31,5926,58.53
2019-08-01,5876,53.64
2019-08-02,5769,55.67
2019-08-05,5647,54.63
2019-08-06,5667,53.6
2019-08-07,5673.5,51.14
2019-08-08,5723,52.6
2019-08-09,5744,54.41
2019-08-12,5724.5,54.98
2019-08-13,5697,57.05
2019-08-14,5732,55.16
2019-08-15,5696.5,54.51
2019-08-16,5710,54.83
2019-08-19,5755.5,56.24
2019-08-20,5698,56.18
2019-08-21,5696.5,55.65
2019-08-22,5668,55.33
2019-08-23,5675,54.08
2019-08-27,5662,54.99
2019-08-28,5653,55.76
2019-08-29,5722,56.67
2019-08-30,5678,55.07
2019-09-02,5610.5,46.78
2019-09-03,5537,53.91
2019-09-04,5663,56.22
2019-09-05,5777,56.33
2019-09-06,5787.5,56.45
2019-09-09,5771,57.88
2019-09-10,5738,57.37
2019-09-11,5765,55.66
2019-09-12,5842.5,55.13
2019-09-13,5870,54.76
2019-09-16,5877,63.1
2019-09-17,5762,59.26
2019-09-18,5745,58.19
2019-09-19,5758.5,58.19
2019-09-20,5777.5,57.92
2019-09-23,5695,58.69
2019-09-24,5761,57.22
2019-09-25,5718.5,56.38
2019-09-26,5757,56.24
2019-09-27,5714,55.95
2019-09-30,5728,54.09
2019-10-01,5610,53.6
2019-10-02,5629,52.67
2019-10-03,5626,52.41
2019-10-04,5599,52.84
2019-10-07,5626,52.76
2019-10-08,5650.5,52.64
2019-10-09,5660,52.63
2019-10-10,5698.5,53.57
2019-10-11,5763,54.76
2019-10-14,5718.5,53.57
2019-10-15,5745,52.81
2019-10-16,5684,53.42
2019-10-17,5726.5,53.89
2019-10-18,5751,53.75
2019-10-21,5820,53.28
2019-10-22,5794,54.21
2019-10-23,5773,55.9
2019-10-24,5869,56.11
2019-10-25,5867.5,56.52
2019-10-28,5888.5,55.6
2019-10-29,5879.5,55.34
2019-10-30,5883,54.85
2019-10-31,5825,54.02
2019-11-01,5797,56.04
2019-11-04,5846.5,56.33
2019-11-05,5880,57.04
2019-11-06,5913.5,56.15
2019-11-07,5941,56.91
2019-11-08,5951.5,57.02
2019-11-11,5857,51.94
2019-11-12,5838,56.67
2019-11-13,5823,56.88
2019-11-14,5835,56.57
2019-11-15,5812,57.54
2019-11-18,5828,56.82
2019-11-19,5821.5,54.93
2019-11-20,5873,56.71
2019-11-21,5813,58.36
2019-11-22,5834,57.68
2019-11-25,5872.5,57.79
2019-11-26,5856,58.25
2019-11-27,5925.5,58.12
2019-11-28,5881.5,46.22
2019-11-29,5854,58.12
2019-12-02,5855.5,55.97
2019-12-03,5812,56.15
2019-12-04,5823,58.46
2019-12-05,5855,58.42
2019-12-06,5867.5,59.2
2019-12-09,5985,58.99
2019-12-10,6055,59.22
2019-12-11,6083,58.74
2019-12-12,6097,59.18
2019-12-13,6154,60.11
2019-12-16,6155.5,60.21
2019-12-17,6175,60.88
2019-12-18,6126.5,60.93
2019-12-19,6161,61.3
2019-12-20,6155.5,60.43
2019-12-23,6153,60.51
2019-12-24,6184.5,61.17
2019-12-27,6211,61.76
2019-12-30,6183.5,61.66
2019-12-31,6156,61.14
2020-01-02,6165.5,61.17
2020-01-03,6077,63
2020-01-06,6097.5,63.27
2020-01-07,6134.5,62.7
2020-01-08,6154,59.65
2020-01-09,6156,59.56
2020-01-10,6157,59.02
2020-01-13,6177,58.17
2020-01-14,6247,58.34
2020-01-15,6232,57.86
2020-01-16,6300.5,58.52
2020-01-17,6276.5,58.55
2020-01-20,6245,68.98
2020-01-21,6158.5,58.25
2020-01-22,6103.5,56.76
2020-01-23,6050,55.51
2020-01-24,5968,54.09
2020-01-27,5779,53.09
2020-01-28,5715,53.33
2020-01-29,5698,53.29
2020-01-30,5621,52.19
2020-01-31,5570,51.58
2020-02-03,5595,50.06
2020-02-04,5652,49.59
2020-02-05,5714,50.87
2020-02-06,5726,50.94
2020-02-07,5653,50.34
2020-02-10,5659.5,49.59
2020-02-11,5696,50
2020-02-12,5747,51.13
2020-02-13,5716,51.41
2020-02-14,5737,52.03
2020-02-17,5802,41.67
2020-02-18,5728,52.1
2020-02-19,5745.5,53.31
2020-02-20,5730,53.77
2020-02-21,5702,53.36
2020-02-24,5657.5,51.36
2020-02-25,5663.5,49.78
2020-02-26,5614,48.67
2020-02-27,5618,47.17
2020-02-28,5573,44.83
2020-03-02,5640,46.78
2020-03-03,5668,47.27
2020-03-04,5694.5,46.78
2020-03-05,5667.5,45.9
2020-03-06,5624,41.14
2020-03-09,5483,31.05
2020-03-10,5598,34.47
2020-03-11,5552,33.13
2020-03-12,5386.5,31.56
2020-03-13,5530.5,31.72
2020-03-16,5211,28.96
2020-03-17,5205,26.96
2020-03-18,4860.5,20.48
2020-03-19,4685,25.09
2020-03-20,4855,19.48
2020-03-23,4617.5,23.33
2020-03-24,4789.5,21.03
2020-03-25,4754,20.75
2020-03-26,4775.5,16.6
2020-03-27,4774,15.48
2020-03-30,4763,14.1
2020-03-31,4797,20.51
2020-04-01,4772,20.28
2020-04-02,4821.5,25.18
2020-04-03,4863.5,28.36
2020-04-06,4867,26.21
2020-04-07,5067.5,23.54
2020-04-08,4976,24.97
2020-04-09,4963.5,22.9
2020-04-14,5119,20.15
2020-04-15,5054.5,19.96
2020-04-16,5098.5,19.82
2020-04-17,5175.5,18.31
2020-04-20,5169.5,26.68
2020-04-21,4994.5,8.91
2020-04-22,5034,13.64
2020-04-23,5120.5,15.06
2020-04-24,5118,15.99
2020-04-27,5165.5,12.17
2020-04-28,5169.5,12.4
2020-04-29,5184,15.04
2020-04-30,5231,19.23
2020-05-01,5061,19.72
2020-05-04,5058,20.47
2020-05-05,5111.5,24.56
2020-05-06,5199.5,23.88
2020-05-07,5227.5,23.68
2020-05-11,5231,24.02
2020-05-12,5234,25.76
2020-05-13,5212.5,25.37
2020-05-14,5155.5,27.4
2020-05-15,5165,29.44
2020-05-18,5249.5,31.83
2020-05-19,5314,32.3
2020-05-20,5333,33.56
2020-05-21,5387,34.3
2020-05-22,5242.5,33.49
2020-05-26,5341.5,34.7
2020-05-27,5308.5,32.8
2020-05-28,5278.5,33.67
2020-05-29,5332.5,35.57
2020-06-01,5376.5,35.49
2020-06-02,5463,36.88
2020-06-03,5499,37.33
2020-06-04,5452.5,37.42
2020-06-05,5588,39.49
2020-06-08,5659,38.17
2020-06-09,5680.5,38.98
2020-06-10,5801,39.54
2020-06-11,5801.5,36.43
2020-06-12,5785.5,36.24
2020-06-15,5646,37.07
2020-06-16,5759.5,38.26
2020-06-17,5734,37.91
2020-06-18,5799,38.79
2020-06-19,5835.5,39.72
2020-06-22,5825,40.6
2020-06-23,5895,40.4
2020-06-24,5871,37.91
2020-06-25,5880.5,38.66
2020-06-26,5985.5,38.53
2020-06-29,5957,39.67
2020-06-30,6038,39.27
2020-07-01,6016.5,39.88
2020-07-02,6080,40.57
2020-07-03,6022.5,42.58
2020-07-06,6112,40.51
2020-07-07,6086,40.59
2020-07-08,6194,40.91
2020-07-09,6339.5,39.64
2020-07-10,6322.5,40.56
2020-07-13,6545,40.06
2020-07-14,6489.5,40.3
2020-07-15,6507,41.2
2020-07-16,6385,40.74
2020-07-17,6454.5,40.55
2020-07-20,6416.5,40.83
2020-07-21,6513,41.76
2020-07-22,6527,41.88
2020-07-23,6533.5,40.99
2020-07-24,6412.5,41.23
2020-07-27,6425.5,41.46
2020-07-28,6399.5,40.89
2020-07-29,6475,41.13
2020-07-30,6433.5,39.85
2020-07-31,6446.5,40.1
2020-08-03,6441,40.83
2020-08-04,6440,41.67
2020-08-05,6525.5,42.25
2020-08-06,6453.5,41.93
2020-08-07,6437,41.16
2020-08-10,6363,41.94
2020-08-11,6356.5,41.53
2020-08-12,6379,42.6
2020-08-13,6380,42.26
2020-08-14,6342.5,42.05
2020-08-17,6439.5,42.89
2020-08-18,6492.5,42.89
2020-08-19,6667,42.91
2020-08-20,6594.5,42.62
2020-08-21,6564.5,42.32
2020-08-24,6579.5,42.44
2020-08-25,6544.5,43.17
2020-08-26,6603.5,43.21
2020-08-27,6602.5,42.88
2020-08-28,6728,42.96
2020-09-01,6788.5,42.76
2020-09-02,6719,42.76
2020-09-03,6613,41.39
2020-09-04,6678,39.69
2020-09-07,6790.5,38.56
2020-09-08,6767.5,36.87
2020-09-09,6709,38.05
2020-09-10,6710.5,37.25
2020-09-11,6757.5,37.33
2020-09-14,6788,37.23
2020-09-15,6813.5,38.29
2020-09-16,6776,40.17
2020-09-17,6761,40.99
2020-09-18,6833.5,41.09
2020-09-21,6837,39.26
2020-09-22,6810,39.55
2020-09-23,6725.5,39.92
2020-09-24,6538.5,40.11
2020-09-25,6529,40.06
2020-09-28,6571.5,40.47
2020-09-29,6546,39.03
2020-09-30,6610,40.05
2020-10-01,6614,38.51
2020-10-02,6409.5,36.9
2020-10-05,6507.5,39.12
2020-10-06,6509,40.52
2020-10-07,6525,39.82
2020-10-08,6611.5,41.04
2020-10-09,6740.5,40.44
2020-10-12,6769,39.22
2020-10-13,6699.5,40.03
2020-10-14,6702,40.86
2020-10-15,6683.5,40.84
2020-10-16,6728,40.7
2020-10-19,6755,40.69
2020-10-20,6814,41.37
2020-10-21,6953,39.88
2020-10-22,6886,40.46
2020-10-23,6879.5,39.73
2020-10-26,6806,38.39
2020-10-27,6787.5,39.34
2020-10-28,6694.5,37.27
2020-10-29,6692,35.94
2020-10-30,6694.5,35.64
2020-11-02,6712.5,36.6
2020-11-03,6791.5,37.44
2020-11-04,6748,38.97
2020-11-05,6798,38.56
2020-11-06,6938.5,36.97
2020-11-09,7034,40.05
2020-11-10,6865.5,41.18
2020-11-11,6912.5,41.23
2020-11-12,6904,40.9
2020-11-13,6926,39.93
2020-11-16,7113,41.14
2020-11-17,7050,41.24
2020-11-18,7083,41.64
2020-11-19,7028,41.57
2020-11-20,7178.5,41.99
2020-11-23,7215.5,42.91
2020-11-24,7302,44.71
2020-11-25,7238.5,45.58
2020-11-26,7356.5,51.3
2020-11-27,7462,77.34
2020-11-30,7674.5,45.2
2020-12-01,7644,44.54
2020-12-02,7616.5,45.23
2020-12-03,7679,45.65
2020-12-04,7741.5,46.23
2020-12-07,7656.5,45.72
2020-12-08,7635,45.64
2020-12-09,7704.5,45.48
2020-12-10,7712,46.76
2020-12-11,7741,46.59
2020-12-14,7763,47.02
2020-12-15,7753,47.58
2020-12-16,7823,47.86
2020-12-17,7893,48.34
2020-12-18,7964,49.04
2020-12-21,7838.5,47.79
2020-12-22,7753,47.02
2020-12-23,7764.5,47.94
2020-12-24,7793,48.18
2020-12-29,7840,47.85
2020-12-30,7803.5,48.24
2020-12-31,7741.5,48.35
2021-01-04,7918.5,47.47
2021-01-05,7914,49.78
2021-01-06,8129.5,50.45
2021-01-07,8036.5,50.63
2021-01-08,8146,52.14
2021-01-11,7951.5,52.15
2021-01-12,7983,53.08
2021-01-13,7960.5,52.81
2021-01-14,8002.5,53.47
2021-01-15,7979.5,52.25
2021-01-18,7972.5,75.05
2021-01-19,7986.5,52.87
2021-01-20,8014.5,53.16
2021-01-21,8051,53
2021-01-22,7872,52.28
2021-01-25,7984.5,52.78
2021-01-26,7957,52.61
2021-01-27,7895,52.81
2021-01-28,7778.5,52.26
2021-01-29,7877,52.16
2021-02-01,7827,53.55
2021-02-02,7755.5,54.77
2021-02-03,7832.5,55.67
2021-02-04,7833.5,56.19
2021-02-05,7936.5,56.8
2021-02-08,8007,57.95
2021-02-09,8146.5,58.34
2021-02-10,8279.5,58.69
2021-02-11,8292,58.22
2021-02-12,8270.5,59.5
2021-02-15,8416.5,103.84
2021-02-16,8439.5,60.07
2021-02-17,8413.5,61.09
2021-02-18,8650,60.4
2021-02-19,8806.5,59.12
2021-02-22,9067.5,61.67
2021-02-23,9158,61.66
2021-02-24,9286,63.21
2021-02-25,9614.5,63.43
2021-02-26,9172.5,61.55
2021-03-01,9198,60.54
2021-03-02,9213.5,59.7
2021-03-03,9266,61.33
2021-03-04,8786.5,63.81
2021-03-05,9021.5,66.08
2021-03-08,8992.5,65.03
2021-03-09,8895,64.02
2021-03-10,8939,64.45
2021-03-11,9062.5,66.02
2021-03-12,9052.5,65.59
2021-03-15,9147.5,65.36
2021-03-16,8965.5,64.82
2021-03-17,9027,64.55
2021-03-18,9090,59.95
2021-03-19,9036,61.43
2021-03-22,9097.5,61.48
2021-03-23,9016.5,57.75
2021-03-24,9016,61.12
2021-03-25,8781,58.47
2021-03-26,8929,60.93
2021-03-29,8942.5,61.49
2021-03-30,8788.5,60.55
2021-03-31,8850.5,59.19
2021-04-01,8768,61.41
2021-04-06,8984.5,59.34
2021-04-07,8981.5,59.77
2021-04-08,9001.5,59.61
2021-04-09,8993,59.29
2021-04-12,8901,59.7
2021-04-13,8904,60.2
2021-04-14,9011,63.15
2021-04-15,9187.5,63.42
2021-04-16,9336,63.16
2021-04-19,9415,63.33
2021-04-20,9396.5,62.61
2021-04-21,9382.5,61.34
2021-04-22,9475.5,61.45
2021-04-23,9545.5,62.18
2021-04-26,9758,62.02
2021-04-27,9898.5,63.03
2021-04-28,9832.5,63.81
2021-04-29,9990,65
2021-04-30,9949,63.5
2021-05-04,9961,65.72
2021-05-05,9991.5,65.63
2021-05-06,10025.5,64.73
2021-05-07,10361,64.96
2021-05-10,10724.5,64.92
2021-05-11,10528,65.31
2021-05-12,10537,65.96
2021-05-13,10253.5,63.82
2021-05-14,10212,65.32
2021-05-17,10257,66.24
2021-05-18,10465,65.49
2021-05-19,10114.5,63.28
2021-05-20,10086,61.95
2021-05-21,10011,63.61
2021-05-24,9868,66.13
2021-05-25,9943,66.27
2021-05-26,9965,66.41
2021-05-27,10032.5,66.87
2021-05-28,10159.5,66.31
2021-06-01,10212.5,67.8
2021-06-02,10117.5,68.79
2021-06-03,9967,68.81
2021-06-04,9852,69.57
2021-06-07,9848,69.21
2021-06-08,9878.5,70.11
2021-06-09,9877,69.9
2021-06-10,9808.5,70.34
2021-06-11,10029,71
2021-06-14,9900,70.94
2021-06-15,9552.5,72.06
2021-06-16,9508,72.03
2021-06-17,9427.5,71.06
2021-06-18,9206,71.64
2021-06-21,9042.5,73.64
2021-06-22,9190.5,73.15
2021-06-23,9289.5,73.11
2021-06-24,9390.5,73.31
2021-06-25,9432.5,74.21
2021-06-28,9333.5,72.98
2021-06-29,9225.5,73.14
2021-06-30,9385,73.52
2021-07-01,9342,75.33
2021-07-02,9296.5,75.37
2021-07-05,9432,73.52
2021-07-06,9528,73.62
2021-07-07,9451.5,72.22
2021-07-08,9264.5,72.98
2021-07-09,9437.5,74.56
2021-07-12,9347,74.21
2021-07-13,9310,75.24
2021-07-14,9309,73.06
2021-07-15,9347,71.67
2021-07-16,9396.5,71.76
2021-07-19,9264.5,66.45
2021-07-20,9211,67.32
2021-07-21,9271.5,70.26
2021-07-22,9382.5,72.15
2021-07-23,9433.5,72.24
2021-07-26,9580,72.15
2021-07-27,9709,71.68
2021-07-28,9697,72.37
2021-07-29,9781,73.62
2021-07-30,9747.5,73.93
2021-08-02,9737,71.31
2021-08-03,9583.5,70.64
2021-08-04,9503,68.19
2021-08-05,9429,69.1
2021-08-06,9529.5,68.26
2021-08-09,9311.5,66.56
2021-08-10,9409.5,68.33
2021-08-11,9421,69.3
2021-08-12,9508.5,69.12
2021-08-13,9429.5,68.36
2021-08-16,9377,67.44
2021-08-17,9346.5,66.5
2021-08-18,9148.5,65.36
2021-08-19,8775.5,63.69
2021-08-20,8922,62.25
2021-08-23,9237,65.65
2021-08-24,9316.5,67.5
2021-08-25,9378.5,68.54
2021-08-26,9323,67.42
2021-08-27,9352,68.84
2021-08-31,9462.5,68.43
2021-09-01,9312,68.63
2021-09-02,9347,70.07
2021-09-03,9361,69.34
2021-09-06,9401.5,68.84
2021-09-07,9325,68.49
2021-09-08,9256,69.36
2021-09-09,9356.5,68.26
2021-09-10,9515,69.82
2021-09-13,9627,70.54
2021-09-14,9407,70.53
2021-09-15,9488.5,72.59
2021-09-16,9392,72.69
2021-09-17,9435.5,72.09
2021-09-20,9145.5,70.41
2021-09-21,9106,70.51
2021-09-22,9255,72.37
2021-09-23,9252,73.43
2021-09-24,9275,74.18
2021-09-27,9341,75.54
2021-09-28,9263,75.44
2021-09-29,9227,75.06
2021-09-30,9041,75.22
2021-10-01,9113,76.01
2021-10-04,9267.5,77.68
2021-10-05,9091.5,79.17
2021-10-06,9096,77.66
2021-10-07,9177,78.46
2021-10-08,9246,79.55
2021-10-11,9527,80.64
2021-10-12,9585,80.75
2021-10-13,9661,80.67
2021-10-14,9971,81.43
2021-10-15,10555,82.39
2021-10-18,10500,82.62
2021-10-19,10652,83.19
2021-10-20,10161,84.4
2021-10-21,10051,82.64
2021-10-22,9992,84.53
2021-10-25,10050,84.64
2021-10-26,9988,85.64
2021-10-27,9849.5,82.66
2021-10-28,9860,82.78
2021-10-29,9955,83.5
2021-11-01,9875,84.08
2021-11-02,9817,83.91
2021-11-03,9825,80.82
2021-11-04,9785,78.88
2021-11-05,9740,81.25
2021-11-08,9885,81.96
2021-11-09,10002,84.12
2021-11-10,9791,81.23
2021-11-11,9850,81.47
2021-11-12,9854.5,80.87
2021-11-15,9845,80.85
2021-11-16,9680,80.76
2021-11-17,9495,78.32
2021-11-18,9450,78.92
2021-11-19,9620.5,76.11
2021-11-22,9730,76.74
2021-11-23,9825.5,78.32
2021-11-24,9852,78.32
2021-11-25,9932,80.21
2021-11-26,9630,89.16
2021-11-29,9751,69.88
2021-11-30,9605,66.14
2021-12-01,9571,65.44
2021-12-02,9520,66.6
2021-12-03,9513,66.39
2021-12-06,9526,69.62
2021-12-07,9647,71.94
2021-12-08,9555.5,72.43
2021-12-09,9578,70.87
2021-12-10,9543,71.71
2021-12-13,9500,71.19
2021-12-14,9485,70.57
2021-12-15,9290,70.89
2021-12-16,9506,72.34
2021-12-17,9520,70.93
2021-12-20,9406,68.69
2021-12-21,9521,71.1
2021-12-22,9625,72.82
2021-12-23,9606,73.89
2021-12-24,9582,87.01
2021-12-29,9655,76.58
2021-12-30,9715,76.83
2021-12-31,9692,75.33
2022-01-04,9660,77
2022-01-05,9778,77.83
2022-01-06,9565,79.47
2022-01-07,9615,79
2022-01-10,9665,78.11
2022-01-11,9662,81.17
2022-01-12,9945,82.51
2022-01-13,9972,81.97
2022-01-14,9900,83.82
2022-01-17,9674.5,104.05
2022-01-18,9707,85.42
2022-01-19,9801,86.84
2022-01-20,9925,86.29
2022-01-21,9970,85.16
2022-01-24,9800,84.48
2022-01-25,9744,86.61
2022-01-26,9965,88.33
2022-01-27,9872,87.61
2022-01-28,9678,87.67
2022-01-31,9620,89.16
2022-02-01,9701,88.22
2022-02-02,9880,88.16
2022-02-03,9785,90.17
2022-02-04,9875,92.27
2022-02-07,9850,91.25
2022-02-08,9760,89.32
2022-02-09,9881,89.57
2022-02-10,10220.5,89.83
2022-02-11,10040,93.1
2022-02-14,9882,95.52
2022-02-15,10020,92.07
2022-02-16,10045.5,93.83
2022-02-17,10010,91.78
2022-02-18,10015,91.26
2022-02-21,9960,122.61
2022-02-22,10020,92.11
2022-02-23,10005,92.14
2022-02-24,9983,92.77
2022-02-25,9920,91.68
2022-02-28,9974,96.13
2022-03-01,9976,103.66
2022-03-02,10257.5,110.74
2022-03-03,10470,107.69
2022-03-04,10466,115.77
2022-03-07,10730,119.26
2022-03-08,10171,123.64
2022-03-09,10052,108.81
2022-03-10,10144,105.93
2022-03-11,10145,109.31
2022-03-14,9880,103.22
2022-03-15,9826,96.42
2022-03-16,10100.5,94.85
2022-03-17,10166,102.97
2022-03-18,10249,104.69
2022-03-21,10173,112.14
2022-03-22,10342,111.03
2022-03-23,10311,114.89
2022-03-24,10421,114.2
2022-03-25,10280,116.2
2022-03-28,10227,107.55
2022-03-29,10350,104.25
2022-03-30,10390.5,107.81
2022-03-31,10337,100.53
2022-04-01,10247,99.32
2022-04-04,10301.5,103.29
2022-04-05,10426,101.98
2022-04-06,10350.5,96.39
2022-04-07,10292,96.05
2022-04-08,10390,98.35
2022-04-11,10235.5,94.22
2022-04-12,10201,100.52
2022-04-13,10290.5,104.26
2022-04-14,10277,106.84
2022-04-19,10381,102.54
2022-04-20,10215,102.56
2022-04-21,10268,103.89
2022-04-22,10230.5,102.86
2022-04-25,9919,99.6
2022-04-26,9912.5,102.62
2022-04-27,9910,101.96
2022-04-28,9812,105.47
2022-04-29,9820.5,104.59
2022-05-03,9511,102.53
2022-05-04,9474,107.84
2022-05-05,9541,108.17
2022-05-06,9428,109.72
2022-05-09,9160,103.08
2022-05-10,9350,99.74
2022-05-11,9367,105.5
2022-05-12,9018.5,106.15
2022-05-13,9064,110.52
2022-05-16,9270,114.07
2022-05-17,9396,112.31
2022-05-18,9264.5,109.67
2022-05-19,9287,112.21
2022-05-20,9477,112.63
2022-05-23,9500.5,110.32
2022-05-24,9460.5,112.55
2022-05-25,9287,112.88
2022-05-26,9359,116.19
2022-05-27,9383,114.96
2022-05-30,9520.5,77.25
2022-05-31,9500.5,114.38
2022-06-01,9455,115.26
2022-06-06,9712,118.41
2022-06-07,9612,119.55
2022-06-08,9692,121.94
2022-06-09,9630,121.52
2022-06-10,9537,120.73
2022-06-13,9290,120.92
2022-06-14,9263,118.92
2022-06-15,9257,115.32
2022-06-16,9105,117.56
2022-06-17,9101,109.56
2022-06-20,8875,99.96
2022-06-21,9000,110.49
2022-06-22,8729,106.22
2022-06-23,8578,105.75
2022-06-24,8280.5,109.07
2022-06-27,8353,111.44
2022-06-28,8502,113.66
2022-06-29,8446,111.65
2022-06-30,8245,107.76
2022-07-01,7975.5,110.3
2022-07-04,8036,74.46
2022-07-05,7807,101.55
2022-07-06,7525.5,100.31
2022-07-07,7835,104.62
2022-07-08,7790,106.78
2022-07-11,7623,106.09
2022-07-12,7370.5,97.69
2022-07-13,7267,98.44
2022-07-14,7216,97.79
2022-07-15,7000,99.59
2022-07-18,7320,104.48
2022-07-19,7281.5,106.12
2022-07-20,7371,104.45
2022-07-21,7231.5,98.44
2022-07-22,7372,97.71
2022-07-25,7448,99.83
2022-07-26,7591.5,97.74
2022-07-27,7552,100.03
2022-07-28,7712,99.11
2022-07-29,7800.5,101.31
2022-08-01,7930.5,96.59
2022-08-02,7819,97.14
2022-08-03,7774,93.25
2022-08-04,7642,91.29
2022-08-05,7830.5,91.77
2022-08-08,7835,93.52
2022-08-09,7971.5,93.18
2022-08-10,7976,94.68
2022-08-11,8140,97.02
2022-08-12,8065,94.86
2022-08-15,7865.5,92.24
2022-08-16,7992,89.23
2022-08-17,7955,90.85
2022-08-18,8020,93.2
2022-08-19,8051,93.55
2022-08-22,8041,93.42
2022-08-23,8100.5,96.46
2022-08-24,8031.5,95.52
2022-08-25,8155,93.33
2022-08-26,8315,93.63
2022-08-30,7910.5,92.08
2022-08-31,7721,90.09
2022-09-01,7702,87.09
2022-09-02,7587,87.29
2022-09-05,7652.5,47.4
2022-09-06,7707,87.35
2022-09-07,7730,82.5
2022-09-08,7906,84.04
2022-09-09,7985,87.27
2022-09-12,8026,88.18
2022-09-13,8230,87.84
2022-09-14,7865,88.88
2022-09-15,7806,85.72
2022-09-16,7792,85.57
2022-09-19,7772,86.15
2022-09-20,7796,84.69
2022-09-21,7761.5,83.38
2022-09-22,7815,84.02
2022-09-23,7446,79.07
2022-09-26,7449,77.17
2022-09-27,7475,78.91
2022-09-28,7353,82.61
2022-09-29,7660.5,81.78
2022-09-30,7647,79.91
2022-10-03,7524,84.05
2022-10-04,7596,86.87
2022-10-05,7661,88.22
2022-10-06,7744,88.9
2022-10-07,7575.5,93.07
2022-10-10,7655,91.6
2022-10-11,7587,89.75
2022-10-12,7625.5,87.83
2022-10-13,7663,89.59
2022-10-14,7688,86.1
2022-10-17,7715,86
2022-10-18,7536,83.29
2022-10-19,7420,86
2022-10-20,7585.5,86.02
2022-10-21,7545,85.47
2022-10-24,7661,86.12
2022-10-25,7536,86.93
2022-10-26,7762.5,89.39
2022-10-27,7777,89.06
2022-10-28,7663.5,87.85
2022-10-31,7525,86.54
2022-11-01,7745,88.36
2022-11-02,7705,90.06
2022-11-03,7510,88.14
2022-11-04,7905,92.58
2022-11-07,7954.5,91.8
2022-11-08,7974,88.8
2022-11-09,8035,85.79
2022-11-10,8065,86.52
2022-11-11,8441,89.14
2022-11-14,8346,85.85
2022-11-15,8343,86.87
2022-11-16,8315,85.62
2022-11-17,8155,81.69
2022-11-18,8047,80.07
2022-11-21,7900.5,79.74
2022-11-22,7996,80.83
2022-11-23,7962,77.93
2022-11-24,7990.5,84.04
2022-11-25,8070,76.45
2022-11-28,7966,77.1
2022-11-29,8035.5,77.96
2022-11-30,8198,80.48
2022-12-01,8216.5,81.06
2022-12-02,8342,79.86
2022-12-05,8440,76.83
2022-12-06,8355.5,74.21
2022-12-07,8334,71.93
2022-12-08,8537,71.3
2022-12-09,8490.5,71.05
2022-12-12,8371.5,72.96
2022-12-13,8381,75.44
2022-12-14,8415,77.14
2022-12-15,8383,75.89
2022-12-16,8231.5,74.19
2022-12-19,8331,75.05
2022-12-20,8302,75.92
2022-12-21,8327,78.17
2022-12-22,8345.5,77.68
2022-12-23,8308.5,79.57
2022-12-28,8451,78.89
2022-12-29,8395,78.43
2022-12-30,8387,80.16
2023-01-03,8390,76.87
2023-01-04,8209,72.82
2023-01-05,8420,73.61
2023-01-06,8362.5,73.77
2023-01-09,8722,74.69
2023-01-10,8766.5,75.11
2023-01-11,8987,77.46
2023-01-12,9071.5,78.32
2023-01-13,9107,79.9
2023-01-16,9145.5,79.58
2023-01-17,9114,80.25
2023-01-18,9436,79.53
2023-01-19,9190,80.31
2023-01-20,9232,81.27
2023-01-23,9340.5,81.62
2023-01-24,9308,79.86
2023-01-25,9258,79.78
2023-01-26,9288.5,80.64
2023-01-27,9345.5,79.73
2023-01-30,9227,77.97
2023-01-31,9075,78.95
2023-02-01,9175,76.34
2023-02-02,9114,75.87
2023-02-03,9060,73.4
2023-02-06,8891.5,74.11
2023-02-07,8865,77.17
2023-02-08,9006,78.47
2023-02-09,8953.5,78.04
2023-02-10,8905,79.74
2023-02-13,8912,80.14
2023-02-14,8931.5,79.08
2023-02-15,8826,78.57
2023-02-16,8892,78.45
2023-02-17,8871,76.31
2023-02-20,9015,73.24
2023-02-21,9103.5,76.28
2023-02-22,9121,73.95
2023-02-23,9060,75.26
2023-02-24,8807,76.19
2023-02-27,8751,75.57
2023-02-28,8844,76.88
2023-03-01,9066.5,77.57
2023-03-02,8896,78.05
2023-03-03,8945,79.62
2023-03-06,8819,80.39
2023-03-07,8824,77.45
2023-03-08,8810,76.56
2023-03-09,8808,75.6
2023-03-10,8755,76.55
2023-03-13,8651,74.68
2023-03-14,8905,71.18
2023-03-15,8525,67.38
2023-03-16,8535,68.15
2023-03-17,8621,66.61
2023-03-20,8677,67.56
2023-03-21,8824,69.4
2023-03-22,8880.5,70.71
2023-03-23,8917,69.77
2023-03-24,8927,69.22
2023-03-27,8876,72.87
2023-03-28,8934,73.12
2023-03-29,9052,72.95
2023-03-30,9038.5,74.32
2023-03-31,8935,75.68
2023-04-03,8966,80.4
2023-04-04,8930,80.7
2023-04-05,8780,80.69
2023-04-06,8836,80.7
2023-04-11,8837.5,81.54
2023-04-12,8803,83.26
2023-04-13,9001.5,82.16
2023-04-14,9082,82.58
2023-04-17,8985,80.93
2023-04-18,8966,80.85
2023-04-19,8875,79.18
2023-04-20,8875,77.27
2023-04-21,8816,77.86
2023-04-24,8762.5,78.64
2023-04-25,8521,77.05
2023-04-26,8579,74.33
2023-04-27,8465.5,74.77
2023-04-28,8571,76.78
2023-05-02,8573,71.71
2023-05-03,8486,68.62
2023-05-04,8539,68.52
2023-05-05,8488,71.32
2023-05-09,8583,73.68
2023-05-10,8469,72.53
2023-05-11,8267,70.81
2023-05-12,8240,70.02
2023-05-15,8287,71.07
2023-05-16,8076,70.85
2023-05-17,8176,72.78
2023-05-18,8171.5,71.82
2023-05-19,8222,71.57
2023-05-22,8094,71.81
2023-05-23,7961,72.87
2023-05-24,7910,74.37
2023-05-25,7922,71.68
2023-05-26,8082,72.35
2023-05-30,8122,69.45
2023-05-31,8017,68.11
2023-06-01,8210.5,70.09
2023-06-02,8337,71.76
2023-06-05,8265,72.14
2023-06-06,8311,71.71
2023-06-07,8352,72.52
2023-06-08,8243,71.28
2023-06-09,8368,70.16
2023-06-12,8287,67.08
2023-06-13,8421.5,69.39
2023-06-14,8457,68.22
2023-06-15,8479,70.61
2023-06-16,8561,71.81
2023-06-19,8542,72.53
2023-06-20,8565,70.94
2023-06-21,8490,72.55
2023-06-22,8670.5,69.22
2023-06-23,8490,68.91
2023-06-26,8437,69.09
2023-06-27,8367,67.68
2023-06-28,8268,69.54
2023-06-29,8165.5,69.85
2023-06-30,8210,70.66
2023-07-03,8355,69.71
2023-07-04,8349,77.25
2023-07-05,8251,71.78
2023-07-06,8280,71.76
2023-07-07,8299,73.91
2023-07-10,8286,73.05
2023-07-11,8371,74.87
2023-07-12,8367,75.77
2023-07-13,8585,76.86
2023-07-14,8651,75.44
2023-07-17,8460.5,74.17
2023-07-18,8410,75.76
2023-07-19,8354,75.4
2023-07-20,8543,75.65
2023-07-21,8422,77.06
2023-07-24,8430,78.81
2023-07-25,8597,79.76
2023-07-26,8534,79.11
2023-07-27,8578.5,80.17
2023-07-28,8592,80.55
2023-07-31,8635.5,81.8
2023-08-01,8720.5,81.37
2023-08-02,8545,79.5
2023-08-03,8472,81.56
2023-08-04,8450.5,82.76
2023-08-07,8495,81.94
2023-08-08,8276,82.94
2023-08-09,8395,84.35
2023-08-10,8423.5,82.81
2023-08-11,8242,83.17
2023-08-14,8242,82.5
2023-08-15,8126.5,81.06
2023-08-16,8132,79.4
2023-08-17,8215,80.43
2023-08-18,8176,81.25
2023-08-21,8239.5,80.71
2023-08-22,8342,80.25
2023-08-23,8377.5,78.91
2023-08-24,8358.5,79.52
2023-08-25,8381.5,80.47
2023-08-29,8375,81.14
2023-08-30,8394.5,81.64
2023-08-31,8359.5,83.55
2023-09-01,8515,85.52
2023-09-04,8406,61.98
2023-09-05,8430,86.74
2023-09-06,8395,87.55
2023-09-07,8242.5,86.87
2023-09-08,8225,87.51
2023-09-11,8332.5,87.3
2023-09-12,8337.5,88.87
2023-09-13,8353,88.59
2023-09-14,8423,90.13
2023-09-15,8376.5,90.83
2023-09-18,8320,91.47
2023-09-19,8233.5,91.16
2023-09-20,8277,89.2
2023-09-21,8101,89.56
2023-09-22,8188,90
2023-09-25,8107,89.68
2023-09-26,8066,91.43
2023-09-27,8017,93.67
2023-09-28,8112,91.65
2023-09-29,8230.5,90.77
2023-10-02,8100.5,88.81
2023-10-03,7960,89.26
2023-10-04,7910.5,84.32
2023-10-05,7812.5,82.3
2023-10-06,7887,82.83
2023-10-09,8015.5,71.36
2023-10-10,7907.5,85.89
2023-10-11,7943.5,83.7
2023-10-12,7995,82.87
2023-10-13,7891,87.67
2023-10-16,7920,86.65
2023-10-17,7846.5,86.66
2023-10-18,7947.5,88.35
2023-10-19,7938,89.35
2023-10-20,7876,89.12
2023-10-23,7824.5,85.49
2023-10-24,7900.5,84.58
2023-10-25,7946,86.07
2023-10-26,7939,83.8
2023-10-27,7963.5,86.04
2023-10-30,8110,83.03
2023-10-31,8038,81.64
2023-11-01,8041,81.05
2023-11-02,8066,83.04
2023-11-03,8070.5,81.19
2023-11-06,8136.5,81.54
2023-11-07,8068,77.96
2023-11-08,8088,75.85
2023-11-09,8030.5,76.34
2023-11-10,8006,83.7
2023-11-13,8014.5,78.86
2023-11-14,8081,78.9
2023-11-15,8169,77.15
2023-11-16,8165.5,73.5
2023-11-17,8141,76.47
2023-11-20,8247,78.1
2023-11-21,8324,78.35
2023-11-22,8296,76.8
2023-11-23,8307.5,71.57
2023-11-24,8300,74.83
2023-11-27,8281,74.46
2023-11-28,8278,76.09
2023-11-29,8384,77.56
2023-11-30,8332,75.66
2023-12-01,8456,73.7
2023-12-04,8417,72.73
2023-12-05,8259,71.95
2023-12-06,8297,68.98
2023-12-07,8221,69
2023-12-08,8348,70.87
2023-12-11,8275.5,70.95
2023-12-12,8272,68.27
2023-12-13,8205,69.09
2023-12-14,8461.5,71.21
2023-12-15,8471,71.05
2023-12-18,8423,72.16
2023-12-19,8439,73.23
2023-12-20,8466.5,73.87
2023-12-21,8460,73.59
2023-12-22,8499,73.29
2023-12-27,8511.5,74.31
2023-12-28,8530,72.02
2023-12-29,8476,71.89
2024-01-02,8430,70.62
2024-01-03,8381,72.97
2024-01-04,8375,72.38
2024-01-05,8346.5,74
2024-01-08,8295,71.06
2024-01-09,8301.5,72.43
2024-01-10,8285,71.57
2024-01-11,8332,72.15
2024-01-12,8289,72.94
2024-01-15,8238.5,92.08
2024-01-16,8280,72.63
2024-01-17,8230,72.79
2024-01-18,8189,74.32
2024-01-19,8275,73.69
2024-01-22,8254.5,75.26
2024-01-23,8283.5,74.72
2024-01-24,8460,75.48
2024-01-25,8486,77.91
2024-01-26,8447,78.45
2024-01-29,8421,77.25
2024-01-30,8462,78.3
2024-01-31,8513,76.28
2024-02-01,8437,74.36
2024-02-02,8400,72.72
2024-02-05,8329,73.21
2024-02-06,8280,73.83
2024-02-07,8280.5,74.26
2024-02-08,8202,76.67
2024-02-09,8091.5,77.26
2024-02-12,8085.5,77.34
2024-02-13,8185,78.28
2024-02-14,8133.5,77.09
2024-02-15,8153,78.47
2024-02-16,8322,79.65
2024-02-19,8364.5,64.22
2024-02-20,8366.5,78.72
2024-02-21,8472,78.89
2024-02-22,8482,79.64
2024-02-23,8442.5,77.6
2024-02-26,8373,78.53
2024-02-27,8396.5,79.8
2024-02-28,8340.5,79.44
2024-02-29,8389,79.22
2024-03-01,8394,80.9
2024-03-04,8437,79.67
2024-03-05,8429.5,79.11
2024-03-06,8441,80.08
2024-03-07,8559,79.81
2024-03-08,8552.5,78.96
2024-03-11,8522,78.87
2024-03-12,8566,78.51
2024-03-13,8727,80.67
2024-03-14,8791.5,82.16
2024-03-15,8906.5,81.94
2024-03-18,8973,83.68
2024-03-19,8875,84.39
2024-03-20,8790,82.79
2024-03-21,8873.5,81.99
2024-03-22,8741,81.1
2024-03-25,8745,82.41
2024-03-26,8764,82.41
2024-03-27,8696,82.15
2024-03-28,8729,83.96
2024-04-02,8920,85.95
2024-04-03,8932,86.22
2024-04-04,9257,87.37
2024-04-05,9198,87.69
2024-04-08,9301,87.24
2024-04-09,9295.5,86.04
2024-04-10,9365,86.98
2024-04-11,9240.5,85.79
2024-04-12,9402,86.46
2024-04-15,9390,86.21
2024-04-16,9377,86.15
2024-04-17,9434,83.58
2024-04-18,9617,83.5
2024-04-19,9749,83.79
2024-04-22,9814.5,83.82
2024-04-23,9599,84.17
2024-04-24,9671,84.09
2024-04-25,9791,84.92
2024-04-26,9869,85.38
2024-04-29,9935,84.26
2024-04-30,9973.5,83.49
2024-05-01,9791,80.7
2024-05-02,9660,80.59
2024-05-03,9737,79.65
2024-05-07,9847,79.97
2024-05-08,9740,80.57
2024-05-09,9728,80.86
2024-05-10,9942,79.81
2024-05-13,10009,80.71
2024-05-14,10077,79.62
2024-05-15,10221,80.23
2024-05-16,10308,80.85
2024-05-17,10398,81.66
2024-05-20,10857,81.39
2024-05-21,10775,80.66
2024-05-22,10447,79.15
2024-05-23,10290.5,77.47
2024-05-24,10256.5,78.48
2024-05-28,10331,80.9
2024-05-29,10294,80.24
2024-05-30,10016.5,78.96
2024-05-31,9985,77.97
2024-06-03,9985.5,75.26
2024-06-04,9858.5,74.27
2024-06-05,9769,75.08
2024-06-06,9930,76.52
2024-06-07,9840,76.53
2024-06-10,9694.5,78.75
2024-06-11,9567,78.88
2024-06-12,9697.5,79.56
2024-06-13,9733,79.61
2024-06-14,9650,79.41
2024-06-17,9477,81.33
2024-06-18,9426,82.67
2024-06-19,9652,95.72
2024-06-20,9648,83.34
2024-06-21,9563,81.71
2024-06-24,9530,82.63
2024-06-25,9492,81.97
2024-06-26,9420,82.19
2024-06-27,9422.5,83.04
2024-06-28,9476.5,82.83
2024-07-01,9517,84.7
2024-07-02,9546.5,84.09
2024-07-03,9623,85.19
2024-07-04,9726.5,95.81
2024-07-05,9809,84.44
2024-07-08,9808,83.63
2024-07-09,9762,82.78
2024-07-10,9696,83.39
2024-07-11,9693.5,83.92
2024-07-12,9673,83.49
2024-07-15,9679.5,83.22
2024-07-16,9565.5,81.92
2024-07-17,9533,84.16
2024-07-18,9342,84.17
2024-07-19,9214,81.43
2024-07-22,9127.5,81.25
2024-07-23,9052.5,78.24
2024-07-24,9018.5,78.78
2024-07-25,8917,79.43
2024-07-26,9018.5,78.58
2024-07-29,8906,77.27
2024-07-30,8809,76.17
2024-07-31,9014.5,79.36
2024-08-01,8998,77.74
2024-08-02,8977,74.99
2024-08-05,8620.5,74.46
2024-08-06,8715,74.6
2024-08-07,8685,76.68
2024-08-08,8649,77.64
2024-08-09,8805,78.28
2024-08-12,8851,81.45
2024-08-13,8832,79.81
2024-08-14,8906,78.47
2024-08-15,9009,79.66
2024-08-16,8938,78.05
2024-08-19,9115.5,75.82
2024-08-20,9152,103.84
2024-08-21,9138,103.4
