Dateoil,Cushing..OK.WTI.Spot.Price.FOB..Dollars.per.Barrel.,CopperSHMET
2017-01-03,52.36,45770
2017-01-04,53.26,45000
2017-01-05,53.77,45580
2017-01-06,53.98,45240
2017-01-09,51.95,45420
2017-01-10,50.82,45620
2017-01-11,52.19,46790
2017-01-12,53.01,46870
2017-01-13,52.36,47300
2017-01-16,52.405,47900
2017-01-17,52.45,47200
2017-01-18,51.12,46270
2017-01-19,51.39,46600
2017-01-20,52.33,46470
2017-01-23,52.77,46900
2017-01-24,52.38,46880
2017-01-25,52.14,47490
2017-01-26,53.24,47460
2017-01-27,53.18,47460
2017-01-30,52.63,47460
2017-01-31,52.75,47460
2017-02-01,53.9,47460
2017-02-02,53.55,47070
2017-02-03,53.81,46680
2017-02-06,53.01,46500
2017-02-07,52.19,46650
2017-02-08,52.37,47270
2017-02-09,52.99,47240
2017-02-10,53.84,46860
2017-02-13,52.96,49600
2017-02-14,53.21,49400
2017-02-15,53.11,48820
2017-02-16,53.41,49000
2017-02-17,53.41,48560
2017-02-20,53.715,48300
2017-02-21,54.02,48900
2017-02-22,53.61,48550
2017-02-23,54.48,48480
2017-02-24,53.99,47220
2017-02-27,54.04,47800
2017-02-28,54,47630
2017-03-01,53.82,48260
2017-03-02,52.63,48370
2017-03-03,53.33,47700
2017-03-06,53.19,47930
2017-03-07,52.68,47485
2017-03-08,49.83,47030
2017-03-09,48.75,46580
2017-03-10,48.05,46350
2017-03-13,47.95,46660
2017-03-14,47.24,46970
2017-03-15,48.34,47250
2017-03-16,48.3,47690
2017-03-17,48.34,47610
2017-03-20,47.79,47750
2017-03-21,47.02,47030
2017-03-22,47.29,46460
2017-03-23,47,46840
2017-03-24,47.3,46750
2017-03-27,47.02,46280
2017-03-28,48.36,46550
2017-03-29,49.47,47110
2017-03-30,50.3,47160
2017-03-31,50.54,47370
2017-04-03,50.25,47370
2017-04-04,50.99,47250
2017-04-05,51.14,47130
2017-04-06,51.69,47610
2017-04-07,52.25,47520
2017-04-10,53.06,47020
2017-04-11,53.38,46700
2017-04-12,53.12,46575
2017-04-13,53.19,45920
2017-04-14,52.905,46030
2017-04-17,52.62,46420
2017-04-18,52.46,46295
2017-04-19,50.49,45970
2017-04-20,50.26,45570
2017-04-21,49.64,45820
2017-04-24,48.9,45880
2017-04-25,49.22,46140
2017-04-26,49.22,46235
2017-04-27,48.96,46205
2017-04-28,49.31,46225
2017-05-01,48.83,46560
2017-05-02,47.65,46895
2017-05-03,47.79,46620
2017-05-04,45.55,45580
2017-05-05,46.23,45230
2017-05-08,46.46,45130
2017-05-09,45.84,44785
2017-05-10,47.28,44970
2017-05-11,47.81,44965
2017-05-12,47.83,44980
2017-05-15,48.86,45205
2017-05-16,48.64,45220
2017-05-17,49.04,45330
2017-05-18,49.36,45050
2017-05-19,50.32,45230
2017-05-22,50.81,45785
2017-05-23,51.12,45905
2017-05-24,50.99,45850
2017-05-25,48.57,45810
2017-05-26,49.58,45840
2017-05-29,49.605000000000004,45840
2017-05-30,49.63,45745
2017-05-31,48.29,45650
2017-06-01,48.32,45290
2017-06-02,47.68,45285
2017-06-05,47.4,45290
2017-06-06,48.13,45100
2017-06-07,45.8,45110
2017-06-08,45.68,45040
2017-06-09,45.82,45720
2017-06-12,46.1,46280
2017-06-13,46.41,45905
2017-06-14,44.79,45600
2017-06-15,44.47,45500
2017-06-16,44.73,45600
2017-06-19,44.24,45465
2017-06-20,43.34,45710
2017-06-21,42.48,45410
2017-06-22,42.53,45890
2017-06-23,42.86,45835
2017-06-26,43.24,46300
2017-06-27,44.25,46305
2017-06-28,44.74,46630
2017-06-29,44.88,47220
2017-06-30,46.02,47175
2017-07-03,46.02,47195
2017-07-04,45.565,47000
2017-07-05,45.11,47080
2017-07-06,45.52,46770
2017-07-07,44.25,46740
2017-07-10,44.4,46810
2017-07-11,45.06,46675
2017-07-12,45.48,47110
2017-07-13,46.06,47040
2017-07-14,46.53,46930
2017-07-17,46.02,47330
2017-07-18,46.4,47740
2017-07-19,47.1,47575
2017-07-20,46.73,47615
2017-07-21,45.78,47675
2017-07-24,46.21,47700
2017-07-25,47.77,48210
2017-07-26,48.58,49910
2017-07-27,49.05,50000
2017-07-28,49.72,49850
2017-07-31,50.21,50190
2017-08-01,49.19,50150
2017-08-02,49.6,49950
2017-08-03,49.03,50175
2017-08-04,49.57,50135
2017-08-07,49.37,50200
2017-08-08,49.07,50425
2017-08-09,49.59,50820
2017-08-10,48.54,50545
2017-08-11,48.81,49850
2017-08-14,47.59,50045
2017-08-15,47.57,50045
2017-08-16,46.8,49950
2017-08-17,47.07,51220
2017-08-18,48.59,50510
2017-08-21,47.39,50920
2017-08-22,47.65,51400
2017-08-23,48.45,51285
2017-08-24,47.24,51545
2017-08-25,47.65,52310
2017-08-28,46.4,52305
2017-08-29,46.46,52630
2017-08-30,45.96,52530
2017-08-31,47.26,52610
2017-09-01,47.32,52610
2017-09-04,47.975,53065
2017-09-05,48.63,53275
2017-09-06,49.13,52950
2017-09-07,49.1,53085
2017-09-08,47.44,52590
2017-09-11,48.06,51200
2017-09-12,48.21,51445
2017-09-13,49.3,51255
2017-09-14,49.86,50640
2017-09-15,49.9,50450
2017-09-18,49.88,50580
2017-09-19,49.54,50760
2017-09-20,50.29,50780
2017-09-21,50.58,50360
2017-09-22,50.33,49820
2017-09-25,51.85,50425
2017-09-26,51.59,50800
2017-09-27,52.14,50490
2017-09-28,51.62,50520
2017-09-29,51.67,51490
2017-10-02,50.59,51490
2017-10-03,50.44,51490
2017-10-04,50,51490
2017-10-05,50.79,51490
2017-10-06,49.34,51945
2017-10-09,49.58,52400
2017-10-10,50.93,52440
2017-10-11,51.3,52710
2017-10-12,50.61,53525
2017-10-13,51.43,53750
2017-10-16,51.86,54025
2017-10-17,51.87,55600
2017-10-18,52.05,55300
2017-10-19,51.29,54925
2017-10-20,51.63,55100
2017-10-23,51.91,55040
2017-10-24,52.32,55940
2017-10-25,51.97,55510
2017-10-26,52.41,55200
2017-10-27,53.92,54610
2017-10-30,54.11,53720
2017-10-31,54.36,53725
2017-11-01,54.32,54620
2017-11-02,54.55,54350
2017-11-03,55.63,54490
2017-11-06,57.34,54375
2017-11-07,57.19,54540
2017-11-08,56.82,53715
2017-11-09,57.16,53600
2017-11-10,56.75,53450
2017-11-13,56.77,53440
2017-11-14,55.67,54025
2017-11-15,55.28,52810
2017-11-16,55.14,52950
2017-11-17,56.21,52820
2017-11-20,56.21,52890
2017-11-21,56.84,53205
2017-11-22,57.88,53860
2017-11-23,58.41,53865
2017-11-24,58.94,53950
2017-11-27,58.1,54325
2017-11-28,57.96,53520
2017-11-29,57.25,53160
2017-11-30,57.4,52590
2017-12-01,58.35,52770
2017-12-04,57.48,53405
2017-12-05,57.66,53250
2017-12-06,55.79,51350
2017-12-07,56.5,51400
2017-12-08,57.15,51380
2017-12-11,57.84,51540
2017-12-12,57.12,51860
2017-12-13,56.59,52000
2017-12-14,57,52460
2017-12-15,57.29,52600
2017-12-18,57.17,53420
2017-12-19,57.49,53330
2017-12-20,58.09,53370
2017-12-21,58.34,53870
2017-12-22,58.25,53925
2017-12-25,58.9,54650
2017-12-26,59.55,54310
2017-12-27,59.67,54650
2017-12-28,59.84,54910
2017-12-29,60.46,55277
2018-01-02,60.37,54700
2018-01-03,61.61,54635
2018-01-04,61.98,54615
2018-01-05,61.49,54740
2018-01-08,61.73,54350
2018-01-09,62.92,54470
2018-01-10,63.6,54580
2018-01-11,63.81,54695
2018-01-12,64.22,54330
2018-01-15,64.02,54300
2018-01-16,63.82,54470
2018-01-17,63.92,53640
2018-01-18,63.96,53540
2018-01-19,63.38,53625
2018-01-22,63.66,53420
2018-01-23,64.45,53410
2018-01-24,65.69,52600
2018-01-25,65.62,53540
2018-01-26,66.27,53235
2018-01-29,65.71,53330
2018-01-30,64.64,53125
2018-01-31,64.82,52690
2018-02-01,65.92,52845
2018-02-02,65.5,52850
2018-02-05,64.18,52690
2018-02-06,63.48,52610
2018-02-07,61.91,52780
2018-02-08,61.3,51600
2018-02-09,59.2,51310
2018-02-12,59.41,51210
2018-02-13,59.33,51550
2018-02-14,60.7,52070
2018-02-15,61.48,52070
2018-02-16,61.89,52070
2018-02-19,61.9,52070
2018-02-20,61.91,52070
2018-02-21,61.73,52160
2018-02-22,62.72,52250
2018-02-23,63.52,53030
2018-02-26,63.81,52980
2018-02-27,62.94,52930
2018-02-28,61.43,52390
2018-03-01,60.98,52010
2018-03-02,61.19,51960
2018-03-05,62.49,51775
2018-03-06,62.54,51840
2018-03-07,61.09,51985
2018-03-08,60.13,51750
2018-03-09,62.02,51050
2018-03-12,61.35,51580
2018-03-13,60.69,51395
2018-03-14,60.89,51550
2018-03-15,61.16,51745
2018-03-16,62.29,51370
2018-03-19,62.01,50920
2018-03-20,63.37,50905
2018-03-21,65.1,50520
2018-03-22,64.25,50840
2018-03-23,65.8,49820
2018-03-26,65.49,49020
2018-03-27,65.21,49350
2018-03-28,64.3,49140
2018-03-29,64.87,49600
2018-03-30,63.96,49790
2018-04-02,63.05,50150
2018-04-03,63.41,50530
2018-04-04,63.35,50565
2018-04-05,63.53,50565
2018-04-06,62.03,50497.5
2018-04-09,63.4,50430
2018-04-10,65.48,51100
2018-04-11,66.81,51300
2018-04-12,67.07,50860
2018-04-13,67.35,50630
2018-04-16,66.23,50430
2018-04-17,66.5,50955
2018-04-18,68.44,50940
2018-04-19,68.3,51875
2018-04-20,68.26,51595
2018-04-23,67.61,51900
2018-04-24,67.66,51680
2018-04-25,68,51780
2018-04-26,68.18,51790
2018-04-27,68.11,51635
2018-04-30,68.56,51635
2018-05-01,67.28,51207.5
2018-05-02,67.91,50780
2018-05-03,68.45,50755
2018-05-04,69.71,50910
2018-05-07,70.74,50890
2018-05-08,68.83,51030
2018-05-09,71.16,50745
2018-05-10,71.36,50920
2018-05-11,70.69,51110
2018-05-14,71.01,51190
2018-05-15,71.34,50970
2018-05-16,71.43,50710
2018-05-17,71.47,50955
2018-05-18,71.23,51020
2018-05-21,72.26,51230
2018-05-22,72.09,51260
2018-05-23,71.85,51605
2018-05-24,70.77,51150
2018-05-25,67.92,51355
2018-05-28,67.36,51210
2018-05-29,66.8,51360
2018-05-30,68.24,51110
2018-05-31,66.98,51110
2018-06-01,65.81,51260
2018-06-04,64.76,51910
2018-06-05,65.51,51870
2018-06-06,64.75,52610
2018-06-07,65.96,53655
2018-06-08,65.77,53525
2018-06-11,66.1,53815
2018-06-12,66.38,53410
2018-06-13,66.63,53220
2018-06-14,66.91,53380
2018-06-15,65.01,53090
2018-06-18,65.91,52690
2018-06-19,65.09,52290
2018-06-20,65.92,51550
2018-06-21,65.68,51605
2018-06-22,69.02,51420
2018-06-25,69.91,51700
2018-06-26,75.23,51050
2018-06-27,77.41,51315
2018-06-28,73.45,51400
2018-06-29,74.13,51215
2018-07-02,73.89,51215
2018-07-03,74.19,51070
2018-07-04,73.62,50690
2018-07-05,73.05,49705
2018-07-06,73.78,48940
2018-07-09,73.93,49550
2018-07-10,74.11,49615
2018-07-11,70.47,47995
2018-07-12,70.28,48440
2018-07-13,71.03,48575
2018-07-16,68.22,48855
2018-07-17,68.03,48760
2018-07-18,68.78,48475
2018-07-19,69.42,48815
2018-07-20,70.31,48260
2018-07-23,67.9,48735
2018-07-24,70.77,49185
2018-07-25,71.13,49810
2018-07-26,71.59,49920
2018-07-27,68.66,49940
2018-07-30,71.19,49825
2018-07-31,69.88,49700
2018-08-01,68.8,49905
2018-08-02,68.95,49160
2018-08-03,68.49,49255
2018-08-06,69.01,49335
2018-08-07,69.17,49345
2018-08-08,66.92,49510
2018-08-09,66.81,49595
2018-08-10,67.61,49800
2018-08-13,67.25,49570
2018-08-14,67.04,49560
2018-08-15,65.07,48775
2018-08-16,65.44,47780
2018-08-17,65.93,48075
2018-08-20,66.5,48475
2018-08-21,67.32,48675
2018-08-22,67.85,48715
2018-08-23,69.13,48265
2018-08-24,69.71,48480
2018-08-27,69.97,48785
2018-08-28,68.54,48595
2018-08-29,69.68,49070
2018-08-30,70.25,48785
2018-08-31,69.84,48650
2018-09-03,69.83,48310
2018-09-04,69.82,48210
2018-09-05,68.69,47630
2018-09-06,67.81,47935
2018-09-07,67.73,48010
2018-09-10,67.55,47795
2018-09-11,69.29,47895
2018-09-12,70.37,47885
2018-09-13,68.6,48620
2018-09-14,68.98,48790
2018-09-17,68.86,48235
2018-09-18,69.87,48870
2018-09-19,71.08,50000
2018-09-20,70.77,49915
2018-09-21,70.8,50035
2018-09-24,73.23,50270
2018-09-25,73.4,50505
2018-09-26,72.22,50650
2018-09-27,72.18,50515
2018-09-28,73.16,50260
2018-10-01,75.37,50260
2018-10-02,75.16,50260
2018-10-03,76.4,50260
2018-10-04,74.44,50260
2018-10-05,74.26,50252.5
2018-10-08,74.27,50245
2018-10-09,74.95,50545
2018-10-10,73.18,50935
2018-10-11,70.97,50060
2018-10-12,71.41,50525
2018-10-15,71.84,50865
2018-10-16,71.93,50465
2018-10-17,69.63,50100
2018-10-18,68.63,50260
2018-10-19,69.16,50045
2018-10-22,69.25,50435
2018-10-23,66.49,50355
2018-10-24,66.56,50080
2018-10-25,67.25,49595
2018-10-26,67.58,49895
2018-10-29,67,49870
2018-10-30,66.18,49560
2018-10-31,65.31,49090
2018-11-01,63.67,48780
2018-11-02,63.12,49225
2018-11-05,63.12,49950
2018-11-06,62.16,49620
2018-11-07,61.69,49555
2018-11-08,60.71,49610
2018-11-09,60.19,49425
2018-11-12,59.85,49105
2018-11-13,55.63,48830
2018-11-14,56.16,48940
2018-11-15,56.45,49105
2018-11-16,56.49,49570
2018-11-19,57.16,49770
2018-11-20,53.39,49830
2018-11-21,54.41,49360
2018-11-22,54.41,49575
2018-11-23,52.935,49805
2018-11-26,51.46,49430
2018-11-27,51.31,49325
2018-11-28,50.06,49120
2018-11-29,51.46,49765
2018-11-30,50.78,49735
2018-12-03,52.98,50505
2018-12-04,53.21,49945
2018-12-05,52.64,49490
2018-12-06,51.54,49365
2018-12-07,52.76,49430
2018-12-10,51.07,49260
2018-12-11,51.65,49305
2018-12-12,51.04,49310
2018-12-13,52.69,49295
2018-12-14,51.26,49130
2018-12-17,49.8,49170
2018-12-18,46.12,49020
2018-12-19,47.96,48225
2018-12-20,45.64,48225
2018-12-21,45.38,48355
2018-12-24,45.38,48285
2018-12-25,45.71,47985
2018-12-26,46.04,48080
2018-12-27,44.48,48545
2018-12-28,45.15,48205
2019-01-02,46.31,47990
2019-01-03,46.92,47320
2019-01-04,47.76,46880
2019-01-07,48.27,46780
2019-01-08,49.58,47430
2019-01-09,52.19,47585
2019-01-10,52.42,47390
2019-01-11,51.44,47390
2019-01-14,50.31,47160
2019-01-15,51.8,47160
2019-01-16,52.08,47195
2019-01-17,51.83,47195
2019-01-18,53.6,47195
2019-01-21,53.095,47195
2019-01-22,52.59,47195
2019-01-23,52.44,47195
2019-01-24,52.94,47150
2019-01-25,53.53,47165
2019-01-28,51.79,47165
2019-01-29,53.07,47230
2019-01-30,54.18,47440
2019-01-31,53.84,47725
2019-02-01,55.29,47710
2019-02-04,54.57,47710
2019-02-05,53.69,47710
2019-02-06,53.94,47710
2019-02-07,52.68,47710
2019-02-08,52.75,47917.5
2019-02-11,52.43,48125
2019-02-12,53.14,48035
2019-02-13,53.84,47820
2019-02-14,54.4,47940
2019-02-15,55.58,48065
2019-02-18,55.849999999999994,48390
2019-02-19,56.12,48925
2019-02-20,56.9,49310
2019-02-21,56.95,49420
2019-02-22,57.01,49295
2019-02-25,55.32,49895
2019-02-26,55.4,49720
2019-02-27,56.92,49805
2019-02-28,57.21,49915
2019-03-01,55.76,49915
2019-03-04,56.6,49970
2019-03-05,56.55,50110
2019-03-06,56.22,49905
2019-03-07,56.6,49795
2019-03-08,55.77,49620
2019-03-11,56.79,49580
2019-03-12,56.89,49810
2019-03-13,58.27,49940
2019-03-14,58.59,49840
2019-03-15,58.51,49625
2019-03-18,59.09,50085
2019-03-19,59.12,50040
2019-03-20,60.12,50075
2019-03-21,59.98,50200
2019-03-22,58.87,49930
2019-03-25,58.71,49330
2019-03-26,59.87,49210
2019-03-27,59.39,49325
2019-03-28,59.29,49360
2019-03-29,60.19,49785
2019-04-01,61.59,49225
2019-04-02,62.53,49160
2019-04-03,62.46,49185
2019-04-04,62.12,49515
2019-04-05,63.1,49397.5
2019-04-08,64.37,49280
2019-04-09,64.05,49385
2019-04-10,64.62,49435
2019-04-11,63.61,49290
2019-04-12,63.86,49055
2019-04-15,63.43,49460
2019-04-16,64.01,49375
2019-04-17,63.74,49550
2019-04-18,64.02,49610
2019-04-19,64.84,49450
2019-04-22,65.66,49450
2019-04-23,66.24,49185
2019-04-24,65.96,49055
2019-04-25,65.23,49240
2019-04-26,63.29,48830
2019-04-29,63.39,48835
2019-04-30,63.83,48905
2019-05-01,63.55,48905
2019-05-02,61.75,48905
2019-05-03,61.98,48447.5
2019-05-06,62.3,47990
2019-05-07,61.41,48375
2019-05-08,62.13,47960
2019-05-09,61.58,47610
2019-05-10,61.65,47925
2019-05-13,60.97,47645
2019-05-14,61.82,47525
2019-05-15,62.03,47620
2019-05-16,62.93,47810
2019-05-17,62.77,47915
2019-05-20,63.12,47780
2019-05-21,63.02,47785
2019-05-22,61.42,47510
2019-05-23,57.65,46825
2019-05-24,58.4,47040
2019-05-27,58.655,47105
2019-05-28,58.91,47225
2019-05-29,58.84,47010
2019-05-30,56.47,46700
2019-05-31,53.49,46480
2019-06-03,53.25,46200
2019-06-04,53.5,46340
2019-06-05,51.57,46625
2019-06-06,52.59,46060
2019-06-07,53.95,46172.5
2019-06-10,53.33,46285
2019-06-11,53.3,46760
2019-06-12,51.13,46635
2019-06-13,52.38,46355
2019-06-14,52.47,46475
2019-06-17,51.94,46135
2019-06-18,53.86,46375
2019-06-19,53.74,46890
2019-06-20,56.88,46850
2019-06-21,57.35,46885
2019-06-24,57.73,46840
2019-06-25,57.63,46955
2019-06-26,59.17,47280
2019-06-27,59.18,47075
2019-06-28,58.2,47055
2019-07-01,58.91,47315
2019-07-02,56,46640
2019-07-03,57.06,46425
2019-07-04,57.06,46540
2019-07-05,57.205,46450
2019-07-08,57.35,46430
2019-07-09,57.57,46205
2019-07-10,60.28,45890
2019-07-11,59.93,46540
2019-07-12,59.99,46645
2019-07-15,59.3,46735
2019-07-16,57.44,46875
2019-07-17,56.5,46865
2019-07-18,55.08,46785
2019-07-19,55.42,47620
2019-07-22,55.87,47615
2019-07-23,56.58,47295
2019-07-24,55.9,46990
2019-07-25,55.88,47010
2019-07-26,56.04,46965
2019-07-29,56.85,46915
2019-07-30,58.04,47290
2019-07-31,58.53,46850
2019-08-01,53.64,46650
2019-08-02,55.67,46430
2019-08-05,54.63,45970
2019-08-06,53.6,46105
2019-08-07,51.14,46170
2019-08-08,52.6,46480
2019-08-09,54.41,46605
2019-08-12,54.98,46580
2019-08-13,57.05,46545
2019-08-14,55.16,46650
2019-08-15,54.51,46350
2019-08-16,54.83,46455
2019-08-19,56.24,46485
2019-08-20,56.18,46665
2019-08-21,55.65,46400
2019-08-22,55.33,46425
2019-08-23,54.08,46325
2019-08-26,53.54,46040
2019-08-27,54.99,46440
2019-08-28,55.76,46585
2019-08-29,56.67,46640
2019-08-30,55.07,46720
2019-09-02,54.489999999999995,46640
2019-09-03,53.91,46495
2019-09-04,56.22,46335
2019-09-05,56.33,47125
2019-09-06,56.45,47525
2019-09-09,57.88,47375
2019-09-10,57.37,47475
2019-09-11,55.66,47295
2019-09-12,55.13,47390
2019-09-13,54.76,47600
2019-09-16,63.1,47810
2019-09-17,59.26,47510
2019-09-18,58.19,47500
2019-09-19,58.19,47460
2019-09-20,57.92,47390
2019-09-23,58.69,47310
2019-09-24,57.22,47310
2019-09-25,56.38,47210
2019-09-26,56.24,47235
2019-09-27,55.95,46770
2019-09-30,54.09,47325
2019-10-01,53.6,47325
2019-10-02,52.67,47325
2019-10-03,52.41,47325
2019-10-04,52.84,47325
2019-10-07,52.76,47180
2019-10-08,52.64,47035
2019-10-09,52.63,46775
2019-10-10,53.57,46735
2019-10-11,54.76,47055
2019-10-14,53.57,47080
2019-10-15,52.81,46990
2019-10-16,53.42,46910
2019-10-17,53.89,46690
2019-10-18,53.75,46735
2019-10-21,53.28,47185
2019-10-22,54.21,47180
2019-10-23,55.9,47040
2019-10-24,56.11,47385
2019-10-25,56.52,47220
2019-10-28,55.6,47365
2019-10-29,55.34,47345
2019-10-30,54.85,47405
2019-10-31,54.02,47200
2019-11-01,56.04,46945
2019-11-04,56.33,47030
2019-11-05,57.04,47185
2019-11-06,56.15,47335
2019-11-07,56.91,47120
2019-11-08,57.02,47370
2019-11-11,56.845,47170
2019-11-12,56.67,47135
2019-11-13,56.88,47050
2019-11-14,56.57,47035
2019-11-15,57.54,46945
2019-11-18,56.82,47025
2019-11-19,54.93,46950
2019-11-20,56.71,47190
2019-11-21,58.36,47065
2019-11-22,57.68,46925
2019-11-25,57.79,47160
2019-11-26,58.25,47110
2019-11-27,58.12,47340
2019-11-28,58.12,47350
2019-11-29,58.12,47300
2019-12-02,55.97,47340
2019-12-03,56.15,47145
2019-12-04,58.46,47095
2019-12-05,58.42,47285
2019-12-06,59.2,47380
2019-12-09,58.99,48150
2019-12-10,59.22,48430
2019-12-11,58.74,48480
2019-12-12,59.18,48920
2019-12-13,60.11,48940
2019-12-16,60.21,48690
2019-12-17,60.88,49000
2019-12-18,60.93,49020
2019-12-19,61.3,48840
2019-12-20,60.43,49070
2019-12-23,60.51,48805
2019-12-24,61.17,48920
2019-12-25,61.445,49275
2019-12-26,61.72,49350
2019-12-27,61.76,49425
2019-12-30,61.66,49215
2019-12-31,61.14,49035
2020-01-02,61.17,49100
2020-01-03,63,48930
2020-01-06,63.27,48715
2020-01-07,62.7,48780
2020-01-08,59.65,48680
2020-01-09,59.56,48760
2020-01-10,59.02,48605
2020-01-13,58.17,48600
2020-01-14,58.34,48990
2020-01-15,57.86,49060
2020-01-16,58.52,48950
2020-01-17,58.55,48930
2020-01-20,58.4,48850
2020-01-21,58.25,48425
2020-01-22,56.76,48235
2020-01-23,55.51,47995
2020-01-24,54.09,47995
2020-01-27,53.09,47995
2020-01-28,53.33,47995
2020-01-29,53.29,47995
2020-01-30,52.19,47995
2020-01-31,51.58,46447.5
2020-02-03,50.06,44900
2020-02-04,49.59,44940
2020-02-05,50.87,45230
2020-02-06,50.94,45795
2020-02-07,50.34,45590
2020-02-10,49.59,45315
2020-02-11,50,45370
2020-02-12,51.13,45385
2020-02-13,51.41,45490
2020-02-14,52.03,45655
2020-02-17,52.065,45830
2020-02-18,52.1,45955
2020-02-19,53.31,45990
2020-02-20,53.77,46010
2020-02-21,53.36,45910
2020-02-24,51.36,45515
2020-02-25,49.78,45500
2020-02-26,48.67,45360
2020-02-27,47.17,45190
2020-02-28,44.83,44630
2020-03-02,46.78,44770
2020-03-03,47.27,45345
2020-03-04,46.78,45005
2020-03-05,45.9,45055
2020-03-06,41.14,44725
2020-03-09,31.05,43550
2020-03-10,34.47,44030
2020-03-11,33.13,44280
2020-03-12,31.56,43185
2020-03-13,31.72,42755
2020-03-16,28.96,43200
2020-03-17,26.96,42145
2020-03-18,20.48,41400
2020-03-19,25.09,37545
2020-03-20,19.48,38290
2020-03-23,23.33,36625
2020-03-24,21.03,37890
2020-03-25,20.75,38750
2020-03-26,20.75,38970
2020-03-27,25.18,38865
2020-03-30,19.48,38645
2020-03-31,20.51,39425
2020-04-01,20.28,39570
2020-04-02,25.18,39190
2020-04-03,28.36,39760
2020-04-06,26.21,40300
2020-04-07,23.54,40840
2020-04-08,24.97,40765
2020-04-09,22.9,40950
2020-04-10,22.63,40990
2020-04-13,22.36,41925
2020-04-14,20.15,41970
2020-04-15,19.96,41860
2020-04-16,19.82,41775
2020-04-17,18.31,42470
2020-04-20,24.56,42640
2020-04-21,22.36,42060
2020-04-22,22.63,40995
2020-04-23,22.36,41980
2020-04-24,26.96,42120
2020-04-27,23.68,42850
2020-04-28,31.72,42480
2020-04-29,24.56,42810
2020-04-30,19.23,43030
2020-05-01,19.72,43030
2020-05-04,20.47,43030
2020-05-05,24.56,42932.5
2020-05-06,23.88,42835
2020-05-07,23.68,43030
2020-05-08,24.73,43600
2020-05-11,24.02,44060
2020-05-12,25.76,43565
2020-05-13,25.37,43080
2020-05-14,27.4,43150
2020-05-15,29.44,43325
2020-05-18,31.83,43260
2020-05-19,32.3,43995
2020-05-20,33.56,44040
2020-05-21,34.3,44620
2020-05-22,33.49,43770
2020-05-25,34.095,43790
2020-05-26,34.7,44030
2020-05-27,32.8,44170
2020-05-28,33.67,44030
2020-05-29,35.57,44135
2020-06-01,35.49,44710
2020-06-02,36.88,44895
2020-06-03,37.33,45110
2020-06-04,37.42,44850
2020-06-05,39.49,44990
2020-06-08,38.17,45730
2020-06-09,38.98,46355
2020-06-10,39.54,46855
2020-06-11,36.43,47425
2020-06-12,36.24,46760
2020-06-15,37.07,46830
2020-06-16,38.26,47080
2020-06-17,37.91,46910
2020-06-18,38.79,47110
2020-06-19,39.72,47475
2020-06-22,40.6,47895
2020-06-23,40.4,47880
2020-06-24,37.91,48160
2020-06-25,38.66,48160
2020-06-26,38.53,48465
2020-06-29,39.67,48770
2020-06-30,39.27,48930
2020-07-01,39.88,49450
2020-07-02,40.57,49460
2020-07-03,40.54,49260
2020-07-06,40.51,49120
2020-07-07,40.59,49610
2020-07-08,40.91,49845
2020-07-09,39.64,50575
2020-07-10,40.56,50600
2020-07-13,40.06,52980
2020-07-14,40.3,52150
2020-07-15,41.2,52435
2020-07-16,40.74,51240
2020-07-17,40.55,51685
2020-07-20,40.83,51375
2020-07-21,41.76,51935
2020-07-22,41.88,52600
2020-07-23,40.99,51875
2020-07-24,41.23,51930
2020-07-27,41.46,51765
2020-07-28,40.89,51850
2020-07-29,41.13,51830
2020-07-30,39.85,51890
2020-07-31,40.1,51850
2020-08-03,40.83,50960
2020-08-04,41.67,51675
2020-08-05,42.25,51370
2020-08-06,41.93,51385
2020-08-07,41.16,51440
2020-08-10,41.94,50090
2020-08-11,41.53,50790
2020-08-12,42.6,49980
2020-08-13,42.26,50530
2020-08-14,42.05,50040
2020-08-17,42.89,50370
2020-08-18,42.89,51135
2020-08-19,42.91,52300
2020-08-20,42.62,52200
2020-08-21,42.32,52065
2020-08-24,42.44,51310
2020-08-25,43.17,51370
2020-08-26,43.21,51380
2020-08-27,42.88,51420
2020-08-28,42.96,51800
2020-08-31,42.61,52020
2020-09-01,42.76,52390
2020-09-02,42.76,51935
2020-09-03,41.39,52140
2020-09-04,39.69,51495
2020-09-07,38.28,52630
2020-09-08,36.87,52520
2020-09-09,38.05,52065
2020-09-10,37.25,52130
2020-09-11,37.33,51535
2020-09-14,37.23,52280
2020-09-15,38.29,52150
2020-09-16,40.17,51900
2020-09-17,40.99,51455
2020-09-18,41.09,52210
2020-09-21,39.26,52470
2020-09-22,39.55,51920
2020-09-23,39.92,51620
2020-09-24,40.11,50745
2020-09-25,40.06,50890
2020-09-28,40.47,50985
2020-09-29,39.03,51110
2020-09-30,40.05,51185
2020-10-01,38.51,51185
2020-10-02,36.9,51185
2020-10-05,39.12,51185
2020-10-06,40.52,51185
2020-10-07,39.82,51185
2020-10-08,41.04,51375
2020-10-09,40.44,51565
2020-10-12,39.22,51580
2020-10-13,40.03,51540
2020-10-14,40.86,51470
2020-10-15,40.84,51370
2020-10-16,40.7,51800
2020-10-19,40.69,51600
2020-10-20,41.37,51450
2020-10-21,39.88,52250
2020-10-22,40.46,52370
2020-10-23,39.73,52210
2020-10-26,38.39,51920
2020-10-27,39.34,51540
2020-10-28,37.27,51730
2020-10-29,35.94,51585
2020-10-30,35.64,51530
2020-11-02,36.6,51120
2020-11-03,37.44,51750
2020-11-04,38.97,51680
2020-11-05,38.56,51640
2020-11-06,36.97,51640
2020-11-09,40.05,52250
2020-11-10,41.18,52120
2020-11-11,41.23,51990
2020-11-12,40.9,51880
2020-11-13,39.93,52025
2020-11-16,41.14,53680
2020-11-17,41.24,53220
2020-11-18,41.64,52740
2020-11-19,41.57,52820
2020-11-20,41.99,53220
2020-11-23,42.91,54140
2020-11-24,44.71,54110
2020-11-25,45.58,54890
2020-11-26,45.58,55120
2020-11-27,45.39,55685
2020-11-30,45.2,57370
2020-12-01,44.54,57375
2020-12-02,45.23,57280
2020-12-03,45.65,57300
2020-12-04,46.23,57290
2020-12-07,45.72,57320
2020-12-08,45.64,57000
2020-12-09,45.48,57270
2020-12-10,46.76,57010
2020-12-11,46.59,58285
2020-12-14,47.02,57830
2020-12-15,47.58,57420
2020-12-16,47.86,57850
2020-12-17,48.34,58120
2020-12-18,49.04,59090
2020-12-21,47.79,58835
2020-12-22,47.02,58550
2020-12-23,47.94,57610
2020-12-24,48.18,58110
2020-12-25,47.84,58180
2020-12-28,47.5,58800
2020-12-29,47.85,58450
2020-12-30,48.24,58150
2020-12-31,48.35,57810
2021-01-04,47.47,58075
2021-01-05,49.78,58135
2021-01-06,50.45,59140
2021-01-07,50.63,59340
2021-01-08,52.14,60260
2021-01-11,52.15,59340
2021-01-12,53.08,58225
2021-01-13,52.81,58840
2021-01-14,53.47,58675
2021-01-15,52.25,59560
2021-01-18,52.56,58710
2021-01-19,52.87,59030
2021-01-20,53.16,59025
2021-01-21,53,59280
2021-01-22,52.28,58920
2021-01-25,52.78,59060
2021-01-26,52.61,58820
2021-01-27,52.81,58745
2021-01-28,52.26,57950
2021-01-29,52.16,58180
2021-02-01,53.55,57870
2021-02-02,54.77,57700
2021-02-03,55.67,57170
2021-02-04,56.19,57825
2021-02-05,56.8,58040
2021-02-08,57.95,58865
2021-02-09,58.34,59410
2021-02-10,58.69,60230
2021-02-11,58.22,60230
2021-02-12,59.5,60230
2021-02-15,59.785,60230
2021-02-16,60.07,60230
2021-02-17,61.09,61460
2021-02-18,60.4,62690
2021-02-19,59.12,63240
2021-02-22,61.67,67060
2021-02-23,61.66,67590
2021-02-24,63.21,67970
2021-02-25,63.43,69900
2021-02-26,61.55,68410
2021-03-01,60.54,67410
2021-03-02,59.7,66140
2021-03-03,61.33,67790
2021-03-04,63.81,67020
2021-03-05,66.08,64810
2021-03-08,65.03,66265
2021-03-09,64.02,66650
2021-03-10,64.45,65530
2021-03-11,66.02,65580
2021-03-12,65.59,66660
2021-03-15,65.36,67660
2021-03-16,64.82,67150
2021-03-17,64.55,66200
2021-03-18,59.95,67050
2021-03-19,61.43,66550
2021-03-22,61.48,66820
2021-03-23,57.75,66740
2021-03-24,61.12,66075
2021-03-25,58.47,65770
2021-03-26,60.93,65680
2021-03-29,61.49,66190
2021-03-30,60.55,66190
2021-03-31,59.19,65175
2021-04-01,61.41,65490
2021-04-02,60.06999999999999,66040
2021-04-05,58.73,66590
2021-04-06,59.34,67140
2021-04-07,59.77,66890
2021-04-08,59.61,66500
2021-04-09,59.29,66750
2021-04-12,59.7,65710
2021-04-13,60.2,65720
2021-04-14,63.15,66125
2021-04-15,63.42,67260
2021-04-16,63.16,68550
2021-04-19,63.33,68240
2021-04-20,62.61,68990
2021-04-21,61.34,68550
2021-04-22,61.45,68840
2021-04-23,62.18,69120
2021-04-26,62.02,70090
2021-04-27,63.03,71940
2021-04-28,63.81,70920
2021-04-29,65,72335
2021-04-30,63.5,71680
2021-05-03,64.46,71680
2021-05-04,65.72,71680
2021-05-05,65.63,72185
2021-05-06,64.73,72690
2021-05-07,64.96,74200
2021-05-10,64.92,76875
2021-05-11,65.31,75370
2021-05-12,65.96,76150
2021-05-13,63.82,75910
2021-05-14,65.32,74760
2021-05-17,66.24,74670
2021-05-18,65.49,75720
2021-05-19,63.28,74840
2021-05-20,61.95,72525
2021-05-21,63.61,71950
2021-05-24,66.13,71300
2021-05-25,66.27,72360
2021-05-26,66.41,71720
2021-05-27,66.87,71350
2021-05-28,66.31,73380
2021-05-31,67.055,73590
2021-06-01,67.8,73790
2021-06-02,68.79,73580
2021-06-03,68.81,72950
2021-06-04,69.57,71090
2021-06-07,69.21,71500
2021-06-08,70.11,71310
2021-06-09,69.9,71710
2021-06-10,70.34,71210
2021-06-11,71,70800
2021-06-14,70.94,70350
2021-06-15,72.06,69900
2021-06-16,72.03,69260
2021-06-17,71.06,69170
2021-06-18,71.64,67730
2021-06-21,73.64,66880
2021-06-22,73.15,67400
2021-06-23,73.11,68270
2021-06-24,73.31,68600
2021-06-25,74.21,68825
2021-06-28,72.98,68290
2021-06-29,73.14,68050
2021-06-30,73.52,68380
2021-07-01,75.33,68490
2021-07-02,75.37,68050
2021-07-05,74.495,68700
2021-07-06,73.62,69700
2021-07-07,72.22,68540
2021-07-08,72.98,68900
2021-07-09,74.56,68800
2021-07-12,74.21,69475
2021-07-13,75.24,69370
2021-07-14,73.06,68810
2021-07-15,71.67,68830
2021-07-16,71.76,69660
2021-07-19,66.45,69210
2021-07-20,67.32,68390
2021-07-21,70.26,68600
2021-07-22,72.15,69040
2021-07-23,72.24,70090
2021-07-26,72.15,71170
2021-07-27,71.68,72520
2021-07-28,72.37,72365
2021-07-29,73.62,71700
2021-07-30,73.93,71900
2021-08-02,71.31,71710
2021-08-03,70.64,71030
2021-08-04,68.19,70290
2021-08-05,69.1,69660
2021-08-06,68.26,69800
2021-08-09,66.56,69620
2021-08-10,68.33,69560
2021-08-11,69.3,70000
2021-08-12,69.12,70430
2021-08-13,68.36,70240
2021-08-16,67.44,70280
2021-08-17,66.5,70080
2021-08-18,65.36,69240
2021-08-19,63.69,67700
2021-08-20,62.25,67260
2021-08-23,65.65,68290
2021-08-24,67.5,68940
2021-08-25,68.54,69600
2021-08-26,67.42,69260
2021-08-27,68.84,69185
2021-08-30,69.28,70165
2021-08-31,68.43,70315
2021-09-01,68.63,69940
2021-09-02,70.07,69460
2021-09-03,69.34,69575
2021-09-06,68.91499999999999,69710
2021-09-07,68.49,69580
2021-09-08,69.36,69250
2021-09-09,68.26,68850
2021-09-10,69.82,70035
2021-09-13,70.54,71525
2021-09-14,70.53,70520
2021-09-15,72.59,69860
2021-09-16,72.69,70460
2021-09-17,72.09,69810
2021-09-20,70.41,69810
2021-09-21,70.51,69442.5
2021-09-22,72.37,69075
2021-09-23,73.43,69040
2021-09-24,74.18,69375
2021-09-27,75.54,70060
2021-09-28,75.44,69520
2021-09-29,75.06,68965
2021-09-30,75.22,68700
2021-10-01,76.01,68700
2021-10-04,77.68,68700
2021-10-05,79.17,68700
2021-10-06,77.66,68700
2021-10-07,78.46,69320
2021-10-08,79.55,69940
2021-10-11,80.64,69925
2021-10-12,80.75,70320
2021-10-13,80.67,70160
2021-10-14,81.43,72540
2021-10-15,82.39,74060
2021-10-18,82.62,76030
2021-10-19,83.19,75750
2021-10-20,84.4,73430
2021-10-21,82.64,75190
2021-10-22,84.53,73125
2021-10-25,84.64,72650
2021-10-26,85.64,72585
2021-10-27,82.66,72060
2021-10-28,82.78,70770
2021-10-29,83.5,71575
2021-11-01,84.08,71150
2021-11-02,83.91,71180
2021-11-03,80.82,70910
2021-11-04,78.88,71270
2021-11-05,81.25,70275
2021-11-08,81.96,70865
2021-11-09,84.12,71110
2021-11-10,81.23,70650
2021-11-11,81.47,70780
2021-11-12,80.87,71435
2021-11-15,80.85,71500
2021-11-16,80.76,71750
2021-11-17,78.32,70955
2021-11-18,78.92,70350
2021-11-19,76.11,72250
2021-11-22,76.74,71775
2021-11-23,78.32,72510
2021-11-24,78.32,71820
2021-11-25,78.32,72330
2021-11-26,74.1,71610
2021-11-29,69.88,70795
2021-11-30,66.14,70650
2021-12-01,65.44,70180
2021-12-02,66.6,69900
2021-12-03,66.39,69830
2021-12-06,69.62,69915
2021-12-07,71.94,69760
2021-12-08,72.43,69815
2021-12-09,70.87,69980
2021-12-10,71.71,69750
2021-12-13,71.19,69550
2021-12-14,70.57,68900
2021-12-15,70.89,68875
2021-12-16,72.34,68570
2021-12-17,70.93,69525
2021-12-20,68.69,69200
2021-12-21,71.1,69385
2021-12-22,72.82,69520
2021-12-23,73.89,69850
2021-12-24,74.69,69840
2021-12-27,75.49,69650
2021-12-28,76.01,70270
2021-12-29,76.58,70060
2021-12-30,76.83,70020
2021-12-31,75.33,69910
2022-01-03,75.99,69875
2022-01-04,77,69840
2022-01-05,77.83,70420
2022-01-06,79.47,69960
2022-01-07,79,69790
2022-01-10,78.11,70075
2022-01-11,81.17,69900
2022-01-12,82.51,70850
2022-01-13,81.97,72130
2022-01-14,83.82,71570
2022-01-17,84.62,70380
2022-01-18,85.42,70525
2022-01-19,86.84,70330
2022-01-20,86.29,70930
2022-01-21,85.16,71000
2022-01-24,84.48,70800
2022-01-25,86.61,70040
2022-01-26,88.33,70270
2022-01-27,87.61,70400
2022-01-28,87.67,70480
2022-01-31,89.16,70480
2022-02-01,88.22,70480
2022-02-02,88.16,70480
2022-02-03,90.17,70480
2022-02-04,92.27,70757.5
2022-02-07,91.25,71035
2022-02-08,89.32,70690
2022-02-09,89.57,70500
2022-02-10,89.83,72210
2022-02-11,93.1,72580
2022-02-14,95.52,71470
2022-02-15,92.07,71090
2022-02-16,93.83,71550
2022-02-17,91.78,71550
2022-02-18,91.26,71525
2022-02-21,91.685,71530
2022-02-22,92.11,71140
2022-02-23,92.14,71170
2022-02-24,92.77,70810
2022-02-25,91.68,71010
2022-02-28,96.13,70900
2022-03-01,103.66,70880
2022-03-02,105.5,71520
2022-03-03,107.69,72540
2022-03-04,104.69,72930
2022-03-07,107.53999999999999,75060
2022-03-08,104.69,72950
2022-03-09,108.81,73080
2022-03-10,105.93,72080
2022-03-11,109.31,72170
2022-03-14,103.22,72210
2022-03-15,96.42,71790
2022-03-16,94.85,72060
2022-03-17,102.97,72740
2022-03-18,104.69,73310
2022-03-21,67.055,73440
2022-03-22,99.32,73510
2022-03-23,100.53,73410
2022-03-24,104.25,73880
2022-03-25,107.81,73775
2022-03-28,107.55,73360
2022-03-29,104.25,74100
2022-03-30,107.81,73980
2022-03-31,100.53,73575
2022-04-01,99.32,73635
2022-04-04,103.29,73635
2022-04-05,101.98,73817.5
2022-04-06,96.39,74000
2022-04-07,96.05,73690
2022-04-08,98.35,73765
2022-04-11,94.22,73720
2022-04-12,100.52,73790
2022-04-13,104.26,74550
2022-04-14,106.84,74370
2022-04-15,107.53999999999999,75385
2022-04-18,108.24,75440
2022-04-19,102.54,75575
2022-04-20,102.56,74740
2022-04-21,103.89,74850
2022-04-22,102.86,75070
2022-04-25,99.6,74330
2022-04-26,102.62,73950
2022-04-27,101.96,73770
2022-04-28,105.47,74005
2022-04-29,104.59,73930
2022-05-02,105.18,73930
2022-05-03,102.53,73930
2022-05-04,107.84,73845
2022-05-05,108.17,73760
2022-05-06,109.72,72875
2022-05-09,103.08,72460
2022-05-10,99.74,71990
2022-05-11,105.5,71990
2022-05-12,106.15,72050
2022-05-13,70.11,71160
2022-05-16,78.32,71650
2022-05-17,76.11,72175
2022-05-18,109.67,72070
2022-05-19,63.03,71775
2022-05-20,89.83,72150
2022-05-23,61.95,72400
2022-05-24,85.64,72500
2022-05-25,66.27,72220
2022-05-26,109.67,71950
2022-05-27,84.64,72625
2022-05-30,84.64,72650
2022-05-31,84.64,72630
2022-06-01,78.32,72150
2022-06-02,85.64,72530
2022-06-03,84.53,72877.5
2022-06-06,107.55,73225
2022-06-07,104.69,72975
2022-06-08,68.81,72890
2022-06-09,107.55,73030
2022-06-10,68.81,72750
2022-06-13,66.27,72170
2022-06-14,66.41,71670
2022-06-15,95.52,71250
2022-06-16,70.11,71255
2022-06-17,109.56,69975
2022-06-20,110.025,68750
2022-06-21,75.87,68700
2022-06-22,106.22,68160
2022-06-23,105.75,66050
2022-06-24,109.07,64340
2022-06-27,86.12,64465
2022-06-28,73.61,64150
2022-06-29,89.39,63940
2022-06-30,107.76,64230
2022-07-01,86,62930
2022-07-04,105.925,61560
2022-07-05,101.55,61225
2022-07-06,100.31,58125
2022-07-07,104.62,58600
2022-07-08,106.78,59600
2022-07-11,106.09,58535
2022-07-12,97.69,58430
2022-07-13,98.44,56460
2022-07-14,97.79,56300
2022-07-15,99.59,54890
2022-07-18,104.48,56010
2022-07-19,106.12,56210
2022-07-20,104.45,56920
2022-07-21,98.44,56360
2022-07-22,97.71,57030
2022-07-25,99.83,57570
2022-07-26,97.74,58930
2022-07-27,100.03,58710
2022-07-28,99.11,60090
2022-07-29,101.31,60315
2022-08-01,96.59,61640
2022-08-02,97.14,60180
2022-08-03,93.25,60260
2022-08-04,91.29,59930
2022-08-05,91.77,60520
2022-08-08,93.52,61340
2022-08-09,93.18,61540
2022-08-10,94.68,61780
2022-08-11,97.02,62520
2022-08-12,94.86,63000
2022-08-15,92.24,62310
2022-08-16,89.23,62460
2022-08-17,90.85,62470
2022-08-18,93.2,62300
2022-08-19,93.55,62950
2022-08-22,93.42,63610
2022-08-23,96.46,63570
2022-08-24,95.52,63715
2022-08-25,93.33,63330
2022-08-26,93.63,64270
2022-08-29,97.4,63720
2022-08-30,92.08,63120
2022-08-31,90.09,62770
2022-09-01,87.09,61775
2022-09-02,87.29,60500
2022-09-05,87.32,60840
2022-09-06,87.35,61750
2022-09-07,82.5,61700
2022-09-08,84.04,61910
2022-09-09,87.27,63650
2022-09-12,88.18,63750
2022-09-13,87.84,63850
2022-09-14,88.88,63050
2022-09-15,85.72,63370
2022-09-16,85.57,62865
2022-09-19,86.15,63440
2022-09-20,84.69,63370
2022-09-21,83.38,63120
2022-09-22,84.02,63120
2022-09-23,79.07,63025
2022-09-26,77.17,61570
2022-09-27,78.91,61485
2022-09-28,82.61,61430
2022-09-29,81.78,62430
2022-09-30,79.91,62670
2022-10-03,84.05,62670
2022-10-04,86.87,62670
2022-10-05,88.22,62670
2022-10-06,88.9,62670
2022-10-07,93.07,62870
2022-10-10,91.6,63070
2022-10-11,89.75,63975
2022-10-12,87.83,63800
2022-10-13,89.59,63960
2022-10-14,86.1,64760
2022-10-17,86,64450
2022-10-18,83.29,63550
2022-10-19,86,62950
2022-10-20,86.02,62895
2022-10-21,85.47,64000
2022-10-24,86.12,64530
2022-10-25,86.93,64300
2022-10-26,89.39,63950
2022-10-27,89.06,64690
2022-10-28,87.85,64650
2022-10-31,86.54,63810
2022-11-01,88.36,64300
2022-11-02,90.06,64950
2022-11-03,88.14,64690
2022-11-04,92.58,64700
2022-11-07,91.8,66440
2022-11-08,88.8,66225
2022-11-09,85.79,66800
2022-11-10,86.52,67400
2022-11-11,89.14,68575
2022-11-14,85.85,67770
2022-11-15,86.87,67275
2022-11-16,85.62,67050
2022-11-17,81.69,66540
2022-11-18,80.07,66275
2022-11-21,79.74,65275
2022-11-22,80.83,65170
2022-11-23,77.93,65260
2022-11-24,77.19,65490
2022-11-25,76.45,65640
2022-11-28,77.1,64910
2022-11-29,77.96,65525
2022-11-30,80.48,65290
2022-12-01,81.06,66380
2022-12-02,79.86,66400
2022-12-05,76.83,67220
2022-12-06,74.21,66575
2022-12-07,71.93,66225
2022-12-08,71.3,66290
2022-12-09,71.05,67000
2022-12-12,72.96,66210
2022-12-13,75.44,66175
2022-12-14,77.14,66625
2022-12-15,75.89,66125
2022-12-16,74.19,65750
2022-12-19,75.05,66020
2022-12-20,75.92,65575
2022-12-21,78.17,66225
2022-12-22,77.68,66750
2022-12-23,79.57,66000
2022-12-26,79.50999999999999,66125
2022-12-27,79.45,66400
2022-12-28,78.89,66270
2022-12-29,78.43,66200
2022-12-30,80.16,66175
2023-01-03,76.87,65800
2023-01-04,72.82,65070
2023-01-05,73.61,64260
2023-01-06,73.77,65220
2023-01-09,74.69,66220
2023-01-10,75.11,66475
2023-01-11,77.46,67500
2023-01-12,78.32,68430
2023-01-13,79.9,68725
2023-01-16,80.075,68525
2023-01-17,80.25,68410
2023-01-18,79.53,69750
2023-01-19,80.31,69570
2023-01-20,81.27,70150
2023-01-23,81.62,70150
2023-01-24,79.86,70150
2023-01-25,79.78,70150
2023-01-26,80.64,70150
2023-01-27,79.73,69962.5
2023-01-30,77.97,69775
2023-01-31,78.95,69425
2023-02-01,76.34,69560
2023-02-02,75.87,69070
2023-02-03,73.4,68425
2023-02-06,74.11,68090
2023-02-07,77.17,67860
2023-02-08,78.47,68250
2023-02-09,78.04,68240
2023-02-10,79.74,68225
2023-02-13,80.14,68060
2023-02-14,79.08,68510
2023-02-15,78.57,68950
2023-02-16,78.45,68370
2023-02-17,76.31,69080
2023-02-20,76.295,69020
2023-02-21,76.28,69705
2023-02-22,73.95,70400
2023-02-23,75.26,70050
2023-02-24,76.19,69225
2023-02-27,75.57,68425
2023-02-28,76.88,68550
2023-03-01,77.57,69710
2023-03-02,78.05,69865
2023-03-03,79.62,69400
2023-03-06,80.39,69300
2023-03-07,77.45,69610
2023-03-08,76.56,68840
2023-03-09,75.6,69225
2023-03-10,76.55,69025
2023-03-13,74.68,69090
2023-03-14,71.18,68600
2023-03-15,67.38,68925
2023-03-16,68.15,67100
2023-03-17,66.61,67340
2023-03-20,67.56,67530
2023-03-21,69.4,67575
2023-03-22,70.71,68100
2023-03-23,69.77,68630
2023-03-24,69.22,69230
2023-03-27,72.87,69400
2023-03-28,73.12,69770
2023-03-29,72.95,69580
2023-03-30,74.32,69620
2023-03-31,75.68,69650
2023-04-03,80.4,69600
2023-04-04,80.7,69225
2023-04-05,80.69,69027.5
2023-04-06,80.7,68830
2023-04-07,80.245,68875
2023-04-10,79.79,68870
2023-04-11,81.54,68580
2023-04-12,83.26,69150
2023-04-13,82.16,69405
2023-04-14,82.58,70310
2023-04-17,80.93,69980
2023-04-18,80.85,69650
2023-04-19,79.18,69680
2023-04-20,77.27,69500
2023-04-21,77.86,68890
2023-04-24,78.64,68490
2023-04-25,77.05,68290
2023-04-26,74.33,67540
2023-04-27,74.77,66625
2023-04-28,76.78,67420
2023-05-01,75.65,67420
2023-05-02,71.71,67420
2023-05-03,68.62,67355
2023-05-04,68.52,67290
2023-05-05,71.32,66675
2023-05-08,73.13,67190
2023-05-09,73.68,67490
2023-05-10,72.53,67365
2023-05-11,70.81,66590
2023-05-12,70.02,64690
2023-05-15,71.07,64670
2023-05-16,70.85,65200
2023-05-17,72.78,64680
2023-05-18,71.82,66025
2023-05-19,71.57,65675
2023-05-22,71.81,65375
2023-05-23,72.87,65280
2023-05-24,74.37,64300
2023-05-25,71.68,63750
2023-05-26,72.35,64150
2023-05-29,70.9,65525
2023-05-30,69.45,65600
2023-05-31,68.11,65260
2023-06-01,70.09,65850
2023-06-02,71.76,66425
2023-06-05,72.14,66400
2023-06-06,71.71,67160
2023-06-07,72.52,67300
2023-06-08,71.28,67180
2023-06-09,70.16,67370
2023-06-12,67.08,67315
2023-06-13,69.39,67525
2023-06-14,68.22,68350
2023-06-15,70.61,68275
2023-06-16,71.81,68960
2023-06-19,71.375,69070
2023-06-20,70.94,69100
2023-06-21,72.55,69650
2023-06-22,69.22,69650
2023-06-23,68.91,69325
2023-06-26,69.09,69000
2023-06-27,67.68,68660
2023-06-28,69.54,68300
2023-06-29,69.85,68025
2023-06-30,70.66,68000
2023-07-03,69.71,69200
2023-07-04,70.745,68775
2023-07-05,71.78,68500
2023-07-06,71.76,68300
2023-07-07,73.91,68150
2023-07-10,73.05,68240
2023-07-11,74.87,68370
2023-07-12,75.77,68040
2023-07-13,76.86,68760
2023-07-14,75.44,69825
2023-07-17,74.17,69320
2023-07-18,75.76,68750
2023-07-19,75.4,68580
2023-07-20,75.65,68650
2023-07-21,77.06,68670
2023-07-24,78.81,68520
2023-07-25,79.76,68980
2023-07-26,79.11,69200
2023-07-27,80.17,69460
2023-07-28,80.55,68950
2023-07-31,81.8,69830
2023-08-01,81.37,70925
2023-08-02,79.5,69990
2023-08-03,81.56,69425
2023-08-04,82.76,69875
2023-08-07,81.94,69290
2023-08-08,82.94,69130
2023-08-09,84.35,68710
2023-08-10,82.81,68740
2023-08-11,83.17,68690
2023-08-14,82.5,68190
2023-08-15,81.06,68590
2023-08-16,79.4,68270
2023-08-17,80.43,68260
2023-08-18,81.25,68840
2023-08-21,80.71,68925
2023-08-22,80.25,68810
2023-08-23,78.91,69410
2023-08-24,79.52,69700
2023-08-25,80.47,69300
2023-08-28,80.65,69530
2023-08-29,81.14,69525
2023-08-30,81.64,69880
2023-08-31,83.55,70075
2023-09-01,85.52,70175
2023-09-04,86.13,70250
2023-09-05,86.74,69850
2023-09-06,87.55,69850
2023-09-07,86.87,69510
2023-09-08,87.51,69150
2023-09-11,87.3,69060
2023-09-12,88.87,69550
2023-09-13,88.59,69370
2023-09-14,90.13,69390
2023-09-15,90.83,69875
2023-09-18,91.47,69450
2023-09-19,91.16,68970
2023-09-20,89.2,68850
2023-09-21,89.56,68720
2023-09-22,90,68210
2023-09-25,89.68,68200
2023-09-26,91.43,67990
2023-09-27,93.67,67450
2023-09-28,91.65,67440
2023-09-29,90.77,67440
2023-10-02,88.81,67440
2023-10-03,89.26,67440
2023-10-04,84.32,67440
2023-10-05,82.3,67440
2023-10-06,82.83,67495
2023-10-09,84.36,67550
2023-10-10,85.89,67130
2023-10-11,83.7,66880
2023-10-12,82.87,66725
2023-10-13,87.67,66350
2023-10-16,86.65,66420
2023-10-17,86.66,66200
2023-10-18,88.35,66675
2023-10-19,89.35,66550
2023-10-20,89.12,66625
2023-10-23,85.49,66035
2023-10-24,84.58,66550
2023-10-25,86.07,67275
2023-10-26,83.8,66875
2023-10-27,86.04,66860
2023-10-30,83.03,67730
2023-10-31,81.64,67680
2023-11-01,81.05,67675
2023-11-02,83.04,67780
2023-11-03,81.19,68025
2023-11-06,81.54,67810
2023-11-07,77.96,68025
2023-11-08,75.85,67930
2023-11-09,76.34,67750
2023-11-10,77.6,67675
2023-11-13,78.86,67425
2023-11-14,78.9,67870
2023-11-15,77.15,68100
2023-11-16,73.5,68300
2023-11-17,76.47,68350
2023-11-20,78.1,68665
2023-11-21,78.35,68970
2023-11-22,76.8,68500
2023-11-23,75.815,68440
2023-11-24,74.83,68675
2023-11-27,74.46,68780
2023-11-28,76.09,68480
2023-11-29,77.56,68750
2023-11-30,75.66,68870
2023-12-01,73.7,69475
2023-12-04,72.73,69700
2023-12-05,71.95,68950
2023-12-06,68.98,68670
2023-12-07,69,68180
2023-12-08,70.87,68540
2023-12-11,70.95,68750
2023-12-12,68.27,68375
2023-12-13,69.09,68315
2023-12-14,71.21,68525
2023-12-15,71.05,69000
2023-12-18,72.16,68750
2023-12-19,73.23,68725
2023-12-20,73.87,69270
2023-12-21,73.59,69140
2023-12-22,73.29,69400
2023-12-25,74.565,69150
2023-12-26,75.84,69120
2023-12-27,74.31,69250
2023-12-28,72.02,69725
2023-12-29,71.89,69225
2024-01-02,70.62,69150
2024-01-03,72.97,68900
2024-01-04,72.38,68780
2024-01-05,74,68820
2024-01-08,71.06,68425
2024-01-09,72.43,68640
2024-01-10,71.57,68110
2024-01-11,72.15,68170
2024-01-12,72.94,68300
2024-01-15,72.785,68020
2024-01-16,72.63,68020
2024-01-17,72.79,67960
2024-01-18,74.32,67640
2024-01-19,73.69,67840
2024-01-22,75.26,68020
2024-01-23,74.72,67870
2024-01-24,75.48,68140
2024-01-25,77.91,68750
2024-01-26,78.45,68920
2024-01-29,77.25,68870
2024-01-30,78.3,68890
2024-01-31,76.28,69175
2024-02-01,74.36,69100
2024-02-02,72.72,68800
2024-02-05,73.21,68525
2024-02-06,73.83,67990
2024-02-07,74.26,67950
2024-02-08,76.67,67650
2024-02-09,77.26,67650
2024-02-12,77.34,67650
2024-02-13,78.28,67650
2024-02-14,77.09,67650
2024-02-15,78.47,67650
2024-02-16,79.65,67985
2024-02-19,79.185,68320
2024-02-20,78.72,68230
2024-02-21,78.89,68820
2024-02-22,79.64,68920
2024-02-23,77.6,69310
2024-02-26,78.53,69020
2024-02-27,79.8,68720
2024-02-28,79.44,68725
2024-02-29,79.22,68710
2024-03-01,80.9,68800
2024-03-04,79.67,68865
