Dateoil,Cushing..OK.WTI.Spot.Price.FOB..Dollars.per.Barrel.,COMEX
2017-01-03,52.36,2.481
2017-01-04,53.26,2.548
2017-01-05,53.77,2.53
2017-01-06,53.98,2.538
2017-01-09,51.95,2.53
2017-01-10,50.82,2.604
2017-01-11,52.19,2.601
2017-01-12,53.01,2.661
2017-01-13,52.36,2.681
2017-01-16,NA,NA
2017-01-17,52.45,2.617
2017-01-18,51.12,2.608
2017-01-19,51.39,2.602
2017-01-20,52.33,2.617
2017-01-23,52.77,2.64
2017-01-24,52.38,2.701
2017-01-25,52.14,2.703
2017-01-26,53.24,2.666
2017-01-27,53.18,2.68
2017-01-30,52.63,2.648
2017-01-31,52.75,2.722
2017-02-01,53.9,2.705
2017-02-02,53.55,2.678
2017-02-03,53.81,2.61
2017-02-06,53.01,2.646
2017-02-07,52.19,2.626
2017-02-08,52.37,2.661
2017-02-09,52.99,2.648
2017-02-10,53.84,2.762
2017-02-13,52.96,2.777
2017-02-14,53.21,2.731
2017-02-15,53.11,2.736
2017-02-16,53.41,2.716
2017-02-17,53.41,2.706
2017-02-20,NA,NA
2017-02-21,54.02,2.746
2017-02-22,53.61,2.733
2017-02-23,54.48,2.643
2017-02-24,53.99,2.68
2017-02-27,54.04,2.688
2017-02-28,54,2.704
2017-03-01,53.82,2.727
2017-03-02,52.63,2.68
2017-03-03,53.33,2.687
2017-03-06,53.19,2.643
2017-03-07,52.68,2.61
2017-03-08,49.83,2.592
2017-03-09,48.75,2.57
2017-03-10,48.05,2.587
2017-03-13,47.95,2.617
2017-03-14,47.24,2.624
2017-03-15,48.34,2.646
2017-03-16,48.3,2.666
2017-03-17,48.34,2.68
2017-03-20,47.79,2.656
2017-03-21,47.02,2.61
2017-03-22,47.29,2.622
2017-03-23,47,2.637
2017-03-24,47.3,2.624
2017-03-27,47.02,2.625
2017-03-28,48.36,2.669
2017-03-29,49.47,2.67
2017-03-30,50.3,2.665
2017-03-31,50.54,2.647
2017-04-03,50.25,2.598
2017-04-04,50.99,2.606
2017-04-05,51.14,2.676
2017-04-06,51.69,2.656
2017-04-07,52.25,2.645
2017-04-10,53.06,2.602
2017-04-11,53.38,2.606
2017-04-12,53.12,2.544
2017-04-13,53.19,2.57
2017-04-17,52.62,2.595
2017-04-18,52.46,2.529
2017-04-19,50.49,2.534
2017-04-20,50.26,2.541
2017-04-21,49.64,2.537
2017-04-24,48.9,2.554
2017-04-25,49.22,2.582
2017-04-26,49.22,2.591
2017-04-27,48.96,2.58
2017-04-28,49.31,2.597
2017-05-01,48.83,2.65
2017-05-02,47.65,2.625
2017-05-03,47.79,2.533
2017-05-04,45.55,2.502
2017-05-05,46.23,2.52
2017-05-08,46.46,2.486
2017-05-09,45.84,2.49
2017-05-10,47.28,2.487
2017-05-11,47.81,2.501
2017-05-12,47.83,2.518
2017-05-15,48.86,2.533
2017-05-16,48.64,2.545
2017-05-17,49.04,2.543
2017-05-18,49.36,2.527
2017-05-19,50.32,2.574
2017-05-22,50.81,2.589
2017-05-23,51.12,2.591
2017-05-24,50.99,2.578
2017-05-25,48.57,2.592
2017-05-26,49.58,2.56
2017-05-29,NA,NA
2017-05-30,49.63,2.561
2017-05-31,48.29,2.577
2017-06-01,48.32,2.585
2017-06-02,47.68,2.572
2017-06-05,47.4,2.555
2017-06-06,48.13,2.545
2017-06-07,45.8,2.549
2017-06-08,45.68,2.607
2017-06-09,45.82,2.646
2017-06-12,46.1,2.613
2017-06-13,46.41,2.593
2017-06-14,44.79,2.571
2017-06-15,44.47,2.564
2017-06-16,44.73,2.563
2017-06-19,44.24,2.59
2017-06-20,43.34,2.555
2017-06-21,42.48,2.602
2017-06-22,42.53,2.598
2017-06-23,42.86,2.623
2017-06-26,43.24,2.625
2017-06-27,44.25,2.647
2017-06-28,44.74,2.662
2017-06-29,44.88,2.683
2017-06-30,46.02,2.699
2017-07-03,NA,2.681
2017-07-04,NA,NA
2017-07-05,45.11,2.649
2017-07-06,45.52,2.652
2017-07-07,44.25,2.638
2017-07-10,44.4,2.64
2017-07-11,45.06,2.665
2017-07-12,45.48,2.677
2017-07-13,46.06,2.655
2017-07-14,46.53,2.684
2017-07-17,46.02,2.717
2017-07-18,46.4,2.724
2017-07-19,47.1,2.703
2017-07-20,46.73,2.709
2017-07-21,45.78,2.715
2017-07-24,46.21,2.729
2017-07-25,47.77,2.841
2017-07-26,48.58,2.869
2017-07-27,49.05,2.874
2017-07-28,49.72,2.871
2017-07-31,50.21,2.888
2017-08-01,49.19,2.879
2017-08-02,49.6,2.883
2017-08-03,49.03,2.877
2017-08-04,49.57,2.885
2017-08-07,49.37,2.908
2017-08-08,49.07,2.943
2017-08-09,49.59,2.93
2017-08-10,48.54,2.906
2017-08-11,48.81,2.914
2017-08-14,47.59,2.907
2017-08-15,47.57,2.885
2017-08-16,46.8,2.955
2017-08-17,47.07,2.938
2017-08-18,48.59,2.941
2017-08-21,47.39,2.981
2017-08-22,47.65,2.987
2017-08-23,48.45,2.981
2017-08-24,47.24,3.034
2017-08-25,47.65,3.033
2017-08-28,46.4,3.065
2017-08-29,46.46,3.081
2017-08-30,45.96,3.065
2017-08-31,47.26,3.079
2017-09-01,47.32,3.098
2017-09-04,NA,NA
2017-09-05,48.63,3.108
2017-09-06,49.13,3.132
2017-09-07,49.1,3.123
2017-09-08,47.44,3.022
2017-09-11,48.06,3.046
2017-09-12,48.21,3.016
2017-09-13,49.3,2.961
2017-09-14,49.86,2.937
2017-09-15,49.9,2.928
2017-09-18,49.88,2.949
2017-09-19,49.54,2.95
2017-09-20,50.29,2.95
2017-09-21,50.58,2.914
2017-09-22,50.33,2.925
2017-09-25,51.85,2.918
2017-09-26,51.59,2.898
2017-09-27,52.14,2.911
2017-09-28,51.62,2.963
2017-09-29,51.67,2.938
2017-10-02,50.59,2.94
2017-10-03,50.44,2.949
2017-10-04,50,2.945
2017-10-05,50.79,3.032
2017-10-06,49.34,3.015
2017-10-09,49.58,3.017
2017-10-10,50.93,3.046
2017-10-11,51.3,3.08
2017-10-12,50.61,3.104
2017-10-13,51.43,3.119
2017-10-16,51.86,3.224
2017-10-17,51.87,3.181
2017-10-18,52.05,3.164
2017-10-19,51.29,3.153
2017-10-20,51.63,3.152
2017-10-23,51.91,3.174
2017-10-24,52.32,3.187
2017-10-25,51.97,3.172
2017-10-26,52.41,3.168
2017-10-27,53.92,3.094
2017-10-30,54.11,3.102
2017-10-31,54.36,3.092
2017-11-01,54.32,3.133
2017-11-02,54.55,3.136
2017-11-03,55.63,3.111
2017-11-06,57.34,3.151
2017-11-07,57.19,3.083
2017-11-08,56.82,3.093
2017-11-09,57.16,3.08
2017-11-10,56.75,3.07
2017-11-13,56.77,3.112
2017-11-14,55.67,3.06
2017-11-15,55.28,3.049
2017-11-16,55.14,3.044
2017-11-17,56.21,3.063
2017-11-20,56.21,3.091
2017-11-21,56.84,3.126
2017-11-22,57.88,3.135
2017-11-23,NA,NA
2017-11-24,58.94,3.166
2017-11-27,58.1,3.133
2017-11-28,57.96,3.071
2017-11-29,57.25,3.04
2017-11-30,57.4,3.037
2017-12-01,58.35,3.066
2017-12-04,57.48,3.063
2017-12-05,57.66,2.921
2017-12-06,55.79,2.937
2017-12-07,56.5,2.941
2017-12-08,57.15,2.955
2017-12-11,57.84,2.988
2017-12-12,57.12,3
2017-12-13,56.59,3.03
2017-12-14,57,3.049
2017-12-15,57.29,3.11
2017-12-18,57.17,3.122
2017-12-19,57.49,3.128
2017-12-20,58.09,3.172
2017-12-21,58.34,3.195
2017-12-22,58.25,3.215
2017-12-26,59.55,3.256
2017-12-27,59.67,3.257
2017-12-28,59.84,3.286
2017-12-29,60.46,3.28
2018-01-02,60.37,3.256
2018-01-03,61.61,3.237
2018-01-04,61.98,3.243
2018-01-05,61.49,3.207
2018-01-08,61.73,3.201
2018-01-09,62.92,3.195
2018-01-10,63.6,3.215
2018-01-11,63.81,3.214
2018-01-12,64.22,3.2
2018-01-15,NA,NA
2018-01-16,63.82,3.199
2018-01-17,63.92,3.167
2018-01-18,63.96,3.177
2018-01-19,63.38,3.167
2018-01-22,63.66,3.178
2018-01-23,64.45,3.09
2018-01-24,65.69,3.209
2018-01-25,65.62,3.199
2018-01-26,66.27,3.183
2018-01-29,65.71,3.178
2018-01-30,64.64,3.177
2018-01-31,64.82,3.184
2018-02-01,65.92,3.197
2018-02-02,65.5,3.177
2018-02-05,64.18,3.211
2018-02-06,63.48,3.178
2018-02-07,61.91,3.077
2018-02-08,61.3,3.072
2018-02-09,59.2,3.025
2018-02-12,59.41,3.078
2018-02-13,59.33,3.155
2018-02-14,60.7,3.229
2018-02-15,61.48,3.239
2018-02-16,61.89,3.243
2018-02-19,NA,NA
2018-02-20,61.91,3.186
2018-02-21,61.73,3.212
2018-02-22,62.72,3.238
2018-02-23,63.52,3.209
2018-02-26,63.81,3.196
2018-02-27,62.94,3.158
2018-02-28,61.43,3.108
2018-03-01,60.98,3.1
2018-03-02,61.19,3.101
2018-03-05,62.49,3.106
2018-03-06,62.54,3.137
2018-03-07,61.09,3.114
2018-03-08,60.13,3.059
2018-03-09,62.02,3.116
2018-03-12,61.35,3.104
2018-03-13,60.69,3.119
2018-03-14,60.89,3.14
2018-03-15,61.16,3.111
2018-03-16,62.29,3.093
2018-03-19,62.01,3.07
2018-03-20,63.37,3.026
2018-03-21,65.1,3.049
2018-03-22,64.25,3.012
2018-03-23,65.8,2.985
2018-03-26,65.49,2.961
2018-03-27,65.21,2.992
2018-03-28,64.3,2.994
2018-03-29,64.87,3.019
2018-04-02,63.05,3.041
2018-04-03,63.41,3.058
2018-04-04,63.35,3.007
2018-04-05,63.53,3.07
2018-04-06,62.03,3.054
2018-04-09,63.4,3.072
2018-04-10,65.48,3.131
2018-04-11,66.81,3.112
2018-04-12,67.07,3.06
2018-04-13,67.35,3.068
2018-04-16,66.23,3.092
2018-04-17,66.5,3.075
2018-04-18,68.44,3.154
2018-04-19,68.3,3.128
2018-04-20,68.26,3.132
2018-04-23,67.61,3.108
2018-04-24,67.66,3.139
2018-04-25,68,3.132
2018-04-26,68.18,3.113
2018-04-27,68.11,3.046
2018-04-30,68.56,3.053
2018-05-01,67.28,3.015
2018-05-02,67.91,3.048
2018-05-03,68.45,3.059
2018-05-04,69.71,3.066
2018-05-07,70.74,3.06
2018-05-08,68.83,3.041
2018-05-09,71.16,3.04
2018-05-10,71.36,3.093
2018-05-11,70.69,3.095
2018-05-14,71.01,3.079
2018-05-15,71.34,3.043
2018-05-16,71.43,3.059
2018-05-17,71.47,3.077
2018-05-18,71.23,3.051
2018-05-21,72.26,3.086
2018-05-22,72.09,3.119
2018-05-23,71.85,3.061
2018-05-24,70.77,3.086
2018-05-25,67.92,3.067
2018-05-29,66.8,3.052
2018-05-30,68.24,3.06
2018-05-31,66.98,3.058
2018-06-01,65.81,3.092
2018-06-04,64.76,3.127
2018-06-05,65.51,3.191
2018-06-06,64.75,3.255
2018-06-07,65.96,3.268
2018-06-08,65.77,3.293
2018-06-11,66.1,3.251
2018-06-12,66.38,3.243
2018-06-13,66.63,3.248
2018-06-14,66.91,3.217
2018-06-15,65.01,3.141
2018-06-18,65.91,3.104
2018-06-19,65.09,3.047
2018-06-20,65.92,3.047
2018-06-21,65.68,3.025
2018-06-22,69.02,3.033
2018-06-25,69.91,2.992
2018-06-26,75.23,2.997
2018-06-27,77.41,2.99
2018-06-28,73.45,2.954
2018-06-29,74.13,2.951
2018-07-02,73.89,2.932
2018-07-03,74.19,2.906
2018-07-04,NA,NA
2018-07-05,73.05,2.814
2018-07-06,73.78,2.813
2018-07-09,73.93,2.839
2018-07-10,74.11,2.829
2018-07-11,70.47,2.734
2018-07-12,70.28,2.768
2018-07-13,71.03,2.77
2018-07-16,68.22,2.757
2018-07-17,68.03,2.74
2018-07-18,68.78,2.752
2018-07-19,69.42,2.686
2018-07-20,70.31,2.746
2018-07-23,67.9,2.737
2018-07-24,70.77,2.8
2018-07-25,71.13,2.806
2018-07-26,71.59,2.804
2018-07-27,68.66,2.788
2018-07-30,71.19,2.779
2018-07-31,69.88,2.819
2018-08-01,68.8,2.735
2018-08-02,68.95,2.727
2018-08-03,68.49,2.754
2018-08-06,69.01,2.721
2018-08-07,69.17,2.741
2018-08-08,66.92,2.741
2018-08-09,66.81,2.756
2018-08-10,67.61,2.733
2018-08-13,67.25,2.722
2018-08-14,67.04,2.676
2018-08-15,65.07,2.557
2018-08-16,65.44,2.614
2018-08-17,65.93,2.625
2018-08-20,66.5,2.664
2018-08-21,67.32,2.69
2018-08-22,67.85,2.669
2018-08-23,69.13,2.653
2018-08-24,69.71,2.699
2018-08-27,69.97,2.705
2018-08-28,68.54,2.734
2018-08-29,69.68,2.709
2018-08-30,70.25,2.691
2018-08-31,69.84,2.649
2018-09-03,NA,NA
2018-09-04,69.82,2.584
2018-09-05,68.69,2.593
2018-09-06,67.81,2.619
2018-09-07,67.73,2.604
2018-09-10,67.55,2.611
2018-09-11,69.29,2.604
2018-09-12,70.37,2.659
2018-09-13,68.6,2.665
2018-09-14,68.98,2.628
2018-09-17,68.86,2.634
2018-09-18,69.87,2.712
2018-09-19,71.08,2.71
2018-09-20,70.77,2.721
2018-09-21,70.8,2.837
2018-09-24,73.23,2.816
2018-09-25,73.4,2.804
2018-09-26,72.22,2.807
2018-09-27,72.18,2.765
2018-09-28,73.16,2.787
2018-10-01,75.37,2.774
2018-10-02,75.16,2.795
2018-10-03,76.4,2.823
2018-10-04,74.44,2.765
2018-10-05,74.26,2.751
2018-10-08,74.27,2.755
2018-10-09,74.95,2.795
2018-10-10,73.18,2.769
2018-10-11,70.97,2.797
2018-10-12,71.41,2.793
2018-10-15,71.84,2.781
2018-10-16,71.93,2.771
2018-10-17,69.63,2.767
2018-10-18,68.63,2.738
2018-10-19,69.16,2.768
2018-10-22,69.25,2.774
2018-10-23,66.49,2.747
2018-10-24,66.56,2.747
2018-10-25,67.25,2.749
2018-10-26,67.58,2.744
2018-10-29,67,2.739
2018-10-30,66.18,2.663
2018-10-31,65.31,2.664
2018-11-01,63.67,2.722
2018-11-02,63.12,2.803
2018-11-05,63.12,2.756
2018-11-06,62.16,2.731
2018-11-07,61.69,2.753
2018-11-08,60.71,2.737
2018-11-09,60.19,2.687
2018-11-12,59.85,2.678
2018-11-13,55.63,2.687
2018-11-14,56.16,2.71
2018-11-15,56.45,2.749
2018-11-16,56.49,2.804
2018-11-19,57.16,2.805
2018-11-20,53.39,2.767
2018-11-21,54.41,2.795
2018-11-22,NA,NA
2018-11-23,NA,2.771
2018-11-26,51.46,2.759
2018-11-27,51.31,2.711
2018-11-28,50.06,2.796
2018-11-29,51.46,2.778
2018-11-30,50.78,2.778
2018-12-03,52.98,2.8
2018-12-04,53.21,2.749
2018-12-05,52.64,2.768
2018-12-06,51.54,2.741
2018-12-07,52.76,2.758
2018-12-10,51.07,2.719
2018-12-11,51.65,2.766
2018-12-12,51.04,2.769
2018-12-13,52.69,2.763
2018-12-14,51.26,2.761
2018-12-17,49.8,2.753
2018-12-18,46.12,2.671
2018-12-19,47.96,2.722
2018-12-20,45.64,2.702
2018-12-21,45.38,2.679
2018-12-24,NA,2.669
2018-12-26,46.04,2.709
2018-12-27,44.48,2.668
2018-12-28,45.15,2.679
2018-12-31,NA,2.628
2019-01-02,46.31,2.625
2019-01-03,46.92,2.571
2019-01-04,47.76,2.652
2019-01-07,48.27,2.641
2019-01-08,49.58,2.661
2019-01-09,52.19,2.662
2019-01-10,52.42,2.644
2019-01-11,51.44,2.67
2019-01-14,50.31,2.646
2019-01-15,51.8,2.651
2019-01-16,52.08,2.694
2019-01-17,51.83,2.7
2019-01-18,53.6,2.741
2019-01-21,NA,NA
2019-01-22,52.59,2.689
2019-01-23,52.44,2.694
2019-01-24,52.94,2.674
2019-01-25,53.53,2.738
2019-01-28,51.79,2.688
2019-01-29,53.07,2.732
2019-01-30,54.18,2.773
2019-01-31,53.84,2.789
2019-02-01,55.29,2.775
2019-02-04,54.57,2.795
2019-02-05,53.69,2.817
2019-02-06,53.94,2.836
2019-02-07,52.68,2.829
2019-02-08,52.75,2.81
2019-02-11,52.43,2.792
2019-02-12,53.14,2.775
2019-02-13,53.84,2.774
2019-02-14,54.4,2.776
2019-02-15,55.58,2.803
2019-02-18,NA,NA
2019-02-19,56.12,2.882
2019-02-20,56.9,2.93
2019-02-21,56.95,2.903
2019-02-22,57.01,2.961
2019-02-25,55.32,2.95
2019-02-26,55.4,2.944
2019-02-27,56.92,2.959
2019-02-28,57.21,2.95
2019-03-01,55.76,2.934
2019-03-04,56.6,2.911
2019-03-05,56.55,2.936
2019-03-06,56.22,2.919
2019-03-07,56.6,2.912
2019-03-08,55.77,2.894
2019-03-11,56.79,2.9
2019-03-12,56.89,2.928
2019-03-13,58.27,2.934
2019-03-14,58.59,2.889
2019-03-15,58.51,2.904
2019-03-18,59.09,2.904
2019-03-19,59.12,2.92
2019-03-20,60.12,2.916
2019-03-21,59.98,2.9
2019-03-22,58.87,2.836
2019-03-25,58.71,2.85
2019-03-26,59.87,2.851
2019-03-27,59.39,2.858
2019-03-28,59.29,2.869
2019-03-29,60.19,2.936
2019-04-01,61.59,2.921
2019-04-02,62.53,2.904
2019-04-03,62.46,2.947
2019-04-04,62.12,2.909
2019-04-05,63.1,2.893
2019-04-08,64.37,2.93
2019-04-09,64.05,2.932
2019-04-10,64.62,2.923
2019-04-11,63.61,2.886
2019-04-12,63.86,2.946
2019-04-15,63.43,2.934
2019-04-16,64.01,2.931
2019-04-17,63.74,2.976
2019-04-18,64.02,2.928
2019-04-22,65.66,2.907
2019-04-23,66.24,2.899
2019-04-24,65.96,2.918
2019-04-25,65.23,2.878
2019-04-26,63.29,2.97
2019-04-29,63.39,2.895
2019-04-30,63.83,2.902
2019-05-01,63.55,2.803
2019-05-02,61.75,2.784
2019-05-03,61.98,2.825
2019-05-06,62.3,2.837
2019-05-07,61.41,2.794
2019-05-08,62.13,2.786
2019-05-09,61.58,2.784
2019-05-10,61.65,2.785
2019-05-13,60.97,2.73
2019-05-14,61.82,2.735
2019-05-15,62.03,2.754
2019-05-16,62.93,2.759
2019-05-17,62.77,2.748
2019-05-20,63.12,2.736
2019-05-21,63.02,2.724
2019-05-22,61.42,2.686
2019-05-23,57.65,2.687
2019-05-24,58.4,2.707
2019-05-28,58.91,2.704
2019-05-29,58.84,2.673
2019-05-30,56.47,2.661
2019-05-31,53.49,2.646
2019-06-03,53.25,2.656
2019-06-04,53.5,2.674
2019-06-05,51.57,2.627
2019-06-06,52.59,2.654
2019-06-07,53.95,2.631
2019-06-10,53.33,2.664
2019-06-11,53.3,2.676
2019-06-12,51.13,2.659
2019-06-13,52.38,2.661
2019-06-14,52.47,2.635
2019-06-17,51.94,2.651
2019-06-18,53.86,2.707
2019-06-19,53.74,2.685
2019-06-20,56.88,2.716
2019-06-21,57.35,2.706
2019-06-24,57.73,2.706
2019-06-25,57.63,2.736
2019-06-26,59.17,2.711
2019-06-27,59.18,2.713
2019-06-28,58.2,2.706
2019-07-01,58.91,2.68
2019-07-02,56,2.658
2019-07-03,57.06,2.68
2019-07-04,NA,NA
2019-07-05,NA,2.659
2019-07-08,57.35,2.656
2019-07-09,57.57,2.625
2019-07-10,60.28,2.693
2019-07-11,59.93,2.683
2019-07-12,59.99,2.692
2019-07-15,59.3,2.708
2019-07-16,57.44,2.694
2019-07-17,56.5,2.71
2019-07-18,55.08,2.704
2019-07-19,55.42,2.745
2019-07-22,55.87,2.715
2019-07-23,56.58,2.694
2019-07-24,55.9,2.704
2019-07-25,55.88,2.696
2019-07-26,56.04,2.677
2019-07-29,56.85,2.71
2019-07-30,58.04,2.671
2019-07-31,58.53,2.658
2019-08-01,53.64,2.66
2019-08-02,55.67,2.565
2019-08-05,54.63,2.537
2019-08-06,53.6,2.551
2019-08-07,51.14,2.565
2019-08-08,52.6,2.602
2019-08-09,54.41,2.584
2019-08-12,54.98,2.58
2019-08-13,57.05,2.625
2019-08-14,55.16,2.587
2019-08-15,54.51,2.59
2019-08-16,54.83,2.59
2019-08-19,56.24,2.597
2019-08-20,56.18,2.574
2019-08-21,55.65,2.582
2019-08-22,55.33,2.554
2019-08-23,54.08,2.526
2019-08-26,53.54,2.54
2019-08-27,54.99,2.544
2019-08-28,55.76,2.551
2019-08-29,56.67,2.56
2019-08-30,55.07,2.533
2019-09-02,NA,NA
2019-09-03,53.91,2.513
2019-09-04,56.22,2.579
2019-09-05,56.33,2.625
2019-09-06,56.45,2.616
2019-09-09,57.88,2.611
2019-09-10,57.37,2.611
2019-09-11,55.66,2.598
2019-09-12,55.13,2.624
2019-09-13,54.76,2.681
2019-09-16,63.1,2.621
2019-09-17,59.26,2.61
2019-09-18,58.19,2.596
2019-09-19,58.19,2.591
2019-09-20,57.92,2.59
2019-09-23,58.69,2.595
2019-09-24,57.22,2.59
2019-09-25,56.38,2.595
2019-09-26,56.24,2.56
2019-09-27,55.95,2.583
2019-09-30,54.09,2.565
2019-10-01,53.6,2.552
2019-10-02,52.67,2.562
2019-10-03,52.41,2.546
2019-10-04,52.84,2.556
2019-10-07,52.76,2.572
2019-10-08,52.64,2.564
2019-10-09,52.63,2.562
2019-10-10,53.57,2.605
2019-10-11,54.76,2.619
2019-10-14,53.57,2.624
2019-10-15,52.81,2.604
2019-10-16,53.42,2.58
2019-10-17,53.89,2.587
2019-10-18,53.75,2.625
2019-10-21,53.28,2.635
2019-10-22,54.21,2.622
2019-10-23,55.9,2.663
2019-10-24,56.11,2.659
2019-10-25,56.52,2.667
2019-10-28,55.6,2.673
2019-10-29,55.34,2.683
2019-10-30,54.85,2.681
2019-10-31,54.02,2.633
2019-11-01,56.04,2.651
2019-11-04,56.33,2.667
2019-11-05,57.04,2.695
2019-11-06,56.15,2.661
2019-11-07,56.91,2.724
2019-11-08,57.02,2.678
2019-11-11,NA,2.66
2019-11-12,56.67,2.642
2019-11-13,56.88,2.637
2019-11-14,56.57,2.619
2019-11-15,57.54,2.635
2019-11-18,56.82,2.618
2019-11-19,54.93,2.654
2019-11-20,56.71,2.647
2019-11-21,58.36,2.621
2019-11-22,57.68,2.648
2019-11-25,57.79,2.648
2019-11-26,58.25,2.675
2019-11-27,58.12,2.675
2019-11-28,NA,NA
2019-11-29,58.12,2.642
2019-12-02,55.97,2.633
2019-12-03,56.15,2.608
2019-12-04,58.46,2.644
2019-12-05,58.42,2.649
2019-12-06,59.2,2.711
2019-12-09,58.99,2.747
2019-12-10,59.22,2.756
2019-12-11,58.74,2.783
2019-12-12,59.18,2.79
2019-12-13,60.11,2.781
2019-12-16,60.21,2.821
2019-12-17,60.88,2.82
2019-12-18,60.93,2.817
2019-12-19,61.3,2.832
2019-12-20,60.43,2.811
2019-12-23,60.51,2.817
2019-12-24,61.17,2.839
2019-12-26,61.72,2.865
2019-12-27,61.76,2.837
2019-12-30,61.66,2.828
2019-12-31,61.14,2.794
2020-01-02,61.17,2.833
2020-01-03,63,2.799
2020-01-06,63.27,2.801
2020-01-07,62.7,2.804
2020-01-08,59.65,2.819
2020-01-09,59.56,2.811
2020-01-10,59.02,2.819
2020-01-13,58.17,2.862
2020-01-14,58.34,2.876
2020-01-15,57.86,2.87
2020-01-16,58.52,2.852
2020-01-17,58.55,2.85
2020-01-20,NA,NA
2020-01-21,58.25,2.799
2020-01-22,56.76,2.767
2020-01-23,55.51,2.726
2020-01-24,54.09,2.686
2020-01-27,53.09,2.597
2020-01-28,53.33,2.58
2020-01-29,53.29,2.554
2020-01-30,52.19,2.524
2020-01-31,51.58,2.52
2020-02-03,50.06,2.513
2020-02-04,49.59,2.548
2020-02-05,50.87,2.579
2020-02-06,50.94,2.599
2020-02-07,50.34,2.559
2020-02-10,49.59,2.558
2020-02-11,50,2.589
2020-02-12,51.13,2.606
2020-02-13,51.41,2.62
2020-02-14,52.03,2.606
2020-02-17,NA,NA
2020-02-18,52.1,2.61
2020-02-19,53.31,2.613
2020-02-20,53.77,2.595
2020-02-21,53.36,2.618
2020-02-24,51.36,2.593
2020-02-25,49.78,2.597
2020-02-26,48.67,2.577
2020-02-27,47.17,2.572
2020-02-28,44.83,2.546
2020-03-02,46.78,2.601
2020-03-03,47.27,2.58
2020-03-04,46.78,2.593
2020-03-05,45.9,2.583
2020-03-06,41.14,2.573
2020-03-09,31.05,2.524
2020-03-10,34.47,2.534
2020-03-11,33.13,2.512
2020-03-12,31.56,2.481
2020-03-13,31.72,2.474
2020-03-16,28.96,2.399
2020-03-17,26.96,2.316
2020-03-18,20.48,2.161
2020-03-19,25.09,2.2
2020-03-20,19.48,2.191
2020-03-23,23.33,2.12
2020-03-24,21.03,2.198
2020-03-25,20.75,2.234
2020-03-26,16.6,2.208
2020-03-27,15.48,2.197
2020-03-30,14.1,2.162
2020-03-31,20.51,2.24
2020-04-01,20.28,2.192
2020-04-02,25.18,2.233
2020-04-03,28.36,2.21
2020-04-06,26.21,2.235
2020-04-07,23.54,2.289
2020-04-08,24.97,2.278
2020-04-09,22.9,2.278
2020-04-13,22.36,2.321
2020-04-14,20.15,2.347
2020-04-15,19.96,2.313
2020-04-16,19.82,2.305
2020-04-17,18.31,2.354
2020-04-20,-36.98,2.335
2020-04-21,8.91,2.267
2020-04-22,13.64,2.318
2020-04-23,15.06,2.324
2020-04-24,15.99,2.348
2020-04-27,12.17,2.382
2020-04-28,12.4,2.379
2020-04-29,15.04,2.375
2020-04-30,19.23,2.354
2020-05-01,19.72,2.319
2020-05-04,20.47,2.324
2020-05-05,24.56,2.341
2020-05-06,23.88,2.353
2020-05-07,23.68,2.386
2020-05-08,24.73,2.409
2020-05-11,24.02,2.382
2020-05-12,25.76,2.361
2020-05-13,25.37,2.349
2020-05-14,27.4,2.351
2020-05-15,29.44,2.334
2020-05-18,31.83,2.405
2020-05-19,32.3,2.423
2020-05-20,33.56,2.468
2020-05-21,34.3,2.452
2020-05-22,33.49,2.409
2020-05-26,34.7,2.439
2020-05-27,32.8,2.403
2020-05-28,33.67,2.413
2020-05-29,35.57,2.427
2020-06-01,35.49,2.475
2020-06-02,36.88,2.495
2020-06-03,37.33,2.497
2020-06-04,37.42,2.493
2020-06-05,39.49,2.557
2020-06-08,38.17,2.57
2020-06-09,38.98,2.601
2020-06-10,39.54,2.657
2020-06-11,36.43,2.587
2020-06-12,36.24,2.602
2020-06-15,37.07,2.569
2020-06-16,38.26,2.566
2020-06-17,37.91,2.592
2020-06-18,38.79,2.591
2020-06-19,39.72,2.615
2020-06-22,40.6,2.656
2020-06-23,40.4,2.66
2020-06-24,37.91,2.651
2020-06-25,38.66,2.663
2020-06-26,38.53,2.672
2020-06-29,39.67,2.68
2020-06-30,39.27,2.714
2020-07-01,39.88,2.717
2020-07-02,40.57,2.734
2020-07-03,NA,NA
2020-07-06,40.51,2.766
2020-07-07,40.59,2.788
2020-07-08,40.91,2.815
2020-07-09,39.64,2.828
2020-07-10,40.56,2.887
2020-07-13,40.06,2.942
2020-07-14,40.3,2.916
2020-07-15,41.2,2.871
2020-07-16,40.74,2.886
2020-07-17,40.55,2.888
2020-07-20,40.83,2.899
2020-07-21,41.76,2.941
2020-07-22,41.88,2.909
2020-07-23,40.99,2.925
2020-07-24,41.23,2.882
2020-07-27,41.46,2.888
2020-07-28,40.89,2.905
2020-07-29,41.13,2.906
2020-07-30,39.85,2.905
2020-07-31,40.1,2.859
2020-08-03,40.83,2.908
2020-08-04,41.67,2.89
2020-08-05,42.25,2.912
2020-08-06,41.93,2.906
2020-08-07,41.16,2.791
2020-08-10,41.94,2.859
2020-08-11,41.53,2.872
2020-08-12,42.6,2.887
2020-08-13,42.26,2.804
2020-08-14,42.05,2.856
2020-08-17,42.89,2.898
2020-08-18,42.89,2.971
2020-08-19,42.91,3.019
2020-08-20,42.62,2.97
2020-08-21,42.32,2.914
2020-08-24,42.44,2.923
2020-08-25,43.17,2.931
2020-08-26,43.21,2.96
2020-08-27,42.88,2.965
2020-08-28,42.96,2.995
2020-08-31,42.61,3.041
2020-09-01,42.76,3.01
2020-09-02,42.76,3.003
2020-09-03,41.39,2.958
2020-09-04,39.69,3.047
2020-09-07,NA,NA
2020-09-08,36.87,3.013
2020-09-09,38.05,3.04
2020-09-10,37.25,2.987
2020-09-11,37.33,3.034
2020-09-14,37.23,3.067
2020-09-15,38.29,3.063
2020-09-16,40.17,3.058
2020-09-17,40.99,3.067
2020-09-18,41.09,3.114
2020-09-21,39.26,3.03
2020-09-22,39.55,3.059
2020-09-23,39.92,2.994
2020-09-24,40.11,2.969
2020-09-25,40.06,2.973
2020-09-28,40.47,2.99
2020-09-29,39.03,2.984
2020-09-30,40.05,3.029
2020-10-01,38.51,2.864
2020-10-02,36.9,2.979
2020-10-05,39.12,2.965
2020-10-06,40.52,2.966
2020-10-07,39.82,3.035
2020-10-08,41.04,3.042
2020-10-09,40.44,3.08
2020-10-12,39.22,3.061
2020-10-13,40.03,3.043
2020-10-14,40.86,3.048
2020-10-15,40.84,3.083
2020-10-16,40.7,3.065
2020-10-19,40.69,3.081
2020-10-20,41.37,3.144
2020-10-21,39.88,3.195
2020-10-22,40.46,3.15
2020-10-23,39.73,3.126
2020-10-26,38.39,3.089
2020-10-27,39.34,3.09
2020-10-28,37.27,3.057
2020-10-29,35.94,3.052
2020-10-30,35.64,3.044
2020-11-02,36.6,3.074
2020-11-03,37.44,3.087
2020-11-04,38.97,3.101
2020-11-05,38.56,3.105
2020-11-06,36.97,3.149
2020-11-09,40.05,3.152
2020-11-10,41.18,3.151
2020-11-11,41.23,3.129
2020-11-12,40.9,3.143
2020-11-13,39.93,3.176
2020-11-16,41.14,3.22
2020-11-17,41.24,3.197
2020-11-18,41.64,3.198
2020-11-19,41.57,3.204
2020-11-20,41.99,3.294
2020-11-23,42.91,3.26
2020-11-24,44.71,3.3
2020-11-25,45.58,3.312
2020-11-26,NA,NA
2020-11-27,NA,3.4
2020-11-30,45.2,3.421
2020-12-01,44.54,3.468
2020-12-02,45.23,3.475
2020-12-03,45.65,3.479
2020-12-04,46.23,3.514
2020-12-07,45.72,3.509
2020-12-08,45.64,3.494
2020-12-09,45.48,3.508
2020-12-10,46.76,3.571
2020-12-11,46.59,3.524
2020-12-14,47.02,3.522
2020-12-15,47.58,3.538
2020-12-16,47.86,3.554
2020-12-17,48.34,3.597
2020-12-18,49.04,3.629
2020-12-21,47.79,3.573
2020-12-22,47.02,3.518
2020-12-23,47.94,3.552
2020-12-24,48.18,3.56
2020-12-28,47.5,3.57
2020-12-29,47.85,3.553
2020-12-30,48.24,3.543
2020-12-31,48.35,3.514
2021-01-04,47.47,3.553
2021-01-05,49.78,3.641
2021-01-06,50.45,3.65
2021-01-07,50.63,3.696
2021-01-08,52.14,3.674
2021-01-11,52.15,3.564
2021-01-12,53.08,3.605
2021-01-13,52.81,3.617
2021-01-14,53.47,3.668
2021-01-15,52.25,3.603
2021-01-18,NA,NA
2021-01-19,52.87,3.636
2021-01-20,53.16,3.648
2021-01-21,53,3.656
2021-01-22,52.28,3.636
2021-01-25,52.78,3.641
2021-01-26,52.61,3.628
2021-01-27,52.81,3.572
2021-01-28,52.26,3.583
2021-01-29,52.16,3.574
2021-02-01,53.55,3.562
2021-02-02,54.77,3.539
2021-02-03,55.67,3.579
2021-02-04,56.19,3.566
2021-02-05,56.8,3.639
2021-02-08,57.95,3.679
2021-02-09,58.34,3.734
2021-02-10,58.69,3.786
2021-02-11,58.22,3.788
2021-02-12,59.5,3.802
2021-02-15,NA,NA
2021-02-16,60.07,3.848
2021-02-17,61.09,3.836
2021-02-18,60.4,3.917
2021-02-19,59.12,4.09
2021-02-22,61.67,4.153
2021-02-23,61.66,4.188
2021-02-24,63.21,4.301
2021-02-25,63.43,4.266
2021-02-26,61.55,4.095
2021-03-01,60.54,4.12
2021-03-02,59.7,4.232
2021-03-03,61.33,4.153
2021-03-04,63.81,3.991
2021-03-05,66.08,4.087
2021-03-08,65.03,4.104
2021-03-09,64.02,4.02
2021-03-10,64.45,4.042
2021-03-11,66.02,4.143
2021-03-12,65.59,4.146
2021-03-15,65.36,4.147
2021-03-16,64.82,4.079
2021-03-17,64.55,4.128
2021-03-18,59.95,4.117
2021-03-19,61.43,4.124
2021-03-22,61.48,4.149
2021-03-23,57.75,4.088
2021-03-24,61.12,4.072
2021-03-25,58.47,3.985
2021-03-26,60.93,4.079
2021-03-29,61.49,4.043
2021-03-30,60.55,3.983
2021-03-31,59.19,4.003
2021-04-01,61.41,4.004
2021-04-05,58.73,4.149
2021-04-06,59.34,4.127
2021-04-07,59.77,4.064
2021-04-08,59.61,4.104
2021-04-09,59.29,4.051
2021-04-12,59.7,4.03
2021-04-13,60.2,4.043
2021-04-14,63.15,4.14
2021-04-15,63.42,4.231
2021-04-16,63.16,4.18
2021-04-19,63.33,4.25
2021-04-20,62.61,4.224
2021-04-21,61.34,4.287
2021-04-22,61.45,4.281
2021-04-23,62.18,4.343
2021-04-26,62.02,4.448
2021-04-27,63.03,4.743
2021-04-28,63.81,4.537
2021-04-29,65,4.493
2021-04-30,63.5,4.479
2021-05-03,64.46,4.543
2021-05-04,65.72,4.536
2021-05-05,65.63,4.539
2021-05-06,64.73,4.619
2021-05-07,64.96,4.766
2021-05-10,64.92,4.734
2021-05-11,65.31,4.779
2021-05-12,65.96,4.753
2021-05-13,63.82,4.706
2021-05-14,65.32,4.664
2021-05-17,66.24,4.722
2021-05-18,65.49,4.736
2021-05-19,63.28,4.59
2021-05-20,61.95,4.582
2021-05-21,63.61,4.496
2021-05-24,66.13,4.542
2021-05-25,66.27,4.522
2021-05-26,66.41,4.533
2021-05-27,66.87,4.667
2021-05-28,66.31,4.683
2021-06-01,67.8,4.662
2021-06-02,68.79,4.6
2021-06-03,68.81,4.472
2021-06-04,69.57,4.538
2021-06-07,69.21,4.535
2021-06-08,70.11,4.563
2021-06-09,69.9,4.537
2021-06-10,70.34,4.49
2021-06-11,71,4.542
2021-06-14,70.94,4.532
2021-06-15,72.06,4.34
2021-06-16,72.03,4.393
2021-06-17,71.06,4.185
2021-06-18,71.64,4.163
2021-06-21,73.64,4.188
2021-06-22,73.15,4.235
2021-06-23,73.11,4.331
2021-06-24,73.31,4.312
2021-06-25,74.21,4.299
2021-06-28,72.98,4.278
2021-06-29,73.14,4.277
2021-06-30,73.52,4.297
2021-07-01,75.33,4.242
2021-07-02,75.37,4.282
2021-07-05,NA,NA
2021-07-06,73.62,4.258
2021-07-07,72.22,4.329
2021-07-08,72.98,4.272
2021-07-09,74.56,4.353
2021-07-12,74.21,4.323
2021-07-13,75.24,4.315
2021-07-14,73.06,4.277
2021-07-15,71.67,4.333
2021-07-16,71.76,4.333
2021-07-19,66.45,4.211
2021-07-20,67.32,4.274
2021-07-21,70.26,4.283
2021-07-22,72.15,4.348
2021-07-23,72.24,4.407
2021-07-26,72.15,4.589
2021-07-27,71.68,4.546
2021-07-28,72.37,4.479
2021-07-29,73.62,4.52
2021-07-30,73.93,4.481
2021-08-02,71.31,4.432
2021-08-03,70.64,4.383
2021-08-04,68.19,4.33
2021-08-05,69.1,4.346
2021-08-06,68.26,4.346
2021-08-09,66.56,4.287
2021-08-10,68.33,4.352
2021-08-11,69.3,4.364
2021-08-12,69.12,4.356
2021-08-13,68.36,4.387
2021-08-16,67.44,4.322
2021-08-17,66.5,4.2
2021-08-18,65.36,4.116
2021-08-19,63.69,4.039
2021-08-20,62.25,4.135
2021-08-23,65.65,4.235
2021-08-24,67.5,4.255
2021-08-25,68.54,4.265
2021-08-26,67.42,4.246
2021-08-27,68.84,4.317
2021-08-30,69.28,4.361
2021-08-31,68.43,4.36
2021-09-01,68.63,4.263
2021-09-02,70.07,4.29
2021-09-03,69.34,4.326
2021-09-06,NA,NA
2021-09-07,68.49,4.278
2021-09-08,69.36,4.232
2021-09-09,68.26,4.284
2021-09-10,69.82,4.448
2021-09-13,70.54,4.364
2021-09-14,70.53,4.318
2021-09-15,72.59,4.404
2021-09-16,72.69,4.279
2021-09-17,72.09,4.246
2021-09-20,70.41,4.117
2021-09-21,70.51,4.128
2021-09-22,72.37,4.253
2021-09-23,73.43,4.231
2021-09-24,74.18,4.288
2021-09-27,75.54,4.294
2021-09-28,75.44,4.245
2021-09-29,75.06,4.2
2021-09-30,75.22,4.09
2021-10-01,76.01,4.194
2021-10-04,77.68,4.247
2021-10-05,79.17,4.202
2021-10-06,77.66,4.157
2021-10-07,78.46,4.251
2021-10-08,79.55,4.283
2021-10-11,80.64,4.375
2021-10-12,80.75,4.329
2021-10-13,80.67,4.521
2021-10-14,81.43,4.632
2021-10-15,82.39,4.734
2021-10-18,82.62,4.731
2021-10-19,83.19,4.714
2021-10-20,84.4,4.756
2021-10-21,82.64,4.587
2021-10-22,84.53,4.526
2021-10-25,84.64,4.552
2021-10-26,85.64,4.487
2021-10-27,82.66,4.387
2021-10-28,82.78,4.438
2021-10-29,83.5,4.376
2021-11-01,84.08,4.402
2021-11-02,83.91,4.374
2021-11-03,80.82,4.326
2021-11-04,78.88,4.326
2021-11-05,81.25,4.349
2021-11-08,81.96,4.405
2021-11-09,84.12,4.38
2021-11-10,81.23,4.328
2021-11-11,81.47,4.405
2021-11-12,80.87,4.456
2021-11-15,80.85,4.407
2021-11-16,80.76,4.359
2021-11-17,78.32,4.273
2021-11-18,78.92,4.31
2021-11-19,76.11,4.409
2021-11-22,76.74,4.396
2021-11-23,78.32,4.424
2021-11-24,78.32,4.458
2021-11-25,NA,NA
2021-11-26,NA,4.282
2021-11-29,69.88,4.337
2021-11-30,66.14,4.278
2021-12-01,65.44,4.248
2021-12-02,66.6,4.299
2021-12-03,66.39,4.267
2021-12-06,69.62,4.337
2021-12-07,71.94,4.338
2021-12-08,72.43,4.391
2021-12-09,70.87,4.33
2021-12-10,71.71,4.283
2021-12-13,71.19,4.28
2021-12-14,70.57,4.254
2021-12-15,70.89,4.18
2021-12-16,72.34,4.301
2021-12-17,70.93,4.291
2021-12-20,68.69,4.288
2021-12-21,71.1,4.338
2021-12-22,72.82,4.39
2021-12-23,73.89,4.387
2021-12-24,NA,NA
2021-12-27,75.49,4.465
2021-12-28,76.01,4.42
2021-12-29,76.58,4.402
2021-12-30,76.83,4.385
2021-12-31,75.33,4.455
2022-01-03,75.99,4.415
2022-01-04,77,4.466
2022-01-05,77.83,4.405
2022-01-06,79.47,4.348
2022-01-07,79,4.403
2022-01-10,78.11,4.345
2022-01-11,81.17,4.421
2022-01-12,82.51,4.564
2022-01-13,81.97,4.534
2022-01-14,83.82,4.412
2022-01-17,NA,NA
2022-01-18,85.42,4.376
2022-01-19,86.84,4.463
2022-01-20,86.29,4.577
2022-01-21,85.16,4.513
2022-01-24,84.48,4.403
2022-01-25,86.61,4.443
2022-01-26,88.33,4.505
2022-01-27,87.61,4.413
2022-01-28,87.67,4.303
2022-01-31,89.16,4.318
2022-02-01,88.22,4.429
2022-02-02,88.16,4.491
2022-02-03,90.17,4.467
2022-02-04,92.27,4.484
2022-02-07,91.25,4.462
2022-02-08,89.32,4.46
2022-02-09,89.57,4.601
2022-02-10,89.83,4.658
2022-02-11,93.1,4.505
2022-02-14,95.52,4.508
2022-02-15,92.07,4.532
2022-02-16,93.83,4.541
2022-02-17,91.78,4.525
2022-02-18,91.26,4.52
2022-02-21,NA,NA
2022-02-22,92.11,4.51
2022-02-23,92.14,4.482
2022-02-24,92.77,4.454
2022-02-25,91.68,4.472
2022-02-28,96.13,4.445
2022-03-01,103.66,4.587
2022-03-02,110.74,4.656
2022-03-03,107.69,4.772
2022-03-04,115.77,4.929
2022-03-07,119.26,4.722
2022-03-08,123.64,4.701
2022-03-09,108.81,4.564
2022-03-10,105.93,4.644
2022-03-11,109.31,4.616
2022-03-14,103.22,4.513
2022-03-15,96.42,4.502
2022-03-16,94.85,4.588
2022-03-17,102.97,4.691
2022-03-18,104.69,4.731
2022-03-21,112.14,4.702
2022-03-22,111.03,4.689
2022-03-23,114.89,4.763
2022-03-24,114.2,4.729
2022-03-25,116.2,4.686
2022-03-28,107.55,4.714
2022-03-29,104.25,4.717
2022-03-30,107.81,4.74
2022-03-31,100.53,4.743
2022-04-01,99.32,4.683
2022-04-04,103.29,4.777
2022-04-05,101.98,4.791
2022-04-06,96.39,4.734
2022-04-07,96.05,4.695
2022-04-08,98.35,4.72
2022-04-11,94.22,4.629
2022-04-12,100.52,4.704
2022-04-13,104.26,4.707
2022-04-14,106.84,4.717
2022-04-18,108.24,4.796
2022-04-19,102.54,4.714
2022-04-20,102.56,4.65
2022-04-21,103.89,4.704
2022-04-22,102.86,4.583
2022-04-25,99.6,4.449
2022-04-26,102.62,4.44
2022-04-27,101.96,4.455
2022-04-28,105.47,4.414
2022-04-29,104.59,4.395
2022-05-02,105.18,4.256
2022-05-03,102.53,4.271
2022-05-04,107.84,4.329
2022-05-05,108.17,4.285
2022-05-06,109.72,4.262
2022-05-09,103.08,4.193
2022-05-10,99.74,4.155
2022-05-11,105.5,4.213
2022-05-12,106.15,4.105
2022-05-13,110.52,4.181
2022-05-16,114.07,4.197
2022-05-17,112.31,4.24
2022-05-18,109.67,4.182
2022-05-19,112.21,4.285
2022-05-20,112.63,4.281
2022-05-23,110.32,4.348
2022-05-24,112.55,4.326
2022-05-25,112.88,4.277
2022-05-26,116.19,4.255
2022-05-27,114.96,4.304
2022-05-30,NA,NA
2022-05-31,114.38,4.295
2022-06-01,115.26,4.33
2022-06-02,116.88,4.554
2022-06-03,118.97,4.478
2022-06-06,118.41,4.44
2022-06-07,119.55,4.44
2022-06-08,121.94,4.459
2022-06-09,121.52,4.389
2022-06-10,120.73,4.301
2022-06-13,120.92,4.217
2022-06-14,118.92,4.162
2022-06-15,115.32,4.168
2022-06-16,117.56,4.112
2022-06-17,109.56,4.018
2022-06-20,NA,NA
2022-06-21,110.49,4.043
2022-06-22,106.22,3.952
2022-06-23,105.75,3.759
2022-06-24,109.07,3.76
2022-06-27,111.44,3.779
2022-06-28,113.66,3.784
2022-06-29,111.65,3.779
2022-06-30,107.76,3.715
2022-07-01,110.3,3.619
2022-07-04,NA,NA
2022-07-05,101.55,3.425
2022-07-06,100.31,3.418
2022-07-07,104.62,3.582
2022-07-08,106.78,3.532
2022-07-11,106.09,3.438
2022-07-12,97.69,3.297
2022-07-13,98.44,3.326
2022-07-14,97.79,3.211
2022-07-15,99.59,3.235
2022-07-18,104.48,3.348
2022-07-19,106.12,3.292
2022-07-20,104.45,3.33
2022-07-21,98.44,3.302
2022-07-22,97.71,3.349
2022-07-25,99.83,3.351
2022-07-26,97.74,3.383
2022-07-27,100.03,3.43
2022-07-28,99.11,3.475
2022-07-29,101.31,3.584
2022-08-01,96.59,3.552
2022-08-02,97.14,3.525
2022-08-03,93.25,3.47
2022-08-04,91.29,3.483
2022-08-05,91.77,3.553
2022-08-08,93.52,3.588
2022-08-09,93.18,3.593
2022-08-10,94.68,3.656
2022-08-11,97.02,3.711
2022-08-12,94.86,3.676
2022-08-15,92.24,3.629
2022-08-16,89.23,3.637
2022-08-17,90.85,3.598
2022-08-18,93.2,3.647
2022-08-19,93.55,3.684
2022-08-22,93.42,3.671
2022-08-23,96.46,3.705
2022-08-24,95.52,3.661
2022-08-25,93.33,3.711
2022-08-26,93.63,3.712
2022-08-29,97.4,3.627
2022-08-30,92.08,3.545
2022-08-31,90.09,3.519
2022-09-01,87.09,3.415
2022-09-02,87.29,3.422
2022-09-05,NA,NA
2022-09-06,87.35,3.469
2022-09-07,82.5,3.438
2022-09-08,84.04,3.536
2022-09-09,87.27,3.581
2022-09-12,88.18,3.626
2022-09-13,87.84,3.581
2022-09-14,88.88,3.546
2022-09-15,85.72,3.524
2022-09-16,85.57,3.561
2022-09-19,86.15,3.558
2022-09-20,84.69,3.548
2022-09-21,83.38,3.512
2022-09-22,84.02,3.499
2022-09-23,79.07,3.372
2022-09-26,77.17,3.314
2022-09-27,78.91,3.323
2022-09-28,82.61,3.382
2022-09-29,81.78,3.44
2022-09-30,79.91,3.442
2022-10-03,84.05,3.458
2022-10-04,86.87,3.518
2022-10-05,88.22,3.533
2022-10-06,88.9,3.475
2022-10-07,93.07,3.413
2022-10-10,91.6,3.454
2022-10-11,89.75,3.478
2022-10-12,87.83,3.445
2022-10-13,89.59,3.468
2022-10-14,86.1,3.451
2022-10-17,86,3.456
2022-10-18,83.29,3.407
2022-10-19,86,3.361
2022-10-20,86.02,3.451
2022-10-21,85.47,3.523
2022-10-24,86.12,3.48
2022-10-25,86.93,3.451
2022-10-26,89.39,3.63
2022-10-27,89.06,3.626
2022-10-28,87.85,3.466
2022-10-31,86.54,3.414
2022-11-01,88.36,3.51
2022-11-02,90.06,3.506
2022-11-03,88.14,3.457
2022-11-04,92.58,3.715
2022-11-07,91.8,3.63
2022-11-08,88.8,3.706
2022-11-09,85.79,3.742
2022-11-10,86.52,3.796
2022-11-11,89.14,3.951
2022-11-14,85.85,3.855
2022-11-15,86.87,3.84
2022-11-16,85.62,3.788
2022-11-17,81.69,3.69
2022-11-18,80.07,3.632
2022-11-21,79.74,3.572
2022-11-22,80.83,3.615
2022-11-23,77.93,3.618
2022-11-24,NA,NA
2022-11-25,76.45,3.627
2022-11-28,77.1,3.611
2022-11-29,77.96,3.63
2022-11-30,80.48,3.73
2022-12-01,81.06,3.814
2022-12-02,79.86,3.848
2022-12-05,76.83,3.79
2022-12-06,74.21,3.812
2022-12-07,71.93,3.856
2022-12-08,71.3,3.881
2022-12-09,71.05,3.876
2022-12-12,72.96,3.799
2022-12-13,75.44,3.84
2022-12-14,77.14,3.875
2022-12-15,75.89,3.763
2022-12-16,74.19,3.762
2022-12-19,75.05,3.783
2022-12-20,75.92,3.798
2022-12-21,78.17,3.806
2022-12-22,77.68,3.752
2022-12-23,79.57,3.803
2022-12-27,79.45,3.834
2022-12-28,78.89,3.832
2022-12-29,78.43,3.821
2022-12-30,80.16,3.806
2023-01-03,76.87,3.766
2023-01-04,72.82,3.74
2023-01-05,73.61,3.818
2023-01-06,73.77,3.909
2023-01-09,74.69,4.019
2023-01-10,75.11,4.067
2023-01-11,77.46,4.155
2023-01-12,78.32,4.186
2023-01-13,79.9,4.208
2023-01-16,NA,NA
2023-01-17,80.25,4.215
2023-01-18,79.53,4.229
2023-01-19,80.31,4.227
2023-01-20,81.27,4.249
2023-01-23,81.62,4.254
2023-01-24,79.86,4.246
2023-01-25,79.78,4.24
2023-01-26,80.64,4.267
2023-01-27,79.73,4.224
2023-01-30,77.97,4.204
2023-01-31,78.95,4.229
2023-02-01,76.34,4.111
2023-02-02,75.87,4.094
2023-02-03,73.4,4.063
2023-02-06,74.11,4.044
2023-02-07,77.17,4.089
2023-02-08,78.47,4.044
2023-02-09,78.04,4.106
2023-02-10,79.74,4.028
2023-02-13,80.14,4.087
2023-02-14,79.08,4.11
2023-02-15,78.57,4.052
2023-02-16,78.45,4.166
2023-02-17,76.31,4.114
2023-02-20,NA,NA
2023-02-21,76.28,4.235
2023-02-22,73.95,4.203
2023-02-23,75.26,4.073
2023-02-24,76.19,3.955
2023-02-27,75.57,4.009
2023-02-28,76.88,4.098
2023-03-01,77.57,4.168
2023-03-02,78.05,4.084
2023-03-03,79.62,4.078
2023-03-06,80.39,4.101
2023-03-07,77.45,3.987
2023-03-08,76.56,4.042
2023-03-09,75.6,4.055
2023-03-10,76.55,4.046
2023-03-13,74.68,4.07
2023-03-14,71.18,4.011
2023-03-15,67.38,3.857
2023-03-16,68.15,3.886
2023-03-17,66.61,3.914
2023-03-20,67.56,3.976
2023-03-21,69.4,4.019
2023-03-22,70.71,4.069
2023-03-23,69.77,4.146
2023-03-24,69.22,4.102
2023-03-27,72.87,4.105
2023-03-28,73.12,4.112
2023-03-29,72.95,4.115
2023-03-30,74.32,4.091
2023-03-31,75.68,4.105
2023-04-03,80.4,4.06
2023-04-04,80.7,3.984
2023-04-05,80.69,3.998
2023-04-06,80.7,4.026
2023-04-10,79.79,3.987
2023-04-11,81.54,4.025
2023-04-12,83.26,4.085
2023-04-13,82.16,4.124
2023-04-14,82.58,4.108
2023-04-17,80.93,4.066
2023-04-18,80.85,4.09
2023-04-19,79.18,4.072
2023-04-20,77.27,4.022
2023-04-21,77.86,3.98
2023-04-24,78.64,3.953
2023-04-25,77.05,3.846
2023-04-26,74.33,3.85
2023-04-27,74.77,3.865
2023-04-28,76.78,3.87
2023-05-01,75.65,3.917
2023-05-02,71.71,3.848
2023-05-03,68.62,3.832
2023-05-04,68.52,3.85
2023-05-05,71.32,3.872
2023-05-08,73.13,3.918
2023-05-09,73.68,3.889
2023-05-10,72.53,3.828
2023-05-11,70.81,3.698
2023-05-12,70.02,3.717
2023-05-15,71.07,3.738
2023-05-16,70.85,3.655
2023-05-17,72.78,3.743
2023-05-18,71.82,3.682
2023-05-19,71.57,3.723
2023-05-22,71.81,3.674
2023-05-23,72.87,3.642
2023-05-24,74.37,3.554
2023-05-25,71.68,3.581
2023-05-26,72.35,3.674
2023-05-30,69.45,3.658
2023-05-31,68.11,3.631
2023-06-01,70.09,3.707
2023-06-02,71.76,3.723
2023-06-05,72.14,3.763
2023-06-06,71.71,3.767
2023-06-07,72.52,3.755
2023-06-08,71.28,3.797
2023-06-09,70.16,3.789
2023-06-12,67.08,3.751
2023-06-13,69.39,3.829
2023-06-14,68.22,3.866
2023-06-15,70.61,3.897
2023-06-16,71.81,3.885
2023-06-19,NA,NA
2023-06-20,70.94,3.879
2023-06-21,72.55,3.911
2023-06-22,69.22,3.889
2023-06-23,68.91,3.806
2023-06-26,69.09,3.787
2023-06-27,67.68,3.782
2023-06-28,69.54,3.721
2023-06-29,69.85,3.678
2023-06-30,70.66,3.741
2023-07-03,69.71,3.779
2023-07-04,NA,NA
2023-07-05,71.78,3.754
2023-07-06,71.76,3.72
2023-07-07,73.91,3.767
2023-07-10,73.05,3.772
2023-07-11,74.87,3.754
2023-07-12,75.77,3.842
2023-07-13,76.86,3.93
2023-07-14,75.44,3.922
2023-07-17,74.17,3.832
2023-07-18,75.76,3.816
2023-07-19,75.4,3.8
2023-07-20,75.65,3.818
2023-07-21,77.06,3.803
2023-07-24,78.81,3.841
2023-07-25,79.76,3.902
2023-07-26,79.11,3.891
2023-07-27,80.17,3.864
2023-07-28,80.55,3.917
2023-07-31,81.8,3.995
2023-08-01,81.37,3.894
2023-08-02,79.5,3.828
2023-08-03,81.56,3.876
2023-08-04,82.76,3.845
2023-08-07,81.94,3.813
2023-08-08,82.94,3.748
2023-08-09,84.35,3.768
2023-08-10,82.81,3.751
2023-08-11,83.17,3.715
2023-08-14,82.5,3.725
2023-08-15,81.06,3.662
2023-08-16,79.4,3.652
2023-08-17,80.43,3.686
2023-08-18,81.25,3.699
2023-08-21,80.71,3.712
2023-08-22,80.25,3.751
2023-08-23,78.91,3.804
2023-08-24,79.52,3.768
2023-08-25,80.47,3.76
2023-08-28,80.65,3.754
2023-08-29,81.14,3.793
2023-08-30,81.64,3.785
2023-08-31,83.55,3.773
2023-09-01,85.52,3.813
2023-09-04,NA,NA
2023-09-05,86.74,3.811
2023-09-06,87.55,3.749
2023-09-07,86.87,3.726
2023-09-08,87.51,3.681
2023-09-11,87.3,3.77
2023-09-12,88.87,3.752
2023-09-13,88.59,3.756
2023-09-14,90.13,3.783
2023-09-15,90.83,3.764
2023-09-18,91.47,3.742
2023-09-19,91.16,3.714
2023-09-20,89.2,3.747
2023-09-21,89.56,3.667
2023-09-22,90,3.666
2023-09-25,89.68,3.65
2023-09-26,91.43,3.625
2023-09-27,93.67,3.627
2023-09-28,91.65,3.695
2023-09-29,90.77,3.726
2023-10-02,88.81,3.632
2023-10-03,89.26,3.616
2023-10-04,84.32,3.584
2023-10-05,82.3,3.547
2023-10-06,82.83,3.625
2023-10-09,NA,3.643
2023-10-10,85.89,3.632
2023-10-11,83.7,3.614
2023-10-12,82.87,3.594
2023-10-13,87.67,3.58
2023-10-16,86.65,3.587
2023-10-17,86.66,3.576
2023-10-18,88.35,3.582
2023-10-19,89.35,3.592
2023-10-20,89.12,3.542
2023-10-23,85.49,3.573
2023-10-24,84.58,3.61
2023-10-25,86.07,3.572
2023-10-26,83.8,3.569
2023-10-27,86.04,3.634
2023-10-30,83.03,3.65
2023-10-31,81.64,3.642
2023-11-01,81.05,3.645
2023-11-02,83.04,3.667
2023-11-03,81.19,3.675
2023-11-06,81.54,3.71
2023-11-07,77.96,3.67
2023-11-08,75.85,3.628
2023-11-09,76.34,3.635
2023-11-10,NA,3.584
2023-11-13,78.86,3.663
2023-11-14,78.9,3.683
2023-11-15,77.15,3.718
2023-11-16,73.5,3.705
2023-11-17,76.47,3.738
2023-11-20,78.1,3.813
2023-11-21,78.35,3.815
2023-11-22,76.8,3.767
2023-11-23,NA,NA
2023-11-24,74.83,3.797
2023-11-27,74.46,3.763
2023-11-28,76.09,3.801
2023-11-29,77.56,3.786
2023-11-30,75.66,3.829
2023-12-01,73.7,3.909
2023-12-04,72.73,3.821
2023-12-05,71.95,3.773
2023-12-06,68.98,3.717
2023-12-07,69,3.785
2023-12-08,70.87,3.82
2023-12-11,70.95,3.78
2023-12-12,68.27,3.786
2023-12-13,69.09,3.786
2023-12-14,71.21,3.889
2023-12-15,71.05,3.885
2023-12-18,72.16,3.848
2023-12-19,73.23,3.896
2023-12-20,73.87,3.902
2023-12-21,73.59,3.909
2023-12-22,73.29,3.896
2023-12-26,75.84,3.896
2023-12-27,74.31,3.944
2023-12-28,72.02,3.913
2023-12-29,71.89,3.881
2024-01-02,70.62,3.869
2024-01-03,72.97,3.848
2024-01-04,72.38,3.831
2024-01-05,74,3.795
2024-01-08,71.06,3.8
2024-01-09,72.43,3.749
2024-01-10,71.57,3.781
2024-01-11,72.15,3.777
2024-01-12,72.94,3.74
2024-01-15,NA,NA
2024-01-16,72.63,3.767
2024-01-17,72.79,3.733
2024-01-18,74.32,3.745
2024-01-19,73.69,3.787
2024-01-22,75.26,3.764
2024-01-23,74.72,3.791
2024-01-24,75.48,3.883
2024-01-25,77.91,3.866
2024-01-26,78.45,3.851
2024-01-29,77.25,3.873
2024-01-30,78.3,3.907
2024-01-31,76.28,3.903
2024-02-01,74.36,3.853
2024-02-02,72.72,3.822
2024-02-05,73.21,3.772
2024-02-06,73.83,3.783
2024-02-07,74.26,3.738
2024-02-08,76.67,3.706
2024-02-09,77.26,3.686
2024-02-12,77.34,3.729
2024-02-13,78.28,3.714
2024-02-14,77.09,3.701
2024-02-15,78.47,3.757
2024-02-16,79.65,3.838
2024-02-19,NA,NA
2024-02-20,78.72,3.867
2024-02-21,78.89,3.875
2024-02-22,79.64,3.898
2024-02-23,77.6,3.882
2024-02-26,78.53,3.824
2024-02-27,79.8,3.831
2024-02-28,79.44,3.828
2024-02-29,79.22,3.835
2024-03-01,80.9,3.855
2024-03-04,79.67,3.852
