"date","price_tin_LME"
2024-08-21,32535
2024-08-20,32650
2024-08-19,32410
2024-08-16,31560
2024-08-15,31750
2024-08-14,31410
2024-08-13,31360
2024-08-12,32010
2024-08-09,31900
2024-08-08,30125
2024-08-07,29800
2024-08-06,29400
2024-08-05,28900
2024-08-02,30200
2024-08-01,29635
2024-07-31,29610
2024-07-30,28405
2024-07-29,29155
2024-07-26,29410
2024-07-25,29080
2024-07-24,30050
2024-07-23,29050
2024-07-22,30200
2024-07-19,30695
2024-07-18,31700
2024-07-17,33300
2024-07-16,32950
2024-07-15,33600
2024-07-12,33950
2024-07-11,35600
2024-07-10,34900
2024-07-09,34325
2024-07-08,34450
2024-07-05,33595
2024-07-04,33225
2024-07-03,33100
2024-07-02,32900
2024-07-01,32840
2024-06-28,33000
2024-06-27,32085
2024-06-26,31560
2024-06-25,32645
2024-06-24,32595
2024-06-21,32650
2024-06-20,32575
2024-06-19,32150
2024-06-18,31775
2024-06-17,31800
2024-06-14,32410
2024-06-13,33150
2024-06-12,32750
2024-06-11,31750
2024-06-10,31700
2024-06-07,32105
2024-06-06,31900
2024-06-05,31375
2024-06-04,32000
2024-06-03,32600
2024-05-31,33300
2024-05-30,33150
2024-05-29,33955
2024-05-28,33950
2024-05-24,33725
2024-05-23,33125
2024-05-22,33350
2024-05-21,34105
2024-05-20,34575
2024-05-17,34190
2024-05-16,33625
2024-05-15,34100
2024-05-14,33300
2024-05-13,32675
2024-05-10,32895
2024-05-09,32400
2024-05-08,32650
2024-05-07,32575
2024-05-03,32050
2024-05-02,31375
2024-05-01,31150
2024-04-30,32300
2024-04-29,32675
2024-04-26,33125
2024-04-25,32450
2024-04-24,32085
2024-04-23,32600
2024-04-22,35250
2024-04-19,35685
2024-04-18,34025
2024-04-17,32640
2024-04-16,32200
2024-04-15,32950
2024-04-12,32975
2024-04-11,31850
2024-04-10,32925
2024-04-09,30585
2024-04-08,29395
2024-04-05,28705
2024-04-04,28450
2024-04-03,28025
2024-04-02,27845
2024-03-28,27650
2024-03-27,27355
2024-03-26,27410
2024-03-25,27525
2024-03-22,27550
2024-03-21,27700
2024-03-20,26900
2024-03-19,27805
2024-03-18,28550
2024-03-15,28410
2024-03-14,28055
2024-03-13,27625
2024-03-12,27600
2024-03-11,27450
2024-03-08,27485
2024-03-07,27550
2024-03-06,27050
2024-03-05,26500
2024-03-04,26600
2024-03-01,26150
2024-02-29,26375
2024-02-28,26100
2024-02-27,26075
2024-02-26,26100
2024-02-23,26300
2024-02-22,25975
2024-02-21,26310
2024-02-20,26250
2024-02-19,26405
2024-02-16,26950
2024-02-15,27275
2024-02-14,27265
2024-02-13,27500
2024-02-12,26650
2024-02-09,25980
2024-02-08,25600
2024-02-07,25150
2024-02-06,25075
2024-02-05,24780
2024-02-02,25475
2024-02-01,25700
2024-01-31,26000
2024-01-30,26050
2024-01-29,26350
2024-01-26,26550
2024-01-25,26450
2024-01-24,26350
2024-01-23,26000
2024-01-22,25375
2024-01-19,25550
2024-01-18,25200
2024-01-17,25025
2024-01-16,24500
2024-01-15,24550
2024-01-12,24350
2024-01-11,24300
2024-01-10,24025
2024-01-09,24300
2024-01-08,24400
2024-01-05,24200
2024-01-04,24925
2024-01-03,25050
2024-01-02,25150
2023-12-29,25175
2023-12-28,25360
2023-12-27,25075
2023-12-22,25035
2023-12-21,24775
2023-12-20,24875
2023-12-19,24750
2023-12-18,24800
2023-12-15,25225
2023-12-14,25050
2023-12-13,24555
2023-12-12,24560
2023-12-11,24260
2023-12-08,24550
2023-12-07,24400
2023-12-06,24450
2023-12-05,23750
2023-12-04,23625
2023-12-01,23250
2023-11-30,22910
2023-11-29,23120
2023-11-28,22975
2023-11-27,23550
2023-11-24,24050
2023-11-23,24200
2023-11-22,24575
2023-11-21,24750
2023-11-20,24700
2023-11-17,25000
2023-11-16,25050
2023-11-15,25100
2023-11-14,24600
2023-11-13,24750
2023-11-10,24275
2023-11-09,24640
2023-11-08,24550
2023-11-07,24275
2023-11-06,24300
2023-11-03,24150
2023-11-02,23795
2023-11-01,23550
2023-10-31,24550
2023-10-30,24825
2023-10-27,24875
2023-10-26,24750
2023-10-25,24925
2023-10-24,24835
2023-10-23,24555
2023-10-20,24405
2023-10-19,25075
2023-10-18,25450
2023-10-17,24880
2023-10-16,24725
2023-10-13,25025
2023-10-12,24900
2023-10-11,24650
2023-10-10,24500
2023-10-09,24700
2023-10-06,23965
2023-10-05,24050
2023-10-04,24000
2023-10-03,24050
2023-10-02,23900
2023-09-29,24200
2023-09-28,25355
2023-09-27,25550
2023-09-26,25625
2023-09-25,26100
2023-09-22,25325
2023-09-21,25650
2023-09-20,25800
2023-09-19,25650
2023-09-18,25550
2023-09-15,25600
2023-09-14,25650
2023-09-13,25200
2023-09-12,25205
2023-09-11,25550
2023-09-08,25335
2023-09-07,25725
2023-09-06,26100
2023-09-05,26400
2023-09-04,25560
2023-09-01,25600
2023-08-31,25000
2023-08-30,24950
2023-08-29,24800
2023-08-25,25265
2023-08-24,25750
2023-08-23,25635
2023-08-22,25900
2023-08-21,24925
2023-08-18,25050
2023-08-17,25000
2023-08-16,24730
2023-08-15,24600
2023-08-14,24975
2023-08-11,25775
2023-08-10,26775
2023-08-09,27080
2023-08-08,27550
2023-08-07,27850
2023-08-04,27925
2023-08-03,27550
2023-08-02,27250
2023-08-01,27560
2023-07-31,28900
2023-07-28,28755
2023-07-27,29450
2023-07-26,28800
2023-07-25,28875
2023-07-24,28250
2023-07-21,28900
2023-07-20,29250
2023-07-19,28350
2023-07-18,28925
2023-07-17,28800
2023-07-14,29025
2023-07-13,29450
2023-07-12,28500
2023-07-11,28750
2023-07-10,28800
2023-07-07,29050
2023-07-06,29050
2023-07-05,28050
2023-07-04,28150
2023-07-03,27700
2023-06-30,27700
2023-06-29,26900
2023-06-28,27500
2023-06-27,27650
2023-06-26,26700
2023-06-23,28195
2023-06-22,28650
2023-06-21,28595
2023-06-20,28795
2023-06-19,28600
2023-06-16,28325
2023-06-15,28900
2023-06-14,27100
2023-06-13,26625
2023-06-12,26350
2023-06-09,27075
2023-06-08,25950
2023-06-07,26050
2023-06-06,26250
2023-06-05,26000
2023-06-02,26295
2023-06-01,25575
2023-05-31,25375
2023-05-30,25705
2023-05-26,25000
2023-05-25,24725
2023-05-24,24550
2023-05-23,24300
2023-05-22,25150
2023-05-19,25550
2023-05-18,25405
2023-05-17,25150
2023-05-16,24925
2023-05-15,25700
2023-05-12,25025
2023-05-11,26075
2023-05-10,26010
2023-05-09,26325
2023-05-05,26300
2023-05-04,27000
2023-05-03,27125
2023-05-02,26800
2023-04-28,26350
2023-04-27,25950
2023-04-26,25610
2023-04-25,26270
2023-04-24,26950
2023-04-21,27000
2023-04-20,27250
2023-04-19,26750
2023-04-18,27660
2023-04-17,27225
2023-04-14,24800
2023-04-13,24795
2023-04-12,23940
2023-04-11,24050
2023-04-06,24950
2023-04-05,24675
2023-04-04,25825
2023-04-03,25900
2023-03-31,26075
2023-03-30,25900
2023-03-29,26100
2023-03-28,26050
2023-03-27,25625
2023-03-24,24375
2023-03-23,23850
2023-03-22,23300
2023-03-21,23145
2023-03-20,22800
2023-03-17,22435
2023-03-16,22225
2023-03-15,22675
2023-03-14,22550
2023-03-13,22900
2023-03-10,22500
2023-03-09,23005
2023-03-08,23495
2023-03-07,24350
2023-03-06,24350
2023-03-03,24125
2023-03-02,24850
2023-03-01,25650
2023-02-28,25110
2023-02-27,25250
2023-02-24,25925
2023-02-23,26500
2023-02-22,26850
2023-02-21,26850
2023-02-20,26100
2023-02-17,26525
2023-02-16,26700
2023-02-15,26325
2023-02-14,27125
2023-02-13,27550
2023-02-10,27550
2023-02-09,27675
2023-02-08,28050
2023-02-07,27050
2023-02-06,26805
2023-02-03,28650
2023-02-02,29250
2023-02-01,29550
2023-01-31,29250
2023-01-30,29515
2023-01-27,32050
2023-01-26,31450
2023-01-25,30325
2023-01-24,29950
2023-01-23,29900
2023-01-20,29275
2023-01-19,28650
2023-01-18,28650
2023-01-17,28100
2023-01-16,28125
2023-01-13,28530
2023-01-12,27475
2023-01-11,26600
2023-01-10,25600
2023-01-09,25600
2023-01-06,25250
2023-01-05,25100
2023-01-04,25250
2023-01-03,25050
2022-12-30,24800
2022-12-29,24725
2022-12-28,24900
2022-12-23,23950
2022-12-22,23925
2022-12-21,23875
2022-12-20,23375
2022-12-19,23300
2022-12-16,23750
2022-12-15,23650
2022-12-14,24275
2022-12-13,24300
2022-12-12,23900
2022-12-09,24700
2022-12-08,24400
2022-12-07,24475
2022-12-06,24600
2022-12-05,24475
2022-12-02,23500
2022-12-01,23105
2022-11-30,22975
2022-11-29,22600
2022-11-28,22450
2022-11-25,22450
2022-11-24,22450
2022-11-23,21995
2022-11-22,21310
2022-11-21,21650
2022-11-18,21750
2022-11-17,23400
2022-11-16,24525
2022-11-15,23795
2022-11-14,21900
2022-11-11,21150
2022-11-10,19675
2022-11-09,19875
2022-11-08,19575
2022-11-07,18825
2022-11-04,18375
2022-11-03,18100
2022-11-02,18050
2022-11-01,18125
2022-10-31,17700
2022-10-28,18300
2022-10-27,18775
2022-10-26,18650
2022-10-25,18055
2022-10-24,18350
2022-10-21,18435
2022-10-20,19025
2022-10-19,19400
2022-10-18,19425
2022-10-17,19700
2022-10-14,19975
2022-10-13,20125
2022-10-12,20005
2022-10-11,20300
2022-10-10,20155
2022-10-07,20000
2022-10-06,20250
2022-10-05,20305
2022-10-04,20255
2022-10-03,20345
2022-09-30,20750
2022-09-29,20605
2022-09-28,20900
2022-09-27,20900
2022-09-26,20595
2022-09-23,21410
2022-09-22,21745
2022-09-21,21635
2022-09-20,21200
2022-09-19,20450
2022-09-16,21185
2022-09-15,20900
2022-09-14,21350
2022-09-13,22245
2022-09-12,21550
2022-09-09,21305
2022-09-08,21700
2022-09-07,20525
2022-09-06,21750
2022-09-05,21650
2022-09-02,21700
2022-09-01,21625
2022-08-31,23600
2022-08-30,23775
2022-08-26,24450
2022-08-25,24650
2022-08-24,24455
2022-08-23,24545
2022-08-22,24500
2022-08-19,24950
2022-08-18,24550
2022-08-17,24950
2022-08-16,24995
2022-08-15,24300
2022-08-12,25010
2022-08-11,24875
2022-08-10,23850
2022-08-09,24495
2022-08-08,23100
2022-08-05,24755
2022-08-04,24600
2022-08-03,24350
2022-08-02,24700
2022-08-01,25795
2022-07-29,24405
2022-07-28,24275
2022-07-27,24150
2022-07-26,25300
2022-07-25,25200
2022-07-22,24700
2022-07-21,24475
2022-07-20,25000
2022-07-19,24900
2022-07-18,24010
2022-07-15,23600
2022-07-14,25600
2022-07-13,24900
2022-07-12,25700
2022-07-11,25800
2022-07-08,25800
2022-07-07,25625
2022-07-06,25300
2022-07-05,25700
2022-07-04,27195
2022-07-01,27000
2022-06-30,27050
2022-06-29,27325
2022-06-28,28150
2022-06-27,27500
2022-06-24,25050
2022-06-23,26850
2022-06-22,29525
2022-06-21,31560
2022-06-20,31025
2022-06-17,32600
2022-06-16,32450
2022-06-15,32850
2022-06-14,31000
2022-06-13,34500
2022-06-10,36550
2022-06-09,37200
2022-06-08,37000
2022-06-07,36200
2022-06-06,35900
2022-06-01,35250
2022-05-31,34900
2022-05-30,35000
2022-05-27,34050
2022-05-26,33725
2022-05-25,34300
2022-05-24,34200
2022-05-23,34800
2022-05-20,34705
2022-05-19,33900
2022-05-18,33925
2022-05-17,34325
2022-05-16,35000
2022-05-13,34375
2022-05-12,33875
2022-05-11,35700
2022-05-10,36700
2022-05-09,38000
2022-05-06,40585
2022-05-05,40775
2022-05-04,40700
2022-05-03,41300
2022-04-29,40800
2022-04-28,40600
2022-04-27,40790
2022-04-26,41250
2022-04-25,40475
2022-04-22,42200
2022-04-21,43275
2022-04-20,43400
2022-04-19,43600
2022-04-14,43325
2022-04-13,43450
2022-04-12,43650
2022-04-11,43325
2022-04-08,44295
2022-04-07,44300
2022-04-06,45175
2022-04-05,45400
2022-04-04,45500
2022-04-01,44500
2022-03-31,44200
2022-03-30,43900
2022-03-29,42750
2022-03-28,42925
2022-03-25,42650
2022-03-24,42425
2022-03-23,42000
2022-03-22,41550
2022-03-21,41425
2022-03-18,42450
2022-03-17,41850
2022-03-16,43100
2022-03-15,42525
2022-03-14,44100
2022-03-11,44025
2022-03-10,42800
2022-03-09,48200
2022-03-08,50050
2022-03-07,48670
2022-03-04,47325
2022-03-03,46655
2022-03-02,46150
2022-03-01,46000
2022-02-28,45550
2022-02-25,45200
2022-02-24,45795
2022-02-23,44750
2022-02-22,44700
2022-02-21,44150
2022-02-18,44150
2022-02-17,43750
2022-02-16,43785
2022-02-15,43575
2022-02-14,44000
2022-02-11,44195
2022-02-10,44445
2022-02-09,43400
2022-02-08,43375
2022-02-07,43250
2022-02-04,43375
2022-02-03,43560
2022-02-02,43750
2022-02-01,43600
2022-01-31,42550
2022-01-28,42450
2022-01-27,43145
2022-01-26,42800
2022-01-25,41700
2022-01-24,43375
2022-01-21,43900
2022-01-20,44195
2022-01-19,43050
2022-01-18,42500
2022-01-17,41500
2022-01-14,40850
2022-01-13,41850
2022-01-12,41750
2022-01-11,40700
2022-01-10,40425
2022-01-07,40650
2022-01-06,39650
2022-01-05,39700
2022-01-04,39400
2021-12-31,39635
2021-12-30,39925
2021-12-29,39750
2021-12-24,39850
2021-12-23,39690
2021-12-22,39450
2021-12-21,39100
2021-12-20,38750
2021-12-17,39550
2021-12-16,39050
2021-12-15,38700
2021-12-14,39125
2021-12-13,39525
2021-12-10,40150
2021-12-09,40150
2021-12-08,39700
2021-12-07,39900
2021-12-06,39400
2021-12-03,40200
2021-12-02,39500
2021-12-01,39950
2021-11-30,40245
2021-11-29,40450
2021-11-26,40275
2021-11-25,41000
2021-11-24,40250
2021-11-23,40200
2021-11-22,39800
2021-11-19,39750
2021-11-18,39700
2021-11-17,39100
2021-11-16,38900
2021-11-15,38950
2021-11-12,39250
2021-11-11,39150
2021-11-10,38750
2021-11-09,38600
2021-11-08,38800
2021-11-05,38400
2021-11-04,38300
2021-11-03,38500
2021-11-02,38400
2021-11-01,38550
2021-10-29,38750
2021-10-28,37650
2021-10-27,38750
2021-10-26,39050
2021-10-25,39300
2021-10-22,38850
2021-10-21,38950
2021-10-20,38900
2021-10-19,39650
2021-10-18,39600
2021-10-15,38950
2021-10-14,37875
2021-10-13,37800
2021-10-12,37755
2021-10-11,37700
2021-10-08,36925
2021-10-07,36205
2021-10-06,36750
2021-10-05,36400
2021-10-04,35800
2021-10-01,35600
2021-09-30,36600
2021-09-29,37600
2021-09-28,36800
2021-09-27,36595
2021-09-24,37525
2021-09-23,36600
2021-09-22,36000
2021-09-21,35350
2021-09-20,34750
2021-09-17,35375
2021-09-16,34950
2021-09-15,34375
2021-09-14,34300
2021-09-13,34950
2021-09-10,34750
2021-09-09,33825
2021-09-08,32850
2021-09-07,33005
2021-09-06,33250
2021-09-03,33540
2021-09-02,33942
2021-09-01,34129
2021-08-31,34781
2021-08-27,34452
2021-08-26,34077
2021-08-25,33579
2021-08-24,32905
2021-08-23,33170
2021-08-20,33693
2021-08-19,32735
2021-08-18,35985
2021-08-17,36491
2021-08-16,36064
2021-08-13,36109
2021-08-12,36594
2021-08-11,36240
2021-08-10,36395
2021-08-09,35935
2021-08-06,36065
2021-08-05,35982
2021-08-04,36475
2021-08-03,36437
2021-08-02,36141
2021-07-30,35965
2021-07-29,35732
2021-07-28,35671
2021-07-27,35760
2021-07-26,35671
2021-07-23,35101
2021-07-22,34750
2021-07-21,34601
2021-07-20,34767
2021-07-19,34610
2021-07-16,34177
2021-07-15,33917
2021-07-14,33639
2021-07-13,33550
2021-07-12,33510
2021-07-09,33076
2021-07-08,32666
2021-07-07,32999
2021-07-06,32758
2021-07-05,33370
2021-07-02,32946
2021-07-01,32790
2021-06-30,33460
2021-06-29,32918
2021-06-28,32963
2021-06-25,32457
2021-06-24,32100
2021-06-23,32079
2021-06-22,31902
2021-06-21,31264
2021-06-18,31709
2021-06-17,32700
2021-06-16,33055
2021-06-15,32925
2021-06-14,33182
2021-06-11,33060
2021-06-10,32908
2021-06-09,32821
2021-06-08,33290
2021-06-07,32290
2021-06-04,33022
2021-06-03,32489
2021-06-02,32950
2021-06-01,33366
2021-05-28,33456
2021-05-27,31361
2021-05-26,31950
2021-05-25,31147
2021-05-24,31995
2021-05-21,32362
2021-05-20,33350
2021-05-19,32476
2021-05-18,32261
2021-05-17,32123
2021-05-14,31180
2021-05-13,31251
2021-05-12,33420
2021-05-11,33686
2021-05-10,33097
2021-05-07,33562
2021-05-06,34462
2021-05-05,32425
2021-05-04,32397
2021-04-30,32193
2021-04-29,31750
2021-04-28,30046
2021-04-27,28358
2021-04-26,28338
2021-04-23,27707
2021-04-22,28400
2021-04-21,28275
2021-04-20,28400
2021-04-19,27940
2021-04-16,28267
2021-04-15,27800
2021-04-14,27696
2021-04-13,27480
2021-04-12,27883
2021-04-09,28060
2021-04-08,27740
2021-04-07,28110
2021-04-06,28350
2021-04-01,27369
2021-03-31,27180
2021-03-30,27517
2021-03-29,27920
2021-03-26,28775
2021-03-25,27250
2021-03-24,26507
2021-03-23,28015
2021-03-22,27250
2021-03-19,27750
2021-03-18,29750
2021-03-17,28200
2021-03-16,26874
2021-03-15,26532
2021-03-12,30900
2021-03-11,30995
2021-03-10,27700
2021-03-09,27300
2021-03-08,26686
2021-03-05,26539
2021-03-04,25000
2021-03-03,25880
2021-03-02,25090
2021-03-01,24505
2021-02-26,27500
2021-02-25,29560
2021-02-24,28515
2021-02-23,29485
2021-02-22,29540
2021-02-19,29349
2021-02-18,28162
2021-02-17,28710
2021-02-16,27760
2021-02-15,28899
2021-02-12,25290
2021-02-11,25568
2021-02-10,25458
2021-02-09,24300
2021-02-08,24100
2021-02-05,23985
2021-02-04,24240
2021-02-03,24600
2021-02-02,25000
2021-02-01,24325
2021-01-29,23657
2021-01-28,23245
2021-01-27,23270
2021-01-26,23280
2021-01-25,23031
2021-01-22,22000
2021-01-21,22645
2021-01-20,21740
2021-01-19,21600
2021-01-18,21806
2021-01-15,21495
2021-01-14,21298
2021-01-13,21418
2021-01-12,21150
2021-01-11,20965
2021-01-08,21325
2021-01-07,21360
2021-01-06,21440
2021-01-05,21350
2021-01-04,21034
2020-12-31,20540
2020-12-30,20541
2020-12-29,20513
2020-12-24,20277
2020-12-23,20190
2020-12-22,20110
2020-12-21,20038
2020-12-18,20255
2020-12-17,20058
2020-12-16,19817
2020-12-15,19675
2020-12-14,19690
2020-12-11,19550
2020-12-10,19740
2020-12-09,19393
2020-12-08,19128
2020-12-07,19071
2020-12-04,19060
2020-12-03,18850
2020-12-02,18905
2020-12-01,18873
2020-11-30,18980
2020-11-27,19120
2020-11-26,18825
2020-11-25,18790
2020-11-24,18681
2020-11-23,18820
2020-11-20,18890
2020-11-19,18720
2020-11-18,19075
2020-11-17,18915
2020-11-16,18750
2020-11-13,18415
2020-11-12,18330
2020-11-11,18250
2020-11-10,18240
2020-11-09,18455
2020-11-06,18385
2020-11-05,18375
2020-11-04,18120
2020-11-03,18035
2020-11-02,17755
2020-10-30,17650
2020-10-29,17707
2020-10-28,18000
2020-10-27,18240
2020-10-26,17880
2020-10-23,18530
2020-10-22,18500
2020-10-21,18750
2020-10-20,18524
2020-10-19,18400
2020-10-16,18390
2020-10-15,18343
2020-10-14,18225
2020-10-13,18320
2020-10-12,18275
2020-10-09,18210
2020-10-08,18215
2020-10-07,18155
2020-10-06,18175
2020-10-05,17850
2020-10-02,17545
2020-10-01,17506
2020-09-30,17463
2020-09-29,17350
2020-09-28,17219
2020-09-25,17080
2020-09-24,17375
2020-09-23,18055
2020-09-22,17998
2020-09-21,18125
2020-09-18,18170
2020-09-17,18150
2020-09-16,18245
2020-09-15,18165
2020-09-14,18100
2020-09-11,17885
2020-09-10,18031
2020-09-09,17940
2020-09-08,18215
2020-09-07,18150
2020-09-04,18370
2020-09-03,18420
2020-09-02,18200
2020-09-01,18105
2020-08-28,17801
2020-08-27,17690
2020-08-26,17550
2020-08-25,17435
2020-08-24,17170
2020-08-21,17660
2020-08-20,17580
2020-08-19,17560
2020-08-18,17480
2020-08-17,17430
2020-08-14,17665
2020-08-13,17655
2020-08-12,17719
2020-08-11,17700
2020-08-10,17700
2020-08-07,17935
2020-08-06,17900
2020-08-05,17960
2020-08-04,17890
2020-08-03,17958
2020-07-31,17880
2020-07-30,17920
2020-07-29,18195
2020-07-28,18000
2020-07-27,17900
2020-07-24,17695
2020-07-23,17762
2020-07-22,17750
2020-07-21,17485
2020-07-20,17400
2020-07-17,17400
2020-07-16,17270
2020-07-15,17398
2020-07-14,17225
2020-07-13,17377
2020-07-10,17080
2020-07-09,17455
2020-07-08,17126
2020-07-07,17110
2020-07-06,17150
2020-07-03,16960
2020-07-02,16960
2020-07-01,16920
2020-06-30,16847
2020-06-29,16980
2020-06-26,16990
2020-06-25,16720
2020-06-24,16829
2020-06-23,17095
2020-06-22,16930
2020-06-19,16858
2020-06-18,17180
2020-06-17,17170
2020-06-16,17235
2020-06-15,17110
2020-06-12,17200
2020-06-11,16985
2020-06-10,17285
2020-06-09,16930
2020-06-08,16760
2020-06-05,16425
2020-06-04,16180
2020-06-03,16177
2020-06-02,16010
2020-06-01,15842
2020-05-29,15602
2020-05-28,15590
2020-05-27,15610
2020-05-26,15590
2020-05-22,15495
2020-05-21,15760
2020-05-20,15483
2020-05-19,15405
2020-05-18,15240
2020-05-15,15250
2020-05-14,15363
2020-05-13,15385
2020-05-12,15417
2020-05-11,15400
2020-05-07,15298
2020-05-06,15060
2020-05-05,15380
2020-05-04,15265
2020-05-01,15169
2020-04-30,15201
2020-04-29,15327
2020-04-28,15540
2020-04-27,15511
2020-04-24,15200
2020-04-23,15185
2020-04-22,14990
2020-04-21,14730
2020-04-20,15180
2020-04-17,15203
2020-04-16,15175
2020-04-15,15340
2020-04-14,15425
2020-04-09,15171
2020-04-08,14667
2020-04-07,14929
2020-04-06,14407
2020-04-03,14465
2020-04-02,14550
2020-04-01,14591
2020-03-31,14401
2020-03-30,14305
2020-03-27,14355
2020-03-26,14135
2020-03-25,13720
2020-03-24,13450
2020-03-23,13975
2020-03-20,14500
2020-03-19,13400
2020-03-18,14075
2020-03-17,14545
2020-03-16,15400
2020-03-13,16400
2020-03-12,16235
2020-03-11,16725
2020-03-10,16805
2020-03-09,16560
2020-03-06,16910
2020-03-05,17000
2020-03-04,17000
2020-03-03,16750
2020-03-02,16425
2020-02-28,16225
2020-02-27,16350
2020-02-26,16570
2020-02-25,16650
2020-02-24,16510
2020-02-21,16525
2020-02-20,16600
2020-02-19,16550
2020-02-18,16520
2020-02-17,16630
2020-02-14,16525
2020-02-13,16530
2020-02-12,16475
2020-02-11,16380
2020-02-10,16350
2020-02-07,16325
2020-02-06,16575
2020-02-05,16335
2020-02-04,16155
2020-02-03,16350
2020-01-31,16275
2020-01-30,16275
2020-01-29,16325
2020-01-28,16345
2020-01-27,16565
2020-01-24,16900
2020-01-23,17135
2020-01-22,17575
2020-01-21,17675
2020-01-20,17775
2020-01-17,17775
2020-01-16,17705
2020-01-15,17430
2020-01-14,17320
2020-01-13,17275
2020-01-10,17275
2020-01-09,17250
2020-01-08,16975
2020-01-07,16940
2020-01-06,16875
2020-01-03,16750
2020-01-02,17150
2019-12-31,16850
2019-12-30,16975
2019-12-27,17100
2019-12-24,17250
2019-12-23,17375
2019-12-20,17260
2019-12-19,17300
2019-12-18,17250
2019-12-17,17200
2019-12-16,17180
2019-12-13,17200
2019-12-12,17185
2019-12-11,17425
2019-12-10,17320
2019-12-09,17120
2019-12-06,16875
2019-12-05,16900
2019-12-04,16850
2019-12-03,16750
2019-12-02,16500
2019-11-29,16350
2019-11-28,16450
2019-11-27,16375
2019-11-26,16330
2019-11-25,16350
2019-11-22,16360
2019-11-21,16325
2019-11-20,16025
2019-11-19,15975
2019-11-18,16160
2019-11-15,16275
2019-11-14,16185
2019-11-13,16325
2019-11-12,16460
2019-11-11,16525
2019-11-08,16675
2019-11-07,16600
2019-11-06,16410
2019-11-05,16575
2019-11-04,16450
2019-11-01,16575
2019-10-31,16750
2019-10-30,16800
2019-10-29,16725
2019-10-28,16900
2019-10-25,16600
2019-10-24,16700
2019-10-23,16705
2019-10-22,16730
2019-10-21,16825
2019-10-18,16875
2019-10-17,17075
2019-10-16,16625
2019-10-15,16500
2019-10-14,16600
2019-10-11,16455
2019-10-10,16400
2019-10-09,16375
2019-10-08,16380
2019-10-07,16550
2019-10-04,16350
2019-10-03,16450
2019-10-02,16300
2019-10-01,16200
2019-09-30,16055
2019-09-27,16325
2019-09-26,16700
2019-09-25,16530
2019-09-24,16500
2019-09-23,16600
2019-09-20,16425
2019-09-19,16525
2019-09-18,16850
2019-09-17,16710
2019-09-16,16750
2019-09-13,17275
2019-09-12,17460
2019-09-11,17400
2019-09-10,17350
2019-09-09,17225
2019-09-06,17075
2019-09-05,17200
2019-09-04,16960
2019-09-03,16555
2019-09-02,17165
2019-08-30,15800
2019-08-29,15710
2019-08-28,15830
2019-08-27,15725
2019-08-23,16050
2019-08-22,15900
2019-08-21,16175
2019-08-20,16425
2019-08-19,16390
2019-08-16,16805
2019-08-15,16880
2019-08-14,17075
2019-08-13,16950
2019-08-12,17025
2019-08-09,16900
2019-08-08,16950
2019-08-07,17025
2019-08-06,17100
2019-08-05,16830
2019-08-02,17300
2019-08-01,17275
2019-07-31,17275
2019-07-30,17575
2019-07-29,17555
2019-07-26,17830
2019-07-25,17755
2019-07-24,17650
2019-07-23,17600
2019-07-22,17820
2019-07-19,17780
2019-07-18,17850
2019-07-17,17805
2019-07-16,17990
2019-07-15,18010
2019-07-12,18200
2019-07-11,17900
2019-07-10,18050
2019-07-09,18305
2019-07-08,18425
2019-07-05,18350
2019-07-04,18550
2019-07-03,18125
2019-07-02,18500
2019-07-01,18900
2019-06-28,18805
2019-06-27,18875
2019-06-26,19000
2019-06-25,19030
2019-06-24,19075
2019-06-21,19130
2019-06-20,19400
2019-06-19,19000
2019-06-18,18975
2019-06-17,19125
2019-06-14,19550
2019-06-13,19500
2019-06-12,19325
2019-06-11,19360
2019-06-10,19280
2019-06-07,19630
2019-06-06,19110
2019-06-05,19110
2019-06-04,19250
2019-06-03,19000
2019-05-31,18860
2019-05-30,18900
2019-05-29,18965
2019-05-28,19475
2019-05-24,19530
2019-05-23,19720
2019-05-22,19650
2019-05-21,19750
2019-05-20,19675
2019-05-17,19625
2019-05-16,19675
2019-05-15,19850
2019-05-14,19890
2019-05-13,19465
2019-05-10,19650
2019-05-09,19475
2019-05-08,19640
2019-05-07,19660
2019-05-03,19375
2019-05-02,19550
2019-05-01,19770
2019-04-30,19825
2019-04-29,20075
2019-04-26,19975
2019-04-25,19655
2019-04-24,19755
2019-04-23,20150
2019-04-18,20425
2019-04-17,20600
2019-04-16,20800
2019-04-15,20755
2019-04-12,20850
2019-04-11,20905
2019-04-10,20900
2019-04-09,21000
2019-04-08,21000
2019-04-05,21280
2019-04-04,21325
2019-04-03,21475
2019-04-02,21325
2019-04-01,21600
2019-03-29,21575
2019-03-28,21450
2019-03-27,21450
2019-03-26,21525
2019-03-25,21450
2019-03-22,21600
2019-03-21,21475
2019-03-20,21375
2019-03-19,21350
2019-03-18,21160
2019-03-15,21340
2019-03-14,21285
2019-03-13,21250
2019-03-12,21285
2019-03-11,21125
2019-03-08,21410
2019-03-07,21550
2019-03-06,21575
2019-03-05,21575
2019-03-04,21725
2019-03-01,21800
2019-02-28,21775
2019-02-27,21700
2019-02-26,21925
2019-02-25,21810
2019-02-22,21650
2019-02-21,21425
2019-02-20,21350
2019-02-19,21130
2019-02-18,21275
2019-02-15,21085
2019-02-14,21095
2019-02-13,21200
2019-02-12,21050
2019-02-11,21100
2019-02-08,21050
2019-02-07,21100
2019-02-06,20900
2019-02-05,20975
2019-02-04,20935
2019-02-01,20830
2019-01-31,20950
2019-01-30,20805
2019-01-29,20850
2019-01-28,20760
2019-01-25,20750
2019-01-24,21055
2019-01-23,20780
2019-01-22,20890
2019-01-21,20790
2019-01-18,20900
2019-01-17,20745
2019-01-16,20775
2019-01-15,20675
2019-01-14,20650
2019-01-11,20500
2019-01-10,20275
2019-01-09,20225
2019-01-08,19820
2019-01-07,19765
2019-01-04,19575
2019-01-03,19500
2019-01-02,19525
2018-12-31,19500
2018-12-28,19425
2018-12-27,19475
2018-12-24,19405
2018-12-21,19400
2018-12-20,19375
2018-12-19,19260
2018-12-18,19300
2018-12-17,19500
2018-12-14,19365
2018-12-13,19410
2018-12-12,19180
2018-12-11,19020
2018-12-10,18930
2018-12-07,18930
2018-12-06,18950
2018-12-05,19200
2018-12-04,19110
2018-12-03,18875
2018-11-30,18525
2018-11-29,18580
2018-11-28,18425
2018-11-27,18750
2018-11-26,18755
2018-11-23,19125
2018-11-22,19475
2018-11-21,19500
2018-11-20,19600
2018-11-19,19460
2018-11-16,19450
2018-11-15,19475
2018-11-14,19345
2018-11-13,19300
2018-11-12,19330
2018-11-09,19310
2018-11-08,19200
2018-11-07,19050
2018-11-06,19050
2018-11-05,19080
2018-11-02,19175
2018-11-01,19105
2018-10-31,19150
2018-10-30,19085
2018-10-29,19250
2018-10-26,19350
2018-10-25,19375
2018-10-24,19435
2018-10-23,19425
2018-10-22,19250
2018-10-19,19160
2018-10-18,19175
2018-10-17,19300
2018-10-16,19175
2018-10-15,19100
2018-10-12,19050
2018-10-11,18975
2018-10-10,19010
2018-10-09,18975
2018-10-08,18985
2018-10-05,18950
2018-10-04,19000
2018-10-03,18920
2018-10-02,18925
2018-10-01,18950
2018-09-28,18950
2018-09-27,19020
2018-09-26,18925
2018-09-25,18975
2018-09-24,18985
2018-09-21,19100
2018-09-20,19050
2018-09-19,19100
2018-09-18,19030
2018-09-17,18960
2018-09-14,19150
2018-09-13,19060
2018-09-12,18875
2018-09-11,19070
2018-09-10,19075
2018-09-07,19110
2018-09-06,18875
2018-09-05,18925
2018-09-04,18750
2018-09-03,18990
2018-08-31,19025
2018-08-30,19000
2018-08-29,19010
2018-08-28,19200
2018-08-24,19250
2018-08-23,19065
2018-08-22,19175
2018-08-21,18875
2018-08-20,18850
2018-08-17,18680
2018-08-16,18675
2018-08-15,18725
2018-08-14,19075
2018-08-13,19405
2018-08-10,19560
2018-08-09,19650
2018-08-08,19775
2018-08-07,19775
2018-08-06,19725
2018-08-03,19875
2018-08-02,19780
2018-08-01,19975
2018-07-31,20125
2018-07-30,19995
2018-07-27,19925
2018-07-26,19900
2018-07-25,19950
2018-07-24,19675
2018-07-23,19650
2018-07-20,19475
2018-07-19,19405
2018-07-18,19550
2018-07-17,19500
2018-07-16,19605
2018-07-13,19775
2018-07-12,19575
2018-07-11,19445
2018-07-10,19850
2018-07-09,19490
2018-07-06,19425
2018-07-05,19585
2018-07-04,19850
2018-07-03,19810
2018-07-02,19850
2018-06-29,19675
2018-06-28,19775
2018-06-27,19950
2018-06-26,20225
2018-06-25,20495
2018-06-22,20625
2018-06-21,20600
2018-06-20,20575
2018-06-19,20450
2018-06-18,20910
2018-06-15,20900
2018-06-14,21025
2018-06-13,20920
2018-06-12,21300
2018-06-11,21250
2018-06-08,21230
2018-06-07,21200
2018-06-06,20825
2018-06-05,20725
2018-06-04,20595
2018-06-01,20675
2018-05-31,20800
2018-05-30,20525
2018-05-29,20675
2018-05-25,20450
2018-05-24,20450
2018-05-23,20650
2018-05-22,20725
2018-05-21,20650
2018-05-18,20675
2018-05-17,20660
2018-05-16,20895
2018-05-15,21025
2018-05-14,21025
2018-05-11,20950
2018-05-10,20800
2018-05-09,21200
2018-05-08,21295
2018-05-04,21375
2018-05-03,21400
2018-05-02,21270
2018-05-01,21400
2018-04-30,21150
2018-04-27,21400
2018-04-26,21475
2018-04-25,21500
2018-04-24,21250
2018-04-23,21850
2018-04-20,22050
2018-04-19,21875
2018-04-18,21725
2018-04-17,21200
2018-04-16,21075
2018-04-13,21190
2018-04-12,21000
2018-04-11,21175
2018-04-10,21375
2018-04-09,21100
2018-04-06,21050
2018-04-05,21075
2018-04-04,20860
2018-04-03,21415
2018-03-29,21125
2018-03-28,20925
2018-03-27,21055
2018-03-26,20950
2018-03-23,20850
2018-03-22,21050
2018-03-21,20745
2018-03-20,20850
2018-03-19,20630
2018-03-16,21050
2018-03-15,20900
2018-03-14,21200
2018-03-13,21500
2018-03-12,21500
2018-03-09,21375
2018-03-08,21650
2018-03-07,21495
2018-03-06,21595
2018-03-05,21670
2018-03-02,21710
2018-03-01,21670
2018-02-28,21775
2018-02-27,21750
2018-02-26,21710
2018-02-23,21650
2018-02-22,21650
2018-02-21,21680
2018-02-20,21500
2018-02-19,21830
2018-02-16,21900
2018-02-15,21700
2018-02-14,21725
2018-02-13,21600
2018-02-12,21300
2018-02-09,21180
2018-02-08,21550
2018-02-07,22075
2018-02-06,21825
2018-02-05,21750
2018-02-02,21770
2018-02-01,21950
2018-01-31,21900
2018-01-30,22050
2018-01-29,22105
2018-01-26,22005
2018-01-25,21345
2018-01-24,21145
2018-01-23,20830
2018-01-22,20770
2018-01-19,20685
2018-01-18,20575
2018-01-17,20525
2018-01-16,20355
2018-01-15,20450
2018-01-12,20275
2018-01-11,20245
2018-01-10,20035
2018-01-09,20075
2018-01-08,19960
2018-01-05,20020
2018-01-04,20075
2018-01-03,20050
2018-01-02,20160
2017-12-29,19875
2017-12-28,19780
2017-12-27,19680
2017-12-22,19410
2017-12-21,19450
2017-12-20,19340
2017-12-19,19330
2017-12-18,19290
2017-12-15,19125
2017-12-14,18870
2017-12-13,18875
2017-12-12,19450
2017-12-11,19475
2017-12-08,19575
2017-12-07,19550
2017-12-06,19475
2017-12-05,19570
2017-12-04,19590
2017-12-01,19650
2017-11-30,19775
2017-11-29,19525
2017-11-28,19595
2017-11-27,19525
2017-11-24,19650
2017-11-23,19410
2017-11-22,19415
2017-11-21,19550
2017-11-20,19555
2017-11-17,19560
2017-11-16,19750
2017-11-15,19590
2017-11-14,19550
2017-11-13,19385
2017-11-10,19700
2017-11-09,19475
2017-11-08,19550
2017-11-07,19580
2017-11-06,19600
2017-11-03,19700
2017-11-02,19500
2017-11-01,19700
2017-10-31,19505
2017-10-30,19910
2017-10-27,19800
2017-10-26,20200
2017-10-25,19850
2017-10-24,19835
2017-10-23,19750
2017-10-20,19925
2017-10-19,20100
2017-10-18,20050
2017-10-17,20775
2017-10-16,20825
2017-10-13,20925
2017-10-12,20900
2017-10-11,20810
2017-10-10,21100
2017-10-09,20950
2017-10-06,21085
2017-10-05,21245
2017-10-04,20950
2017-10-03,20950
2017-10-02,20875
2017-09-29,20995
2017-09-28,20900
2017-09-27,20850
2017-09-26,20900
2017-09-25,20825
2017-09-22,20845
2017-09-21,20750
2017-09-20,20855
2017-09-19,20925
2017-09-18,20825
2017-09-15,20675
2017-09-14,20750
2017-09-13,20800
2017-09-12,20820
2017-09-11,20875
2017-09-08,20775
2017-09-07,20845
2017-09-06,20855
2017-09-05,20950
2017-09-04,20950
2017-09-01,21000
2017-08-31,20880
2017-08-30,20540
2017-08-29,20600
2017-08-25,20675
2017-08-24,20645
2017-08-23,20575
2017-08-22,20675
2017-08-21,20575
2017-08-18,20375
2017-08-17,20300
2017-08-16,20125
2017-08-15,20445
2017-08-14,20525
2017-08-11,20450
2017-08-10,20350
2017-08-09,20475
2017-08-08,20650
2017-08-07,20760
2017-08-04,20865
2017-08-03,20730
2017-08-02,20625
2017-08-01,20700
2017-07-31,20930
2017-07-28,20825
2017-07-27,20855
2017-07-26,20575
2017-07-25,20450
2017-07-24,20445
2017-07-21,20325
2017-07-20,20250
2017-07-19,20250
2017-07-18,20080
2017-07-17,20040
2017-07-14,20000
2017-07-13,20000
2017-07-12,20005
2017-07-11,19925
2017-07-10,19900
2017-07-07,20050
2017-07-06,20025
2017-07-05,20200
2017-07-04,20300
2017-07-03,20300
2017-06-30,20200
2017-06-29,20075
2017-06-28,19450
2017-06-27,19330
2017-06-26,19445
2017-06-23,19495
2017-06-22,19695
2017-06-21,19725
2017-06-20,19775
2017-06-19,19815
2017-06-16,19650
2017-06-15,19500
2017-06-14,19400
2017-06-13,19250
2017-06-12,19175
2017-06-09,19150
2017-06-08,19350
2017-06-07,19735
2017-06-06,20100
2017-06-05,20245
2017-06-02,20405
2017-06-01,20475
2017-05-31,20400
2017-05-30,20575
2017-05-26,20500
2017-05-25,20610
2017-05-24,20520
2017-05-23,20700
2017-05-22,20805
2017-05-19,20550
2017-05-18,20650
2017-05-17,20055
2017-05-16,19905
2017-05-15,20100
2017-05-12,19910
2017-05-11,20100
2017-05-10,19840
2017-05-09,19900
2017-05-08,19850
2017-05-05,19930
2017-05-04,20000
2017-05-03,19850
2017-05-02,20100
2017-04-28,19850
2017-04-27,19925
2017-04-26,19850
2017-04-25,19525
2017-04-24,19600
2017-04-21,19900
2017-04-20,19905
2017-04-19,19875
2017-04-18,19885
2017-04-13,19750
2017-04-12,20075
2017-04-11,20125
2017-04-10,20400
2017-04-07,20375
2017-04-06,20350
2017-04-05,20195
2017-04-04,20035
2017-04-03,20225
2017-03-31,20100
2017-03-30,20075
2017-03-29,20075
2017-03-28,19925
2017-03-27,19550
2017-03-24,20100
2017-03-23,20375
2017-03-22,20475
2017-03-21,20575
2017-03-20,20530
2017-03-17,20450
2017-03-16,20175
2017-03-15,20070
2017-03-14,19700
2017-03-13,19305
2017-03-10,19300
2017-03-09,19225
2017-03-08,19430
2017-03-07,19345
2017-03-06,19215
2017-03-03,19425
2017-03-02,19330
2017-03-01,19375
2017-02-28,19200
2017-02-27,19310
2017-02-24,19250
2017-02-23,19150
2017-02-22,19660
2017-02-21,19900
2017-02-20,19735
2017-02-17,19755
2017-02-16,19905
2017-02-15,19955
2017-02-14,19825
2017-02-13,19660
2017-02-10,19210
2017-02-09,19250
2017-02-08,18760
2017-02-07,18775
2017-02-06,19055
2017-02-03,19795
2017-02-02,19855
2017-02-01,19825
2017-01-31,20080
2017-01-30,19700
2017-01-27,19975
2017-01-26,20180
2017-01-25,20450
2017-01-24,20180
2017-01-23,19875
2017-01-20,20200
2017-01-19,21075
2017-01-18,21125
2017-01-17,21015
2017-01-16,21125
2017-01-13,21175
2017-01-12,21105
2017-01-11,21150
2017-01-10,21280
2017-01-09,21150
2017-01-06,21175
2017-01-05,21250
2017-01-04,21180
2017-01-03,21300
2016-12-30,21100
2016-12-29,21150
2016-12-28,21100
2016-12-27,NA
2016-12-23,21250
2016-12-22,21060
2016-12-21,21100
2016-12-20,21185
2016-12-19,21225
2016-12-16,21350
2016-12-15,21255
2016-12-14,21550
2016-12-13,21500
2016-12-12,21100
2016-12-09,21300
2016-12-08,21395
2016-12-07,21425
2016-12-06,21425
2016-12-05,21500
2016-12-02,21355
2016-12-01,21400
2016-11-30,21350
2016-11-29,21250
2016-11-28,21350
2016-11-25,21275
2016-11-24,21610
2016-11-23,21485
2016-11-22,21450
2016-11-21,21000
2016-11-18,20405
2016-11-17,20335
2016-11-16,20305
2016-11-15,20500
2016-11-14,21375
2016-11-11,21750
2016-11-10,21905
2016-11-09,21700
2016-11-08,21945
2016-11-07,21655
2016-11-04,21405
2016-11-03,21225
2016-11-02,20905
2016-11-01,20990
2016-10-31,21000
2016-10-28,20875
2016-10-27,20800
2016-10-26,20700
2016-10-25,20490
2016-10-24,20245
2016-10-21,20150
2016-10-20,20025
2016-10-19,20000
2016-10-18,19855
2016-10-17,19510
2016-10-14,19575
2016-10-13,19700
2016-10-12,20000
2016-10-11,20005
2016-10-10,20120
2016-10-07,20175
2016-10-06,20200
2016-10-05,19930
2016-10-04,20200
2016-10-03,20275
2016-09-30,20295
2016-09-29,20100
2016-09-28,19950
2016-09-27,19975
2016-09-26,19800
2016-09-23,19725
2016-09-22,19600
2016-09-21,19470
2016-09-20,19500
2016-09-19,19395
2016-09-16,19125
2016-09-15,19400
2016-09-14,19270
2016-09-13,19275
2016-09-12,19205
2016-09-09,19600
2016-09-08,19675
2016-09-07,19675
2016-09-06,19900
2016-09-05,19595
2016-09-02,19300
2016-09-01,19145
2016-08-31,18880
2016-08-30,18825
2016-08-26,18920
2016-08-25,18900
2016-08-24,18940
2016-08-23,18575
2016-08-22,18545
2016-08-19,18475
2016-08-18,18425
2016-08-17,18385
2016-08-16,18245
2016-08-15,17960
2016-08-12,18200
2016-08-11,18325
2016-08-10,18650
2016-08-09,18325
2016-08-08,18155
2016-08-05,18410
2016-08-04,17935
2016-08-03,18040
2016-08-02,17985
2016-08-01,17995
2016-07-29,17850
2016-07-28,17850
2016-07-27,17795
2016-07-26,17775
2016-07-25,17775
2016-07-22,17800
2016-07-21,17835
2016-07-20,17675
2016-07-19,17850
2016-07-18,17950
2016-07-15,18200
2016-07-14,18000
2016-07-13,17995
2016-07-12,17835
2016-07-11,17750
2016-07-08,17725
2016-07-07,17750
2016-07-06,17550
2016-07-05,18145
2016-07-04,17970
2016-07-01,17420
2016-06-30,17055
2016-06-29,17050
2016-06-28,17070
2016-06-27,17005
2016-06-24,17060
2016-06-23,17170
2016-06-22,17150
2016-06-21,17035
2016-06-20,17005
2016-06-17,17265
2016-06-16,17145
2016-06-15,17250
2016-06-14,17150
2016-06-13,17085
2016-06-10,17225
2016-06-09,17300
2016-06-08,17150
2016-06-07,16975
2016-06-06,16850
2016-06-03,16545
2016-06-02,16230
2016-06-01,15905
2016-05-31,16200
2016-05-27,16250
2016-05-26,15725
2016-05-25,15500
2016-05-24,15770
2016-05-23,15925
2016-05-20,16470
2016-05-19,16705
2016-05-18,16825
2016-05-17,16975
2016-05-16,16900
2016-05-13,16800
2016-05-12,17350
2016-05-11,17350
2016-05-10,17250
2016-05-09,17425
2016-05-06,17400
2016-05-05,17420
2016-05-04,17350
2016-05-03,17325
2016-04-29,17420
2016-04-28,17100
2016-04-27,17250
2016-04-26,17375
2016-04-25,17355
2016-04-22,17350
2016-04-21,17475
2016-04-20,17330
2016-04-19,17100
2016-04-18,17150
2016-04-15,17250
2016-04-14,17200
2016-04-13,17195
2016-04-12,16950
2016-04-11,17025
2016-04-08,16825
2016-04-07,16550
2016-04-06,16385
2016-04-05,16625
2016-04-04,16705
2016-04-01,16805
2016-03-31,16900
2016-03-30,16975
2016-03-29,17375
2016-03-24,17625
2016-03-23,17575
2016-03-22,17100
2016-03-21,17000
2016-03-18,17155
2016-03-17,17025
2016-03-16,16910
2016-03-15,16755
2016-03-14,17175
2016-03-11,17075
2016-03-10,16975
2016-03-09,16850
2016-03-08,17085
2016-03-07,17350
2016-03-04,16950
2016-03-03,16600
2016-03-02,16300
2016-03-01,16160
2016-02-29,16295
2016-02-26,16125
2016-02-25,16225
2016-02-24,16145
2016-02-23,16275
2016-02-22,15980
2016-02-19,15950
2016-02-18,15840
2016-02-17,15850
2016-02-16,15405
2016-02-15,15400
2016-02-12,15300
2016-02-11,15600
2016-02-10,15855
2016-02-09,15775
2016-02-08,15675
2016-02-05,15225
2016-02-04,15170
2016-02-03,14845
2016-02-02,14945
2016-02-01,14860
2016-01-29,14875
2016-01-28,13950
2016-01-27,14100
2016-01-26,13950
2016-01-25,13750
2016-01-22,13625
2016-01-21,13400
2016-01-20,13550
2016-01-19,13330
2016-01-18,13235
2016-01-15,13375
2016-01-14,13255
2016-01-13,13310
2016-01-12,13500
2016-01-11,13580
2016-01-08,13950
2016-01-07,13850
2016-01-06,14050
2016-01-05,14350
2016-01-04,14560
2015-12-31,14600
2015-12-30,14655
2015-12-29,14595
2015-12-24,14650
2015-12-23,14725
2015-12-22,14650
2015-12-21,14560
2015-12-18,14675
2015-12-17,14660
2015-12-16,14755
2015-12-15,14600
2015-12-14,14580
2015-12-11,14600
2015-12-10,14450
2015-12-09,14600
2015-12-08,14505
2015-12-07,14880
2015-12-04,14860
2015-12-03,14775
2015-12-02,15200
2015-12-01,15175
2015-11-30,14985
2015-11-27,15015
2015-11-26,14955
2015-11-25,14595
2015-11-24,14230
2015-11-23,14525
2015-11-20,14795
2015-11-19,14600
2015-11-18,14660
2015-11-17,14800
2015-11-16,14845
2015-11-13,14775
2015-11-12,14655
2015-11-11,14750
2015-11-10,14595
2015-11-09,14555
2015-11-06,14710
2015-11-05,14750
2015-11-04,14880
2015-11-03,14995
2015-11-02,14925
2015-10-30,15025
2015-10-29,15005
2015-10-28,15280
2015-10-27,15545
2015-10-26,15700
2015-10-23,16075
2015-10-22,15975
2015-10-21,16025
2015-10-20,15975
2015-10-19,16000
2015-10-16,16100
2015-10-15,16245
2015-10-14,15900
2015-10-13,16155
2015-10-12,16125
2015-10-09,16325
2015-10-08,16000
2015-10-07,16275
2015-10-06,15875
2015-10-05,15680
2015-10-02,15700
2015-10-01,15675
2015-09-30,15560
2015-09-29,15800
2015-09-28,15400
2015-09-25,15325
2015-09-24,15350
2015-09-23,15100
2015-09-22,15050
2015-09-21,15350
2015-09-18,15050
2015-09-17,15600
2015-09-16,15880
2015-09-15,15650
2015-09-14,16045
2015-09-11,15855
2015-09-10,15655
2015-09-09,15500
2015-09-08,15500
2015-09-07,15250
2015-09-04,15595
2015-09-03,15600
2015-09-02,15625
2015-09-01,14850
2015-08-28,14360
2015-08-27,13895
2015-08-26,14100
2015-08-25,14500
2015-08-24,14595
2015-08-21,15190
2015-08-20,15750
2015-08-19,15700
2015-08-18,16250
2015-08-17,15650
2015-08-14,15505
2015-08-13,15150
2015-08-12,15165
2015-08-11,15360
2015-08-10,15175
2015-08-07,15275
2015-08-06,15500
2015-08-05,15300
2015-08-04,16150
2015-08-03,16000
2015-07-31,16360
2015-07-30,16195
2015-07-29,16275
2015-07-28,16275
2015-07-27,15400
2015-07-24,14900
2015-07-23,14905
2015-07-22,14850
2015-07-21,15455
2015-07-20,15485
2015-07-17,15675
2015-07-16,14805
2015-07-15,14750
2015-07-14,14575
2015-07-13,14205
2015-07-10,14005
2015-07-09,14355
2015-07-08,14100
2015-07-07,14225
2015-07-06,14350
2015-07-03,14175
2015-07-02,14545
2015-07-01,14260
2015-06-30,13980
2015-06-29,14375
2015-06-26,14750
2015-06-25,14750
2015-06-24,15200
2015-06-23,15180
2015-06-22,15175
2015-06-19,15180
2015-06-18,15025
2015-06-17,14625
2015-06-16,14530
2015-06-15,14430
2015-06-12,14900
2015-06-11,15100
2015-06-10,15350
2015-06-09,15420
2015-06-08,15300
2015-06-05,15250
2015-06-04,15435
2015-06-03,15450
2015-06-02,15530
2015-06-01,15400
2015-05-29,15450
2015-05-28,15455
2015-05-27,15345
2015-05-26,15675
2015-05-22,15820
2015-05-21,15900
2015-05-20,15950
2015-05-19,15800
2015-05-18,16005
2015-05-15,15800
2015-05-14,15730
2015-05-13,15950
2015-05-12,15950
2015-05-11,15655
2015-05-08,15950
2015-05-07,16055
2015-05-06,16020
2015-05-05,16010
2015-05-01,16200
2015-04-30,16025
2015-04-29,15705
2015-04-28,16275
2015-04-27,16050
2015-04-24,15650
2015-04-23,15505
2015-04-22,15530
2015-04-21,15375
2015-04-20,15010
2015-04-17,14765
2015-04-16,15760
2015-04-15,15875
2015-04-14,16150
2015-04-13,16410
2015-04-10,16505
2015-04-09,16650
2015-04-08,16725
2015-04-07,16775
2015-04-02,16570
2015-04-01,16400
2015-03-31,16730
2015-03-30,17100
2015-03-27,17300
2015-03-26,17265
2015-03-25,17400
2015-03-24,17525
2015-03-23,17500
2015-03-20,16930
2015-03-19,16805
2015-03-18,17120
2015-03-17,17360
2015-03-16,17350
2015-03-13,17405
2015-03-12,17405
2015-03-11,17725
2015-03-10,17850
2015-03-09,18030
2015-03-06,18075
2015-03-05,17900
2015-03-04,17930
2015-03-03,17775
2015-03-02,17650
2015-02-27,17920
2015-02-26,18100
2015-02-25,18070
2015-02-24,18095
2015-02-23,17955
2015-02-20,18100
2015-02-19,18185
2015-02-18,18020
2015-02-17,18005
2015-02-16,18020
2015-02-13,18250
2015-02-12,17900
2015-02-11,17830
2015-02-10,18225
2015-02-09,18515
2015-02-06,18875
2015-02-05,18900
2015-02-04,18950
2015-02-03,18950
2015-02-02,18975
2015-01-30,19250
2015-01-29,19075
2015-01-28,19450
2015-01-27,19575
2015-01-26,19500
2015-01-23,19510
2015-01-22,19580
2015-01-21,19125
2015-01-20,19425
2015-01-19,19280
2015-01-16,19325
2015-01-15,19460
2015-01-14,19400
2015-01-13,19555
2015-01-12,19525
2015-01-09,19650
2015-01-08,19750
2015-01-07,19680
2015-01-06,19560
2015-01-05,19650
2015-01-02,19400
2014-12-31,19500
2014-12-30,19000
2014-12-29,19145
2014-12-24,18795
2014-12-23,18530
2014-12-22,19100
2014-12-19,19400
2014-12-18,19200
2014-12-17,19460
2014-12-16,20355
2014-12-15,20380
2014-12-12,20425
2014-12-11,20370
2014-12-10,20470
2014-12-09,20390
2014-12-08,20305
2014-12-05,20260
2014-12-04,20415
2014-12-03,20455
2014-12-02,20250
2014-12-01,20135
2014-11-28,20175
2014-11-27,20375
2014-11-26,20375
2014-11-25,20210
2014-11-24,20480
2014-11-21,20250
2014-11-20,19775
2014-11-19,19705
2014-11-18,19575
2014-11-17,19610
2014-11-14,19825
2014-11-13,20030
2014-11-12,20150
2014-11-11,19925
2014-11-10,20050
2014-11-07,20025
2014-11-06,19850
2014-11-05,19540
2014-11-04,19605
2014-11-03,19850
2014-10-31,20125
2014-10-30,19930
2014-10-29,20150
2014-10-28,19755
2014-10-27,19545
2014-10-24,19415
2014-10-23,19530
2014-10-22,19600
2014-10-21,19500
2014-10-20,19400
2014-10-17,19305
2014-10-16,19300
2014-10-15,19725
2014-10-14,20155
2014-10-13,20170
2014-10-10,20100
2014-10-09,20225
2014-10-08,20220
2014-10-07,20275
2014-10-06,20465
2014-10-03,20395
2014-10-02,20425
2014-10-01,20200
2014-09-30,20330
2014-09-29,20535
2014-09-26,20450
2014-09-25,20700
2014-09-24,21300
2014-09-23,21160
2014-09-22,21200
2014-09-19,21200
2014-09-18,21205
2014-09-17,21055
2014-09-16,21050
2014-09-15,21150
2014-09-12,21180
2014-09-11,21175
2014-09-10,21000
2014-09-09,21100
2014-09-08,21300
2014-09-05,21500
2014-09-04,21505
2014-09-03,21395
2014-09-02,21550
2014-09-01,21700
2014-08-29,21850
2014-08-28,21800
2014-08-27,21915
2014-08-26,22090
2014-08-22,22425
2014-08-21,22275
2014-08-20,22390
2014-08-19,22400
2014-08-18,22425
2014-08-15,22400
2014-08-14,22400
2014-08-13,22480
2014-08-12,22475
2014-08-11,22320
2014-08-08,22300
2014-08-07,22325
2014-08-06,22375
2014-08-05,22380
2014-08-04,22375
2014-08-01,22480
2014-07-31,22950
2014-07-30,22550
2014-07-29,22600
2014-07-28,22550
2014-07-25,22405
2014-07-24,22225
2014-07-23,22125
2014-07-22,22105
2014-07-21,22155
2014-07-18,22080
2014-07-17,22075
2014-07-16,22110
2014-07-15,22090
2014-07-14,22170
2014-07-11,22010
2014-07-10,22100
2014-07-09,22205
2014-07-08,22625
2014-07-07,22710
2014-07-04,22780
2014-07-03,22850
2014-07-02,22755
2014-07-01,22580
2014-06-30,21855
2014-06-27,22350
2014-06-26,22425
2014-06-25,22600
2014-06-24,22550
2014-06-23,22670
2014-06-20,22630
2014-06-19,22605
2014-06-18,22590
2014-06-17,22600
2014-06-16,22655
2014-06-13,22610
2014-06-12,22850
2014-06-11,22830
2014-06-10,23050
2014-06-09,23135
2014-06-06,23025
2014-06-05,23240
2014-06-04,23230
2014-06-03,23325
2014-06-02,23425
2014-05-30,23505
2014-05-29,23375
2014-05-28,23355
2014-05-27,23375
2014-05-26,NA
2014-05-23,23340
2014-05-22,23400
2014-05-21,23050
2014-05-20,23350
2014-05-19,23555
2014-05-16,23435
2014-05-15,23400
2014-05-14,23480
2014-05-13,23225
2014-05-12,23375
2014-05-09,23300
2014-05-08,23250
2014-05-07,23250
2014-05-06,23205
2014-05-02,23000
2014-05-01,23050
2014-04-30,23175
2014-04-29,23590
2014-04-28,23800
2014-04-25,23815
2014-04-24,23905
2014-04-23,23725
2014-04-22,23675
2014-04-17,23320
2014-04-16,23500
2014-04-15,23475
2014-04-14,23495
2014-04-11,23585
2014-04-10,23375
2014-04-09,23350
2014-04-08,23205
2014-04-07,23125
2014-04-04,23185
2014-04-03,23100
2014-04-02,23125
2014-04-01,22910
2014-03-31,23025
2014-03-28,23050
2014-03-27,23050
2014-03-26,23275
2014-03-25,23230
2014-03-24,22960
2014-03-21,23000
2014-03-20,23125
2014-03-19,23225
2014-03-18,23125
2014-03-17,22900
2014-03-14,23095
2014-03-13,22780
2014-03-12,22970
2014-03-11,23255
2014-03-10,22855
2014-03-07,23135
2014-03-06,23305
2014-03-05,23350
2014-03-04,23225
2014-03-03,23130
2014-02-28,23545
2014-02-27,23590
2014-02-26,23575
2014-02-25,23150
2014-02-24,23100
2014-02-21,23130
2014-02-20,23050
2014-02-19,23230
2014-02-18,23095
2014-02-17,23230
2014-02-14,22930
2014-02-13,22600
2014-02-12,22425
2014-02-11,22290
2014-02-10,22235
2014-02-07,22270
2014-02-06,22060
2014-02-05,22150
2014-02-04,22330
2014-02-03,22200
2014-01-31,21925
2014-01-30,22305
2014-01-29,22145
2014-01-28,22105
2014-01-27,22000
2014-01-24,22125
2014-01-23,22175
2014-01-22,22240
2014-01-21,22150
2014-01-20,22290
2014-01-17,22400
2014-01-16,22425
2014-01-15,22100
2014-01-14,22245
2014-01-13,21905
2014-01-10,21850
2014-01-09,21825
2014-01-08,22075
2014-01-07,21720
2014-01-06,21500
2014-01-03,21580
2014-01-02,22490
2013-12-31,22550
2013-12-30,22800
2013-12-27,23000
2013-12-24,22945
2013-12-23,22855
2013-12-20,22875
2013-12-19,22850
2013-12-18,22750
2013-12-17,22800
2013-12-16,22850
2013-12-13,22725
2013-12-12,22700
2013-12-11,22575
2013-12-10,23280
2013-12-09,23150
2013-12-06,23025
2013-12-05,23125
2013-12-04,22675
2013-12-03,22485
2013-12-02,22685
2013-11-29,22530
2013-11-28,22600
2013-11-27,22855
2013-11-26,22945
2013-11-25,22900
2013-11-22,22900
2013-11-21,22975
2013-11-20,22920
2013-11-19,22850
2013-11-18,23000
2013-11-15,22975
2013-11-14,22905
2013-11-13,22775
2013-11-12,22775
2013-11-11,22870
2013-11-08,22940
2013-11-07,22725
2013-11-06,23025
2013-11-05,22750
2013-11-04,22800
2013-11-01,22975
2013-10-31,22995
2013-10-30,23200
2013-10-29,23225
2013-10-28,23210
2013-10-25,22825
2013-10-24,22845
2013-10-23,22905
2013-10-22,23395
2013-10-21,22905
2013-10-18,22760
2013-10-17,22905
2013-10-16,22950
2013-10-15,23100
2013-10-14,23380
2013-10-11,23325
2013-10-10,23395
2013-10-09,23500
2013-10-08,23720
2013-10-07,23675
2013-10-04,22975
2013-10-03,22850
2013-10-02,22710
2013-10-01,23200
2013-09-30,23395
2013-09-27,23450
2013-09-26,23300
2013-09-25,23000
2013-09-24,22925
2013-09-23,22900
2013-09-20,23345
2013-09-19,23335
2013-09-18,22935
2013-09-17,22925
2013-09-16,22900
2013-09-13,22630
2013-09-12,22450
2013-09-11,22830
2013-09-10,22975
2013-09-09,23200
2013-09-06,22625
2013-09-05,22355
2013-09-04,21800
2013-09-03,21280
2013-09-02,21130
2013-08-30,21230
2013-08-29,21515
2013-08-28,21650
2013-08-27,21700
2013-08-23,22000
2013-08-22,22000
2013-08-21,22025
2013-08-20,22025
2013-08-19,21850
2013-08-16,21875
2013-08-15,21525
2013-08-14,21825
2013-08-13,22050
2013-08-12,22105
2013-08-09,22150
2013-08-08,21650
2013-08-07,21180
2013-08-06,21295
2013-08-05,21130
2013-08-02,20870
2013-08-01,20555
2013-07-31,19895
2013-07-30,19760
2013-07-29,19395
2013-07-26,19315
2013-07-25,19275
2013-07-24,19605
2013-07-23,19400
2013-07-22,19500
2013-07-19,19600
2013-07-18,19355
2013-07-17,19460
2013-07-16,19395
2013-07-15,19305
2013-07-12,19450
2013-07-11,19700
2013-07-10,19680
2013-07-09,19370
2013-07-08,19300
2013-07-05,19700
2013-07-04,20005
2013-07-03,20095
2013-07-02,20225
2013-07-01,19755
2013-06-28,19800
2013-06-27,19700
2013-06-26,19700
2013-06-25,19725
2013-06-24,19545
2013-06-21,19515
2013-06-20,19445
2013-06-19,20050
2013-06-18,20140
2013-06-17,20300
2013-06-14,20250
2013-06-13,20255
2013-06-12,20445
2013-06-11,20600
2013-06-10,20845
2013-06-07,20980
2013-06-06,20900
2013-06-05,21100
2013-06-04,21025
2013-06-03,21000
2013-05-31,20825
2013-05-30,20885
2013-05-29,21005
2013-05-28,21150
2013-05-24,21125
2013-05-23,21000
2013-05-22,21500
2013-05-21,21275
2013-05-20,21000
2013-05-17,20900
2013-05-16,20625
2013-05-15,20600
2013-05-14,20650
2013-05-13,20830
2013-05-10,20775
2013-05-09,20650
2013-05-08,20385
2013-05-07,20345
2013-05-03,19975
2013-05-02,19950
2013-05-01,19775
2013-04-30,20800
2013-04-29,20775
2013-04-26,20775
2013-04-25,20830
2013-04-24,20855
2013-04-23,20650
2013-04-22,20720
2013-04-19,21000
2013-04-18,20305
2013-04-17,20700
2013-04-16,21275
2013-04-15,21250
2013-04-12,22780
2013-04-11,22750
2013-04-10,23000
2013-04-09,22875
2013-04-08,23000
2013-04-05,22725
2013-04-04,22740
2013-04-03,22775
2013-04-02,22995
2013-03-28,23150
2013-03-27,22555
2013-03-26,22980
2013-03-25,22995
2013-03-22,22750
2013-03-21,22695
2013-03-20,23120
2013-03-19,23300
2013-03-18,23205
2013-03-15,24005
2013-03-14,24000
2013-03-13,23895
2013-03-12,23825
2013-03-11,23605
2013-03-08,23750
2013-03-07,23520
2013-03-06,23470
2013-03-05,23525
2013-03-04,23350
2013-03-01,23045
2013-02-28,23535
2013-02-27,23625
2013-02-26,23175
2013-02-25,23305
2013-02-22,23295
2013-02-21,23150
2013-02-20,23900
2013-02-19,23925
2013-02-18,24700
2013-02-15,24925
2013-02-14,24780
2013-02-13,24905
2013-02-12,24925
2013-02-11,25000
2013-02-08,24875
2013-02-07,24955
2013-02-06,24850
2013-02-05,24945
2013-02-04,24945
2013-02-01,24810
2013-01-31,25100
2013-01-30,25070
2013-01-29,24480
2013-01-28,24500
2013-01-25,24710
2013-01-24,24450
2013-01-23,24850
2013-01-22,24975
2013-01-21,25025
2013-01-18,25085
2013-01-17,25200
2013-01-16,24895
2013-01-15,24785
2013-01-14,25100
2013-01-11,24700
2013-01-10,24875
2013-01-09,24450
2013-01-08,24010
2013-01-07,23745
2013-01-04,24000
2013-01-03,24150
2013-01-02,24350
2012-12-31,23500
2012-12-28,23210
2012-12-27,23350
2012-12-24,23200
2012-12-21,23350
2012-12-20,23305
2012-12-19,23660
2012-12-18,23450
2012-12-17,23325
2012-12-14,23205
2012-12-13,22900
2012-12-12,23155
2012-12-11,23025
2012-12-10,22375
2012-12-07,21620
2012-12-06,21905
2012-12-05,21870
2012-12-04,21775
2012-12-03,21860
2012-11-30,21800
2012-11-29,21610
2012-11-28,21245
2012-11-27,21135
2012-11-26,20825
2012-11-23,20595
2012-11-22,20575
2012-11-21,20630
2012-11-20,20930
2012-11-19,20575
2012-11-16,20550
2012-11-15,20410
2012-11-14,20600
2012-11-13,20380
2012-11-12,20475
2012-11-09,20245
2012-11-08,20550
2012-11-07,20600
2012-11-06,20750
2012-11-05,20175
2012-11-02,20300
2012-11-01,20450
2012-10-31,20145
2012-10-30,20070
2012-10-29,19845
2012-10-26,19925
2012-10-25,20550
2012-10-24,20375
2012-10-23,20480
2012-10-22,20955
2012-10-19,21730
2012-10-18,21800
2012-10-17,21305
2012-10-16,21425
2012-10-15,21250
2012-10-12,21785
2012-10-11,22050
2012-10-10,21685
2012-10-09,22105
2012-10-08,22100
2012-10-05,22455
2012-10-04,22230
2012-10-03,22100
2012-10-02,22110
2012-10-01,21900
2012-09-28,21655
2012-09-27,20950
2012-09-26,20995
2012-09-25,21395
2012-09-24,20410
2012-09-21,21300
2012-09-20,20575
2012-09-19,21550
2012-09-18,21305
2012-09-17,21630
2012-09-14,21415
2012-09-13,20325
2012-09-12,21050
2012-09-11,20725
2012-09-10,20275
2012-09-07,19960
2012-09-06,19560
2012-09-05,19525
2012-09-04,19660
2012-09-03,19675
2012-08-31,19645
2012-08-30,19425
2012-08-29,20300
2012-08-28,20675
2012-08-24,20320
2012-08-23,19865
2012-08-22,18825
2012-08-21,18660
2012-08-20,18450
2012-08-17,18500
2012-08-16,18005
2012-08-15,18205
2012-08-14,18125
2012-08-13,17815
2012-08-10,17900
2012-08-09,18110
2012-08-08,18125
2012-08-07,18160
2012-08-06,17710
2012-08-03,17775
2012-08-02,17650
2012-08-01,17950
2012-07-31,18220
2012-07-30,18100
2012-07-27,18225
2012-07-26,17700
2012-07-25,17800
2012-07-24,17840
2012-07-23,18455
2012-07-20,18990
2012-07-19,19275
2012-07-18,18700
2012-07-17,18875
2012-07-16,18745
2012-07-13,18800
2012-07-12,18475
2012-07-11,18735
2012-07-10,18675
2012-07-09,18600
2012-07-06,18905
2012-07-05,19200
2012-07-04,19095
2012-07-03,19130
2012-07-02,18935
2012-06-29,18775
2012-06-28,18845
2012-06-27,18545
2012-06-26,18600
2012-06-25,18800
2012-06-22,18375
2012-06-21,19195
2012-06-20,19525
2012-06-19,19500
2012-06-18,19430
2012-06-15,19555
2012-06-14,19455
2012-06-13,19510
2012-06-12,19650
2012-06-11,19875
2012-06-08,19500
2012-06-07,19620
2012-06-06,19905
2012-06-01,19330
2012-05-31,19725
2012-05-30,19805
2012-05-29,20100
2012-05-28,19855
2012-05-25,19850
2012-05-24,19655
2012-05-23,19305
2012-05-22,19460
2012-05-21,19450
2012-05-18,19400
2012-05-17,19450
2012-05-16,19780
2012-05-15,20200
2012-05-14,20275
2012-05-11,20255
2012-05-10,20645
2012-05-09,20850
2012-05-08,21340
2012-05-04,21775
2012-05-03,22005
2012-05-02,22250
2012-05-01,22725
2012-04-30,22625
2012-04-27,22405
2012-04-26,22495
2012-04-25,21700
2012-04-24,21390
2012-04-23,21065
2012-04-20,21255
2012-04-19,21060
2012-04-18,21170
2012-04-17,21250
2012-04-16,21650
2012-04-13,22650
2012-04-12,22625
2012-04-11,22650
2012-04-10,22850
2012-04-05,22500
2012-04-04,22550
2012-04-03,23100
2012-04-02,22750
2012-03-30,23200
2012-03-29,22350
2012-03-28,22450
2012-03-27,22475
2012-03-26,22375
2012-03-23,22350
2012-03-22,22325
2012-03-21,23305
2012-03-20,23170
2012-03-19,23625
2012-03-16,23800
2012-03-15,23530
2012-03-14,23900
2012-03-13,23450
2012-03-12,22905
2012-03-09,22660
2012-03-08,22900
2012-03-07,22450
2012-03-06,22700
2012-03-05,22905
2012-03-02,23650
2012-03-01,23880
2012-02-29,24250
2012-02-28,24125
2012-02-27,23475
2012-02-24,24100
2012-02-23,24035
2012-02-22,23950
2012-02-21,23750
2012-02-20,23550
2012-02-17,24200
2012-02-16,24005
2012-02-15,24535
2012-02-14,24800
2012-02-13,25325
2012-02-10,25500
2012-02-09,25160
2012-02-08,25650
2012-02-07,24250
2012-02-06,24375
2012-02-03,24000
2012-02-02,24100
2012-02-01,24060
2012-01-31,24290
2012-01-30,24050
2012-01-27,24310
2012-01-26,23330
2012-01-25,22005
2012-01-24,21860
2012-01-23,21935
2012-01-20,21850
2012-01-19,22000
2012-01-18,21600
2012-01-17,21600
2012-01-16,20900
2012-01-13,21090
2012-01-12,21100
2012-01-11,20300
2012-01-10,20075
2012-01-09,20100
2012-01-06,19750
2012-01-05,19415
2012-01-04,19675
2012-01-03,19450
2011-12-30,18950
2011-12-29,18705
2011-12-28,18955
2011-12-23,19400
2011-12-22,19125
2011-12-21,19195
2011-12-20,18700
2011-12-19,18675
2011-12-16,18850
2011-12-15,18610
2011-12-14,18615
2011-12-13,19510
2011-12-12,19950
2011-12-09,20250
2011-12-08,20405
2011-12-07,20475
2011-12-06,19900
2011-12-05,19880
2011-12-02,19950
2011-12-01,20350
2011-11-30,20100
2011-11-29,20500
2011-11-28,20560
2011-11-25,20325
2011-11-24,20550
2011-11-23,20705
2011-11-22,20775
2011-11-21,20800
2011-11-18,21425
2011-11-17,21225
2011-11-16,21355
2011-11-15,21575
2011-11-14,21625
2011-11-11,21625
2011-11-10,21285
2011-11-09,21785
2011-11-08,22200
2011-11-07,21905
2011-11-04,22075
2011-11-03,22085
2011-11-02,21605
2011-11-01,21530
2011-10-31,21875
2011-10-28,21915
2011-10-27,21855
2011-10-26,21810
2011-10-25,22290
2011-10-24,21805
2011-10-21,21760
2011-10-20,21350
2011-10-19,21650
2011-10-18,20605
2011-10-17,22000
2011-10-14,22050
2011-10-13,22500
2011-10-12,22400
2011-10-11,22250
2011-10-10,23000
2011-10-07,22720
2011-10-06,22150
2011-10-05,21250
2011-10-04,20350
2011-10-03,20060
2011-09-30,20850
2011-09-29,20605
2011-09-28,21300
2011-09-27,21550
2011-09-26,20800
2011-09-23,19100
2011-09-22,20200
2011-09-21,22675
2011-09-20,23125
2011-09-19,22645
2011-09-16,23525
2011-09-15,23455
2011-09-14,23415
2011-09-13,23510
2011-09-12,23140
2011-09-09,24095
2011-09-08,24450
2011-09-07,24150
2011-09-06,23895
2011-09-05,23875
2011-09-02,24055
2011-09-01,24000
2011-08-31,24200
2011-08-30,24055
2011-08-26,23725
2011-08-25,23400
2011-08-24,23225
2011-08-23,23600
2011-08-22,23100
2011-08-19,23155
2011-08-18,23805
2011-08-17,24280
2011-08-16,23975
2011-08-15,24600
2011-08-12,24450
2011-08-11,23300
2011-08-10,23800
2011-08-09,23125
2011-08-08,23775
2011-08-05,24730
2011-08-04,25850
2011-08-03,26705
2011-08-02,27795
2011-08-01,28560
2011-07-29,28150
2011-07-28,28750
2011-07-27,28800
2011-07-26,28350
2011-07-25,28145
2011-07-22,28400
2011-07-21,27950
2011-07-20,27895
2011-07-19,27555
2011-07-18,27000
2011-07-15,27260
2011-07-14,27400
2011-07-13,26605
2011-07-12,26300
2011-07-11,26355
2011-07-08,27475
2011-07-07,27135
2011-07-06,26475
2011-07-05,26080
2011-07-04,25640
2011-07-01,25850
2011-06-30,25900
2011-06-29,25310
2011-06-28,25250
2011-06-27,25195
2011-06-24,24945
2011-06-23,25105
2011-06-22,25100
2011-06-21,25275
2011-06-20,24675
2011-06-17,25095
2011-06-16,24745
2011-06-15,25550
2011-06-14,25345
2011-06-13,24600
2011-06-10,25955
2011-06-09,25650
2011-06-08,25550
2011-06-07,25805
2011-06-06,26005
2011-06-03,26400
2011-06-02,27375
2011-06-01,27850
2011-05-31,27995
2011-05-27,27045
2011-05-26,27700
2011-05-25,28250
2011-05-24,26700
2011-05-23,26955
2011-05-20,28145
2011-05-19,28355
2011-05-18,28405
2011-05-17,28450
2011-05-16,27500
2011-05-13,29495
2011-05-12,28950
2011-05-11,29600
2011-05-10,30050
2011-05-09,30050
2011-05-06,28800
2011-05-05,29150
2011-05-04,31200
2011-05-03,31875
2011-04-28,32275
2011-04-27,32195
2011-04-26,32450
2011-04-21,32675
2011-04-20,32825
2011-04-19,32600
2011-04-18,33000
2011-04-15,32900
2011-04-14,32350
2011-04-13,32650
2011-04-12,33000
2011-04-11,33255
2011-04-08,33005
2011-04-07,32625
2011-04-06,31930
2011-04-05,31500
2011-04-04,31700
2011-04-01,31355
2011-03-31,31640
2011-03-30,31425
2011-03-29,31400
2011-03-28,31750
2011-03-25,31825
2011-03-24,31625
2011-03-23,31100
2011-03-22,30000
2011-03-21,29920
2011-03-18,30100
2011-03-17,29300
2011-03-16,29000
2011-03-15,28095
2011-03-14,29795
2011-03-11,29350
2011-03-10,29900
2011-03-09,30810
2011-03-08,30425
2011-03-07,31745
2011-03-04,31905
2011-03-03,31625
2011-03-02,31925
2011-03-01,32350
2011-02-28,32265
2011-02-25,31875
2011-02-24,31150
2011-02-23,31525
2011-02-22,31750
2011-02-21,32400
2011-02-18,31775
2011-02-17,31455
2011-02-16,32450
2011-02-15,32550
2011-02-14,32395
2011-02-11,31460
2011-02-10,31250
2011-02-09,31495
2011-02-08,31250
2011-02-07,31300
2011-02-04,30945
2011-02-03,30700
2011-02-02,30545
2011-02-01,29985
2011-01-31,30100
2011-01-28,29900
2011-01-27,29195
2011-01-26,28515
2011-01-25,28200
2011-01-24,27705
2011-01-21,27695
2011-01-20,27200
2011-01-19,27225
2011-01-18,27020
2011-01-17,27005
2011-01-14,26755
2011-01-13,26925
2011-01-12,26795
2011-01-11,26650
2011-01-10,26125
2011-01-07,26350
2011-01-06,26650
2011-01-05,26095
2011-01-04,27200
2010-12-31,26945
2010-12-30,26710
2010-12-29,27200
2010-12-24,26900
2010-12-23,26695
2010-12-22,26850
2010-12-21,26270
2010-12-20,26245
2010-12-17,26225
2010-12-16,26200
2010-12-15,25910
2010-12-14,26085
2010-12-13,25900
2010-12-10,26275
2010-12-09,25775
2010-12-08,25580
2010-12-07,26180
2010-12-06,25460
2010-12-03,25450
2010-12-02,25450
2010-12-01,25125
2010-11-30,24135
2010-11-29,24400
2010-11-26,24060
2010-11-25,24275
2010-11-24,24350
2010-11-23,23950
2010-11-22,25200
2010-11-19,25250
2010-11-18,25395
2010-11-17,24350
2010-11-16,25150
2010-11-15,25565
2010-11-12,26775
2010-11-11,27100
2010-11-10,27050
2010-11-09,27350
2010-11-08,26390
2010-11-05,26400
2010-11-04,26600
2010-11-03,25850
2010-11-02,25905
2010-11-01,25920
2010-10-29,25460
2010-10-28,26300
2010-10-27,26340
2010-10-26,26550
2010-10-25,26795
2010-10-22,26405
2010-10-21,26900
2010-10-20,26405
2010-10-19,26545
2010-10-18,26540
2010-10-15,26855
2010-10-14,27600
2010-10-13,26800
2010-10-12,26600
2010-10-11,26395
2010-10-08,26025
2010-10-07,26550
2010-10-06,26400
2010-10-05,25750
2010-10-04,24930
2010-10-01,25050
2010-09-30,24650
2010-09-29,24355
2010-09-28,23610
2010-09-27,23850
2010-09-24,23750
2010-09-23,23645
2010-09-22,23175
2010-09-21,23350
2010-09-20,23650
2010-09-17,23750
2010-09-16,23325
2010-09-15,22860
2010-09-14,22195
2010-09-13,22050
2010-09-10,21800
2010-09-09,21750
2010-09-08,20980
2010-09-07,20875
2010-09-06,21375
2010-09-03,21450
2010-09-02,21550
2010-09-01,21430
2010-08-31,21350
2010-08-27,21400
2010-08-26,20875
2010-08-25,20250
2010-08-24,20550
2010-08-23,20750
2010-08-20,20840
2010-08-19,21495
2010-08-18,21450
2010-08-17,21750
2010-08-16,20800
2010-08-13,20740
2010-08-12,20250
2010-08-11,20345
2010-08-10,20605
2010-08-09,21480
2010-08-06,20800
2010-08-05,20645
2010-08-04,19875
2010-08-03,19775
2010-08-02,19825
2010-07-30,19550
2010-07-29,19550
2010-07-28,19410
2010-07-27,19500
2010-07-26,19235
2010-07-23,18635
2010-07-22,18395
2010-07-21,18280
2010-07-20,17925
2010-07-19,17855
2010-07-16,17855
2010-07-15,18110
2010-07-14,18060
2010-07-13,17600
2010-07-12,17740
2010-07-09,17700
2010-07-08,17670
2010-07-07,17650
2010-07-06,17440
2010-07-05,17250
2010-07-02,17300
2010-07-01,17500
2010-06-30,17475
2010-06-29,17750
2010-06-28,18110
2010-06-25,18050
2010-06-24,17900
2010-06-23,17810
2010-06-22,17875
2010-06-21,17980
2010-06-18,17450
2010-06-17,17300
2010-06-16,17700
2010-06-15,17080
2010-06-14,16925
2010-06-11,16845
2010-06-10,16500
2010-06-09,16395
2010-06-08,15830
2010-06-07,16150
2010-06-04,17245
2010-06-03,17585
2010-06-02,17650
2010-06-01,17430
2010-05-28,18105
2010-05-27,17725
2010-05-26,17710
2010-05-25,17350
2010-05-24,17705
2010-05-21,17255
2010-05-20,17110
2010-05-19,17105
2010-05-18,17105
2010-05-17,17700
2010-05-14,17550
2010-05-13,17630
2010-05-12,17795
2010-05-11,17425
2010-05-10,17950
2010-05-07,17555
2010-05-06,17650
2010-05-05,17250
2010-05-04,18080
2010-04-30,18095
2010-04-29,18450
2010-04-28,18100
2010-04-27,18805
2010-04-26,19050
2010-04-23,18955
2010-04-22,18820
2010-04-21,18935
2010-04-20,19120
2010-04-19,18700
2010-04-16,19135
2010-04-15,18755
2010-04-14,18630
2010-04-13,18725
2010-04-12,18695
2010-04-09,18605
2010-04-08,18580
2010-04-07,18475
2010-04-06,18350
2010-04-01,18690
2010-03-31,18355
2010-03-30,18325
2010-03-29,17800
2010-03-26,17630
2010-03-25,17500
2010-03-24,17250
2010-03-23,17550
2010-03-22,17625
2010-03-19,17675
2010-03-18,17695
2010-03-17,17555
2010-03-16,17510
2010-03-15,17500
2010-03-12,17550
2010-03-11,17430
2010-03-10,17650
2010-03-09,17250
2010-03-08,17550
2010-03-05,17425
2010-03-04,17555
2010-03-03,17200
2010-03-02,16975
2010-03-01,17080
2010-02-26,16675
2010-02-25,16830
2010-02-24,16660
2010-02-23,17000
2010-02-22,17005
2010-02-19,16900
2010-02-18,16655
2010-02-17,16700
2010-02-16,16605
2010-02-15,16400
2010-02-12,16125
2010-02-11,16000
2010-02-10,15955
2010-02-09,15500
2010-02-08,14950
2010-02-05,15665
2010-02-04,16620
2010-02-03,16600
2010-02-02,16330
2010-02-01,16060
2010-01-29,17045
2010-01-28,17650
2010-01-27,17925
2010-01-26,17750
2010-01-25,17750
2010-01-22,17725
2010-01-21,17910
2010-01-20,17950
2010-01-19,17630
2010-01-18,17930
2010-01-15,18100
2010-01-14,18200
2010-01-13,17725
2010-01-12,17730
2010-01-11,17825
2010-01-08,17415
2010-01-07,17680
2010-01-06,17500
2010-01-05,17405
2010-01-04,17450
2009-12-31,16725
2009-12-30,16745
2009-12-29,16575
2009-12-24,16145
2009-12-23,15780
2009-12-22,15800
2009-12-21,15875
2009-12-18,15780
2009-12-17,15645
2009-12-16,15325
2009-12-15,15260
2009-12-14,15155
2009-12-11,15200
2009-12-10,15200
2009-12-09,15175
2009-12-08,14960
2009-12-07,14950
2009-12-04,15050
2009-12-03,15130
2009-12-02,15050
2009-12-01,14960
2009-11-30,14800
2009-11-27,14825
2009-11-26,15025
2009-11-25,15000
2009-11-24,14960
2009-11-23,15075
2009-11-20,15000
2009-11-19,15100
2009-11-18,15255
2009-11-17,14800
2009-11-16,14880
2009-11-13,14855
2009-11-12,14775
2009-11-11,14945
2009-11-10,14860
2009-11-09,15050
2009-11-06,14975
2009-11-05,15010
2009-11-04,15000
2009-11-03,14700
2009-11-02,14900
2009-10-30,14755
2009-10-29,15400
2009-10-28,15095
2009-10-27,15510
2009-10-26,15500
2009-10-23,15350
2009-10-22,14820
2009-10-21,14750
2009-10-20,15050
2009-10-19,14760
2009-10-16,14925
2009-10-15,14600
2009-10-14,14655
2009-10-13,15050
2009-10-12,15175
2009-10-09,15100
2009-10-08,15305
2009-10-07,15050
2009-10-06,14800
2009-10-05,14600
2009-10-02,14700
2009-10-01,15245
2009-09-30,15105
2009-09-29,15125
2009-09-28,14900
2009-09-25,14925
2009-09-24,15150
2009-09-23,15200
2009-09-22,15445
2009-09-21,14800
2009-09-18,15100
2009-09-17,15000
2009-09-16,14810
2009-09-15,14700
2009-09-14,14650
2009-09-11,14820
2009-09-10,14900
2009-09-09,15275
2009-09-08,15100
2009-09-07,14700
2009-09-04,14605
2009-09-03,14610
2009-09-02,14050
2009-09-01,14150
2009-08-28,14400
2009-08-27,14250
2009-08-26,14225
2009-08-25,14600
2009-08-24,14825
2009-08-21,14400
2009-08-20,14650
2009-08-19,14100
2009-08-18,14900
2009-08-17,14600
2009-08-14,15550
2009-08-13,15650
2009-08-12,14910
2009-08-11,14975
2009-08-10,15240
2009-08-07,14850
2009-08-06,15700
2009-08-05,15355
2009-08-04,14800
2009-08-03,15415
2009-07-31,15000
2009-07-30,14610
2009-07-29,14350
2009-07-28,14705
2009-07-27,15050
2009-07-24,14955
2009-07-23,14425
2009-07-22,14250
2009-07-21,14200
2009-07-20,13755
2009-07-17,13175
2009-07-16,13210
2009-07-15,13370
2009-07-14,13085
2009-07-13,12650
2009-07-10,12450
2009-07-09,13350
2009-07-08,14105
2009-07-07,14450
2009-07-06,14300
2009-07-03,14500
2009-07-02,14490
2009-07-01,14460
2009-06-30,14950
2009-06-29,14790
2009-06-26,15000
2009-06-25,14800
2009-06-24,14700
2009-06-23,14595
2009-06-22,14615
2009-06-19,15000
2009-06-18,14900
2009-06-17,14880
2009-06-16,15150
2009-06-15,15340
2009-06-12,15700
2009-06-11,15825
2009-06-10,15850
2009-06-09,15150
2009-06-08,14675
2009-06-05,14725
2009-06-04,14650
2009-06-03,14840
2009-06-02,14750
2009-06-01,14800
2009-05-29,14325
2009-05-28,13680
2009-05-27,13955
2009-05-26,13900
2009-05-22,13975
2009-05-21,13705
2009-05-20,14000
2009-05-19,14000
2009-05-18,13695
2009-05-15,13775
2009-05-14,13600
2009-05-13,13895
2009-05-12,14400
2009-05-11,13850
2009-05-08,14340
2009-05-07,14025
2009-05-06,13400
2009-05-05,12750
2009-05-01,12805
2009-04-30,12560
2009-04-29,12300
2009-04-28,12105
2009-04-27,12400
2009-04-24,12700
2009-04-23,12770
2009-04-22,12500
2009-04-21,11920
2009-04-20,12400
2009-04-17,12200
2009-04-16,11600
2009-04-15,11600
2009-04-14,11100
2009-04-09,11055
2009-04-08,11000
2009-04-07,10860
2009-04-06,11075
2009-04-03,11000
2009-04-02,11075
2009-04-01,10650
2009-03-31,10425
2009-03-30,10330
2009-03-27,10210
2009-03-26,10305
2009-03-25,10225
2009-03-24,10355
2009-03-23,10600
2009-03-20,10450
2009-03-19,10650
2009-03-18,10055
2009-03-17,10475
2009-03-16,10550
2009-03-13,10800
2009-03-12,11000
2009-03-11,11055
2009-03-10,11150
2009-03-09,11275
2009-03-06,11350
2009-03-05,11100
2009-03-04,10650
2009-03-03,10810
2009-03-02,11050
2009-02-27,11000
2009-02-26,10950
2009-02-25,10950
2009-02-24,10510
2009-02-23,10840
2009-02-20,10800
2009-02-19,11150
2009-02-18,10900
2009-02-17,11010
2009-02-16,11110
2009-02-13,11400
2009-02-12,11205
2009-02-11,11150
2009-02-10,11150
2009-02-09,11300
2009-02-06,11200
2009-02-05,11225
2009-02-04,11450
2009-02-03,10875
2009-02-02,10610
2009-01-30,10870
2009-01-29,10900
2009-01-28,11475
2009-01-27,11750
2009-01-26,12035
2009-01-23,11055
2009-01-22,11410
2009-01-21,11350
2009-01-20,10830
2009-01-19,10805
2009-01-16,11300
2009-01-15,11005
2009-01-14,11465
2009-01-13,11305
2009-01-12,11600
2009-01-09,11350
2009-01-08,11250
2009-01-07,11925
2009-01-06,12200
2009-01-05,11400
2009-01-02,11550
2008-12-31,10355
2008-12-30,10070
2008-12-29,10000
2008-12-24,10000
2008-12-23,10005
2008-12-22,10505
2008-12-19,10600
2008-12-18,11000
2008-12-17,11150
2008-12-16,11400
2008-12-15,11750
2008-12-12,11505
2008-12-11,12250
2008-12-10,12000
2008-12-09,11800
2008-12-08,11505
2008-12-05,11585
2008-12-04,11705
2008-12-03,11900
2008-12-02,12105
2008-12-01,12850
2008-11-28,12310
2008-11-27,12700
2008-11-26,13105
2008-11-25,13000
2008-11-24,11955
2008-11-21,11900
2008-11-20,11500
2008-11-19,12255
2008-11-18,12900
2008-11-17,13900
2008-11-14,14370
2008-11-13,14150
2008-11-12,14125
2008-11-11,14700
2008-11-10,15450
2008-11-08,15100
2008-11-07,15100
2008-11-06,15100
2008-11-05,15100
2008-11-04,15250
2008-11-03,14000
2008-10-31,13860
2008-10-30,14700
2008-10-29,15205
2008-10-28,15000
2008-10-27,12460
2008-10-24,11350
2008-10-23,11580
2008-10-22,12000
2008-10-21,11960
2008-10-20,13260
2008-10-17,13300
2008-10-16,13855
2008-10-15,14010
2008-10-14,14860
2008-10-13,14300
2008-10-10,13800
2008-10-09,15000
2008-10-08,15525
2008-10-07,16300
2008-10-06,16660
2008-10-03,16950
2008-10-02,17655
2008-10-01,17650
2008-09-30,17175
2008-09-29,17815
2008-09-26,18000
2008-09-25,17455
2008-09-24,17700
2008-09-23,17525
2008-09-22,17555
2008-09-19,17195
2008-09-18,17165
2008-09-17,18400
2008-09-16,18350
2008-09-15,18660
2008-09-12,19150
2008-09-11,19005
2008-09-10,18410
2008-09-09,19025
2008-09-08,18925
2008-09-05,18850
2008-09-04,19700
2008-09-03,19400
2008-09-02,19200
2008-09-01,19455
2008-08-29,19955
2008-08-28,20000
2008-08-27,20550
2008-08-26,20700
2008-08-22,21800
2008-08-21,21400
2008-08-20,20000
2008-08-19,19900
2008-08-18,19450
2008-08-15,18675
2008-08-14,19050
2008-08-13,17625
2008-08-12,18150
2008-08-11,18975
2008-08-08,19925
2008-08-07,20500
2008-08-06,20800
2008-08-05,20260
2008-08-04,21110
2008-08-01,21700
2008-07-31,22535
2008-07-30,22350
2008-07-29,22510
2008-07-28,22550
2008-07-25,22375
2008-07-24,22900
2008-07-23,23395
2008-07-22,23525
2008-07-21,23305
2008-07-18,23420
2008-07-17,23510
2008-07-16,23205
2008-07-15,24100
2008-07-14,23590
2008-07-11,23325
2008-07-10,23200
2008-07-09,23095
2008-07-08,23130
2008-07-07,23375
2008-07-04,22545
2008-07-03,23075
2008-07-02,23700
2008-07-01,23490
2008-06-30,23310
2008-06-27,23345
2008-06-26,23105
2008-06-25,22975
2008-06-24,23400
2008-06-23,23225
2008-06-20,22850
2008-06-19,22350
2008-06-18,22505
2008-06-17,21950
2008-06-16,21850
2008-06-13,21375
2008-06-12,21175
2008-06-11,21200
2008-06-10,21300
2008-06-09,22250
2008-06-06,22550
2008-06-05,22600
2008-06-04,21300
2008-06-03,21550
2008-06-02,20650
2008-05-30,21175
2008-05-29,22655
2008-05-28,23850
2008-05-27,24275
2008-05-23,23690
2008-05-22,24420
2008-05-21,24275
2008-05-20,23850
2008-05-19,24200
2008-05-16,25240
2008-05-15,25500
2008-05-14,25155
2008-05-13,25395
2008-05-12,24700
2008-05-09,24565
2008-05-08,24600
2008-05-07,24270
2008-05-06,23500
2008-05-02,22840
2008-05-01,23090
2008-04-30,23600
2008-04-29,24005
2008-04-28,23900
2008-04-25,23860
2008-04-24,24155
2008-04-23,23485
2008-04-22,22200
2008-04-21,21905
2008-04-18,21675
2008-04-17,21790
2008-04-16,21475
2008-04-15,21080
2008-04-14,20900
2008-04-11,20705
2008-04-10,20900
2008-04-09,20525
2008-04-08,20350
2008-04-07,20450
2008-04-04,19950
2008-04-03,19780
2008-04-02,19825
2008-04-01,19975
2008-03-31,20525
2008-03-28,20600
2008-03-27,20400
2008-03-26,20225
2008-03-25,20000
2008-03-20,19550
2008-03-19,20605
2008-03-18,20700
2008-03-17,20450
2008-03-14,20800
2008-03-13,19855
2008-03-12,19205
2008-03-11,19200
2008-03-10,18950
2008-03-07,19250
2008-03-06,19200
2008-03-05,18850
2008-03-04,19190
2008-03-03,18720
2008-02-29,18700
2008-02-28,18425
2008-02-27,17900
2008-02-26,17725
2008-02-25,17530
2008-02-22,17335
2008-02-21,17450
2008-02-20,17005
2008-02-19,16950
2008-02-18,17000
2008-02-15,16780
2008-02-14,17005
2008-02-13,16955
2008-02-12,17055
2008-02-11,16950
2008-02-08,16975
2008-02-07,16700
2008-02-06,16680
2008-02-05,16600
2008-02-04,16780
2008-02-01,16910
2008-01-31,16835
2008-01-30,16700
2008-01-29,16575
2008-01-28,16250
2008-01-25,16300
2008-01-24,16550
2008-01-23,16345
2008-01-22,16000
2008-01-21,16175
2008-01-18,16450
2008-01-17,16350
2008-01-16,16060
2008-01-15,16145
2008-01-14,16350
2008-01-11,16175
2008-01-10,16150
2008-01-09,16450
2008-01-08,16400
2008-01-07,16200
2008-01-04,16550
2008-01-03,16355
2008-01-02,16055
