"Simple_LR","ARIMA","Random_Forest","Actual_Price","Date"
8065.23346040095,7769.5,9542.07952777778,8437,2024-03-04
8078.70980276962,7764.5,9539.91022222222,8394,2024-03-01
7953.98899537173,7716,9515.74020833333,8389,2024-02-29
7948.01854257933,7772,9518.73243055555,8340.5,2024-02-28
7952.80530805902,7748.5,9542.86341666667,8396.5,2024-02-27
7891.51507499072,7818,9515.74020833333,8373,2024-02-26
7864.8426698878,7857.5,9515.13395833333,8442.5,2024-02-23
7941.19006297111,7847.5,9542.07952777778,8482,2024-02-22
7913.63668170767,7742,9515.74020833333,8472,2024-02-21
7913.40579649946,7740,9515.74020833333,8366.5,2024-02-20
NA,7697.5,NA,8364.5,2024-02-19
7935.26296792536,7528.5,9542.07952777778,8322,2024-02-16
7882.52068297389,7509,9515.74020833333,8153,2024-02-15
7811.50345939446,7560.5,9515.13395833333,8133.5,2024-02-14
7848.94499440892,7461,9515.74020833333,8185,2024-02-13
7812.34151477544,7467,9515.13395833333,8085.5,2024-02-12
7842.03821521003,7577.5,9515.13395833333,8091.5,2024-02-09
7824.04557933231,7656,9515.13395833333,8202,2024-02-08
7732.4667213132,7655.5,9497.02995833333,8280.5,2024-02-07
7718.89858156571,7704.5,9487.37606944444,8280,2024-02-06
7691.91453158102,7775.5,8744.47668055556,8329,2024-02-05
7659.97834492545,7812.5,7926.07205555555,8400,2024-02-02
7744.20441681277,7888.5,9515.13395833333,8437,2024-02-01
7848.91767539318,7837.5,9515.13395833333,8513,2024-01-31
7930.82735323002,7796.5,9515.74020833333,8462,2024-01-30
7864.59391722042,7822.5,9515.13395833333,8421,2024-01-29
7895.53052914788,7861.5,9515.74020833333,8447,2024-01-26
7861.70608791551,7835.5,9515.13395833333,8486,2024-01-25
7758.09786094991,7659,9515.13395833333,8460,2024-01-24
7723.30993601504,7630,9515.13395833333,8283.5,2024-01-23
7759.06047071821,7650.5,9515.13395833333,8254.5,2024-01-22
7686.95433511475,7564.5,9324.09823611111,8275,2024-01-19
7722.97061601028,7605.5,9497.02995833333,8189,2024-01-18
7647.82950347714,7655.5,8679.37676388889,8230,2024-01-17
7621.44754177971,7614,7552.57386111111,8280,2024-01-16
NA,7664.5,NA,8238.5,2024-01-15
7688.61337149188,7707.5,8740.82572222222,8289,2024-01-12
7646.37490722669,7660.5,7236.55426388888,8332,2024-01-11
7634.01173712806,7677,7058.47648611111,8285,2024-01-10
7629.56008370181,7670.5,7265.32826388888,8301.5,2024-01-09
7581.8281827172,7722,6606.73702777778,8295,2024-01-08
7702.17984423082,7750.5,9491.85454166666,8346.5,2024-01-05
7633.32170330606,7756.5,7264.77709722222,8375,2024-01-04
7679.56371008895,7805.5,8757.04654166667,8381,2024-01-03
7579.00237169247,7851.5,6593.01445833333,8430,2024-01-02
7624.24182583739,7905.5,7194.84243055555,8476,2023-12-29
7669.1113069447,7887,7230.93079166666,8530,2023-12-28
7766.71334619955,7874.5,9497.02995833333,8511.5,2023-12-27
7830.93992906478,7835.5,9515.13395833333,8499,2023-12-26
7736.56503911959,7842,8810.04191666666,8460,2023-12-22
7749.30703512555,7814.5,9324.09823611111,8466.5,2023-12-21
7731.78597732804,7798.5,9487.37606944444,8439,2023-12-20
7712.35450868339,7846.5,8748.79779166667,8423,2023-12-19
7657.39743472404,7837,7236.55426388888,8471,2023-12-18
7586.92063725893,7580.5,6606.73702777778,8461.5,2023-12-15
7589.03382122419,7647.5,6697.84295833333,8205,2023-12-14
7503.86125915934,7651,6603.49155555556,8272,2023-12-13
7453.65863063828,7723.5,6675.82151388889,8275.5,2023-12-12
7562.34231862065,7596.5,6598.07401388889,8348,2023-12-11
7570.72358464497,7672.5,6593.03445833333,8221,2023-12-08
7430.01874238214,7634.5,6608.97725,8297,2023-12-07
7423.76765384806,7792.5,6608.97725,8259,2023-12-06
7563.76844667377,7831.5,7194.94951388889,8417,2023-12-05
7623.93998861941,7707.5,7931.09955555555,8456,2023-12-04
7706.51587699934,7759.5,9362.40994444444,8332,2023-12-01
7792.52859842084,7653.5,9515.13395833333,8384,2023-11-30
7859.14602308316,7656.5,9515.13395833333,8278,2023-11-29
7803.65701977198,7675.5,9515.13395833333,8281,2023-11-28
7794.72079419126,7683,9515.13395833333,8300,2023-11-27
7768.86226508317,7671.5,9515.13395833333,8307.5,2023-11-24
NA,7699.5,NA,8296,2023-11-23
7844.77468893884,7622.5,9515.13395833333,8324,2023-11-22
7876.08845976508,7516.5,9515.74020833333,8247,2023-11-21
7853.2929388169,7541,9515.13395833333,8141,2023-11-20
7759.03077247943,7544.5,9515.13395833333,8165.5,2023-11-17
7642.72092934464,7456.5,9303.40136111111,8169,2023-11-16
7810.3537591317,7390,9515.13395833333,8081,2023-11-15
7858.08057823079,7381.5,9515.74020833333,8014.5,2023-11-14
7848.66015071592,7406,9515.74020833333,8006,2023-11-13
NA,7463.5,NA,8030.5,2023-11-10
7714.35390071919,7443.5,9515.13395833333,8088,2023-11-09
7696.15718082203,7512,9515.13395833333,8068,2023-11-08
7765.7487941753,7446,9515.13395833333,8136.5,2023-11-07
7903.2848152843,7441.5,9525.32998611111,8070.5,2023-11-06
7929.48774628266,7416.5,9536.64604166667,8066,2023-11-03
7993.44647897987,7413.5,9527.78605555555,8041,2023-11-02
7928.23258913322,7485.5,9539.91022222222,8038,2023-11-01
7972.93372113947,7339,9521.67943055556,8110,2023-10-31
8046.17764536623,7314.5,9527.78605555555,7963.5,2023-10-30
8167.99152595859,7321.5,9571.27519444444,7939,2023-10-27
8064.18814870314,7276,9532.89586111111,7946,2023-10-26
8170.30581603342,7200,9571.27519444444,7900.5,2023-10-25
8120.89272240132,7251.5,9543.21198611111,7824.5,2023-10-24
8138.61750811102,7313.5,9552.89630555556,7876,2023-10-23
8292.93690663771,7323,9534.04426388889,7938,2023-10-20
8299.72246546639,7222,9533.48301388889,7947.5,2023-10-19
8245.64978254453,7295.5,9506.46393055555,7846.5,2023-10-18
8174.94420384688,7266.5,9560.75269444445,7920,2023-10-17
8195.31699992368,7370.5,9560.75269444445,7891,2023-10-16
8221.22790136786,7319,9538.71175,7995,2023-10-13
7999.63590534102,7283,9527.78605555555,7943.5,2023-10-12
7993.38358676548,7391,9533.16469444444,7907.5,2023-10-11
8085.53983585872,7262.5,9570.52923611111,8015.5,2023-10-10
NA,7188,NA,7887,2023-10-09
7888.38933633614,7286,9527.78605555555,7812.5,2023-10-06
7871.17309366647,7335.5,9513.94276388889,7910.5,2023-10-05
7942.42505429818,7476,9542.37448611111,7960,2023-10-04
8140.23299235397,7606,9533.56168055555,8100.5,2023-10-03
8096.401798803,7487.5,9558.58825,8230.5,2023-10-02
8163.28199174782,7392.5,9397.57186111111,8112,2023-09-29
8204.88735858566,7441.5,9331.42801388888,8017,2023-09-28
8300.15128448676,7482.5,9352.47144444444,8066,2023-09-27
8211.37143630361,7563.5,9356.86584722222,8107,2023-09-26
8160.56286765123,7476.5,9494.00136111111,8188,2023-09-25
8190.3420756278,7652.5,9466.0558611111,8101,2023-09-22
8187.2594521403,7609,9503.05829166666,8277,2023-09-21
8208.92437032636,7695.5,9533.65476388889,8233.5,2023-09-20
8314.58324515009,7752,9355.04259722222,8320,2023-09-19
8339.4392216202,7798.5,9354.91275,8376.5,2023-09-18
8304.27798963062,7728.5,9362.55861111111,8423,2023-09-15
8309.55876470826,7713,9466.0558611111,8353,2023-09-14
8226.28426488399,7708,9514.94588888889,8337.5,2023-09-13
8237.91142161135,7600.5,9543.07426388889,8332.5,2023-09-12
8161.31106790934,7618,9557.298125,8225,2023-09-11
8153.11391446961,7770.5,9536.73077777778,8242.5,2023-09-08
8125.2718376691,7805.5,9556.70345833333,8395,2023-09-07
8157.78331142316,7781.5,9536.73077777778,8430,2023-09-06
8138.57037938016,7890.5,9560.75269444445,8406,2023-09-05
NA,7735,NA,8515,2023-09-04
8080.19565073974,7770,9562.16998611111,8359.5,2023-09-01
7997.86291531471,7750.5,9533.16469444444,8394.5,2023-08-31
7926.7074778401,7757,9521.67943055556,8375,2023-08-30
7918.93207108724,7734,9536.64604166667,8381.5,2023-08-29
7902.27622596673,7753,9540.87088888889,8358.5,2023-08-28
7895.13181266556,7717.5,9541.32666666667,8377.5,2023-08-25
7852.83466413731,7615,9542.07952777778,8342,2023-08-24
7835.78168868318,7551.5,9515.74020833333,8239.5,2023-08-23
7883.12539306376,7590.5,9542.25708333333,8176,2023-08-22
7879.36166948385,7507.5,9540.87088888889,8215,2023-08-21
7893.66836354537,7502,9536.64604166667,8132,2023-08-18
7867.73451275649,7617.5,9542.25708333333,8126.5,2023-08-17
7824.83019405546,7617.5,9518.73243055555,8242,2023-08-16
7867.66864263224,7799,9539.91022222222,8242,2023-08-15
7925.59438642991,7770.5,9522.19209722222,8423.5,2023-08-14
7945.99187971983,7651.5,9533.05177777778,8395,2023-08-11
7928.87811602698,7870.5,9527.78605555555,8276,2023-08-10
8011.76739715709,7826,9543.00198611111,8495,2023-08-09
7960.13653660726,7847.5,9527.78605555555,8450.5,2023-08-08
7928.53494417815,7920.5,9521.67943055556,8472,2023-08-07
7967.05260564298,8096,9527.78605555555,8545,2023-08-04
7918.52434001548,8011,9525.32998611111,8720.5,2023-08-03
7832.33048391925,7967.5,9542.07952777778,8635.5,2023-08-02
7924.49777071774,7954,9532.24743055556,8592,2023-08-01
7955.91437662805,7909.5,9521.67943055556,8578.5,2023-07-31
7910.1204807537,7972.5,9541.32666666667,8534,2023-07-28
7884.44431636179,7805.5,9542.25708333333,8597,2023-07-27
7846.93008146916,7797.5,9515.74020833333,8430,2023-07-26
7879.69538977613,7918.5,9543.38952777778,8422,2023-07-25
7877.97461036621,7729.5,9515.74020833333,8543,2023-07-24
7790.95548446265,7785.5,9515.13395833333,8354,2023-07-21
7686.03603788715,7836,9515.13395833333,8410,2023-07-20
7706.64182314782,8026.5,9515.13395833333,8460.5,2023-07-19
7713.61149456109,7960.5,9515.13395833333,8651,2023-07-18
7643.47226923233,7742.5,9497.02995833333,8585,2023-07-17
7678.69603732904,7746.5,9515.13395833333,8367,2023-07-14
7745.13740920215,7661.5,9515.13395833333,8371,2023-07-13
7711.0871646471,7674.5,9515.13395833333,8286,2023-07-12
7672.47595793505,7655.5,9515.13395833333,8299,2023-07-11
7563.06439723666,7626.5,8756.83654166667,8280,2023-07-10
7610.23204882803,7724.5,9487.37606944444,8251,2023-07-07
7517.2237287387,7730.5,7171.47623611111,8349,2023-07-06
7515.38522469539,7585.5,7181.89923611111,8355,2023-07-05
NA,7541,NA,8210,2023-07-04
7387.15873622182,7643.5,6600.52836111111,8165.5,2023-07-03
7429.84110344423,7742.5,6593.01445833333,8268,2023-06-30
7373.13355183619,7812.5,6594.65263888889,8367,2023-06-29
7374.85766526322,7865.5,6600.60336111111,8437,2023-06-28
7303.85699824166,8046,6687.26508333333,8490,2023-06-27
7358.63381146048,7865.5,6603.49155555556,8670.5,2023-06-26
7350.78316388669,7940.5,6608.97725,8490,2023-06-23
7349.31586292243,7917.5,6603.16155555556,8565,2023-06-22
7486.3990473446,7936.5,7508.15938888888,8542,2023-06-21
7419.5107946044,7854.5,6598.15130555556,8561,2023-06-20
NA,7832.5,NA,8479,2023-06-19
7464.41092874456,7797,7186.46076388889,8457,2023-06-16
7405.22494591193,7662.5,6593.01445833333,8421.5,2023-06-15
7329.78445624372,7743.5,6680.72688888889,8287,2023-06-14
7383.57439944823,7618.5,6600.22544444445,8368,2023-06-13
7316.76646941449,7727.5,6689.28166666667,8243,2023-06-12
7455.8365355462,7686.5,6595.67826388889,8352,2023-06-09
7494.57658545674,7640.5,6697.55129166667,8311,2023-06-08
7547.26062311224,7712.5,7280.67005555555,8265,2023-06-07
7521.62737949988,7586,7171.01373611111,8337,2023-06-06
7526.84911420721,7392.5,7236.55426388888,8210.5,2023-06-05
7524.79969639054,7497.5,7171.47623611111,8017,2023-06-02
7462.78492462332,7457.5,6595.67826388889,8122,2023-06-01
7379.63795709622,7297.5,6682.12483333334,8082,2023-05-31
7411.18769501619,7285.5,6600.22544444445,7922,2023-05-30
7565.26342276101,7336.5,7264.77709722222,7910,2023-05-26
7527.27427577105,7469.5,7172.44656944444,7961,2023-05-25
7636.6437896241,7597.5,9515.13395833333,8094,2023-05-24
7605.54899236662,7547,8740.82572222222,8222,2023-05-23
7542.8671361221,7551.5,7186.46076388889,8171.5,2023-05-22
7526.15050276286,7451.5,7058.47648611111,8176,2023-05-19
7514.59735681499,7662.5,7186.46076388889,8076,2023-05-18
7558.02975302378,7615.5,8659.182125,8287,2023-05-17
7477.28466499902,7642.5,6593.03445833333,8240,2023-05-16
7461.04171369565,7844.5,6606.73702777778,8267,2023-05-15
7441.29133344819,7958.5,6595.67826388889,8469,2023-05-12
7487.51039088638,7863.5,6593.03445833333,8583,2023-05-11
7564.38244660048,7914.5,7347.67472222222,8488,2023-05-10
7618.72683153443,7861.5,9324.09823611111,8539,2023-05-09
7566.62491073134,7948.5,8757.92556944445,8486,2023-05-08
7520.04779189501,7946.5,6699.437625,8573,2023-05-05
7409.81131749654,7841,6614.375125,8571,2023-05-04
7452.10969606625,7954.5,6610.56066666667,8465.5,2023-05-03
7586.98615127593,7896.5,7171.01373611111,8579,2023-05-02
7756.91627761286,8138,9515.13395833333,8521,2023-05-01
7826.71022711714,8191.5,9515.13395833333,8762.5,2023-04-28
7747.92609354734,8250.5,9515.13395833333,8816,2023-04-27
7716.59409915468,8250.5,9515.13395833333,8875,2023-04-26
7822.49962267014,8341.5,9515.13395833333,8875,2023-04-25
7930.39028002673,8360.5,9515.74020833333,8966,2023-04-24
7872.91526894022,8457.5,9515.13395833333,8985,2023-04-21
7830.01182417339,8377,9515.13395833333,9082,2023-04-20
7872.01904712313,8178.5,9515.74020833333,9001.5,2023-04-19
7952.52431621009,8213,9539.91022222222,8803,2023-04-18
7955.828017242,8211.5,9539.91022222222,8837.5,2023-04-17
8011.07807554959,8155.5,9526.43355555556,8836,2023-04-14
8003.58882339104,8305.5,9513.94276388889,8780,2023-04-13
8045.0020178489,8341.5,9533.99948611111,8930,2023-04-12
7959.26993216909,8310.5,9525.32998611111,8966,2023-04-11
7920.78836172988,8414,9542.86341666667,8935,2023-04-10
7944.67664654616,8427.5,9540.87088888889,9038.5,2023-04-06
7960.04159959886,8309.5,9540.87088888889,9052,2023-04-05
7939.79720975345,8251.5,9540.87088888889,8934,2023-04-04
7937.19930602707,8302.5,9542.25708333333,8876,2023-04-03
7784.91181396511,8292.5,9515.13395833333,8927,2023-03-31
7687.53049614743,8256,9497.02995833333,8917,2023-03-30
7620.92287914891,8199.5,8740.82572222222,8880.5,2023-03-29
7608.05632875563,8052.5,8757.92556944445,8824,2023-03-28
7626.60761431411,7996.5,8740.82572222222,8677,2023-03-27
7481.57428125118,7910.5,6603.16155555556,8621,2023-03-24
7506.83929969436,7900.5,6600.52836111111,8535,2023-03-23
7497.98697341678,8280.5,6593.01445833333,8525,2023-03-22
7422.65368850367,8026.5,6600.22544444445,8905,2023-03-21
7358.22512559466,8130.5,6688.84783333333,8651,2023-03-20
7300.26241683717,8183.5,6688.27054166667,8755,2023-03-17
7374.80529292713,8185.5,6682.053,8808,2023-03-16
7339.20313589018,8199.5,6689.68333333333,8810,2023-03-15
7541.00691277554,8194.5,6697.84295833333,8824,2023-03-14
7706.05672838555,8320.5,9515.13395833333,8819,2023-03-13
7726.31652560724,8271.5,9515.13395833333,8945,2023-03-10
7674.9025346505,8442,9515.13395833333,8896,2023-03-09
7769.2480016043,8219.5,9515.13395833333,9066.5,2023-03-08
7795.23160292666,8126.5,9515.13395833333,8844,2023-03-07
7856.51639800219,8182.5,9542.25708333333,8751,2023-03-06
7834.26848902951,8435.5,9542.07952777778,8807,2023-03-03
7719.14626591136,8496.5,9515.13395833333,9060,2023-03-02
7705.74437128928,8479,9515.13395833333,9121,2023-03-01
7612.83817406951,7812.5,9514.46979166666,9103.5,2023-02-28
7514.77698620087,7769.5,9533.54744444444,9015,2023-02-27
7520.83082046946,7764.5,9577.29994444444,8871,2023-02-24
7482.73026077309,7716,9577.29994444444,8892,2023-02-23
7470.9580603966,7772,9486.09648611111,8826,2023-02-22
7570.91818444003,7748.5,9514.60395833333,8931.5,2023-02-21
NA,7818,NA,8912,2023-02-20
7560.39185137615,7857.5,9526.62673611111,8905,2023-02-17
7641.02937853857,7847.5,9534.15369444444,8953.5,2023-02-16
7631.02560412983,7742,9577.58230555555,9006,2023-02-15
7632.74550960555,7740,9612.88291666666,8865,2023-02-14
7690.54792905735,7697.5,9604.42306944444,8891.5,2023-02-13
7692.00629629202,7528.5,9561.80301388889,9060,2023-02-10
7630.88739023465,7509,9527.03506944444,9114,2023-02-09
7659.60746528582,7560.5,9515.21020833333,9175,2023-02-08
7600.30455089415,7461,9514.60395833333,9075,2023-02-07
7459.58859006622,7467,9514.39294444444,9227,2023-02-06
7431.18313780668,7577.5,9278.60844444444,9345.5,2023-02-03
7527.13376351268,7656,9533.54744444444,9288.5,2023-02-02
7572.72182749918,7655.5,9514.60395833333,9258,2023-02-01
7681.997796105,7704.5,9515.21020833333,9308,2023-01-31
7653.95076135085,7775.5,9514.60395833333,9340.5,2023-01-30
7733.82293301048,7812.5,9542.72536111111,9232,2023-01-27
7787.2446510458,7888.5,9540.87088888889,9190,2023-01-26
7743.03034277633,7837.5,9542.19925,9436,2023-01-25
7739.40010731333,7796.5,9543.77258333333,9114,2023-01-24
7810.66906147001,7822.5,9524.79998611111,9145.5,2023-01-23
7864.22251975383,7861.5,9536.64604166667,9107,2023-01-20
7837.80394920383,7835.5,9542.25708333333,9071.5,2023-01-19
7806.5238093203,7659,9542.07952777778,8987,2023-01-18
7828.93796341839,7630,9542.25708333333,8766.5,2023-01-17
NA,7650.5,NA,8722,2023-01-16
7832.79821015539,7564.5,9544.43675,8362.5,2023-01-13
7781.32168309151,7605.5,9515.74020833333,8420,2023-01-12
7735.18128135123,7655.5,9515.13395833333,8209,2023-01-11
7625.50310052627,7614,9515.13395833333,8390,2023-01-10
7597.212038883,7664.5,9515.13395833333,8387,2023-01-09
7552.22133740548,7707.5,9459.98990277778,8395,2023-01-06
7523.65646977447,7660.5,9324.09823611111,8451,2023-01-05
7490.02122301222,7677,8710.65881944444,8308.5,2023-01-04
7667.23862146391,7670.5,9515.13395833333,8345.5,2023-01-03
7821.22465580557,7722,9542.25708333333,8327,2022-12-30
7749.31664840182,7750.5,9515.74020833333,8302,2022-12-29
7739.6462381781,7756.5,9515.74020833333,8331,2022-12-28
7738.11814897511,7805.5,9524.00631944444,8231.5,2022-12-27
7740.18456031676,7851.5,9541.45202777778,8383,2022-12-23
7660.77030722949,7905.5,9515.13395833333,8415,2022-12-22
7671.3910594748,7887,9515.07604166667,8381,2022-12-21
7537.49682936101,7874.5,9532.49694444444,8371.5,2022-12-20
7523.79940944793,7835.5,9514.60395833333,8490.5,2022-12-19
7470.33985251858,7842,9496.49995833333,8537,2022-12-16
7530.04629003069,7814.5,9533.54744444444,8334,2022-12-15
7571.34596780649,7798.5,9568.5955,8355.5,2022-12-14
7498.15687599873,7846.5,9568.5955,8440,2022-12-13
7378.66411523514,7837,8801.36820833333,8342,2022-12-12
7306.09620921526,7580.5,6606.73702777778,8216.5,2022-12-09
7299.61510940718,7647.5,6702.096125,8198,2022-12-08
7319.58061137932,7651,7213.37211111111,8035.5,2022-12-07
7405.96751378974,7723.5,9587.52940277777,7966,2022-12-06
7557.01930231013,7596.5,9576.97605555555,8070,2022-12-05
7687.01036490738,7672.5,9606.27884722222,7990.5,2022-12-02
7702.92344776254,7634.5,9642.756875,7962,2022-12-01
7681.25082588834,7792.5,9650.61831944444,7996,2022-11-30
7557.21707440259,7831.5,9581.64316666666,7900.5,2022-11-29
7559.99944682081,7707.5,9577.29994444444,8047,2022-11-28
7540.84519904087,7759.5,9576.97605555555,8155,2022-11-25
NA,7653.5,NA,8315,2022-11-24
7585.33506116651,7656.5,9579.10516666666,8343,2022-11-23
7697.93557617328,7675.5,9649.201875,8346,2022-11-22
7646.67889661236,7683,9649.42951388889,8441,2022-11-21
7640.80496697705,7671.5,9527.509625,8065,2022-11-18
7708.89267051349,7699.5,9425.91629166667,8035,2022-11-17
7913.83390330535,7622.5,9655.18325,7974,2022-11-16
7974.65132825199,7516.5,9619.52515277778,7954.5,2022-11-15
7859.88331468791,7541,9150.94669444445,7905,2022-11-14
8005.90816268357,7544.5,9154.60819444445,7510,2022-11-11
7863.45959166611,7456.5,8903.89188888889,7705,2022-11-10
7849.7332665886,7390,9157.30744444445,7745,2022-11-09
7978.86630237002,7381.5,8787.32259722223,7525,2022-11-08
8096.78420130701,7406,7625.93065277777,7663.5,2022-11-07
8122.92809193506,7463.5,7539.07781944444,7777,2022-11-04
7932.0609201281,7443.5,7862.87018055556,7762.5,2022-11-03
8033.43561669244,7512,7748.41536111111,7536,2022-11-02
7971.54627324675,7446,8487.85466666667,7661,2022-11-01
7909.90183062437,7441.5,9171.12736111111,7545,2022-10-31
7967.38664937468,7416.5,8694.12844444445,7585.5,2022-10-28
8019.42567796338,7413.5,8578.03165277778,7420,2022-10-27
8023.95265307043,7485.5,7862.28677777779,7536,2022-10-26
7898.25557639637,7339,9073.12409722223,7715,2022-10-25
7812.14299780067,7314.5,8514.01723611111,7688,2022-10-24
7787.21046960831,7321.5,8279.32045833333,7663,2022-10-21
7765.22199490102,7276,8232.85863888889,7625.5,2022-10-20
7759.3561250611,7200,8189.92425,7587,2022-10-19
7584.41184377311,7251.5,8324.10904166666,7655,2022-10-18
7725.20006751212,7313.5,8299.07447222222,7575.5,2022-10-17
7729.10498289708,7323,8300.17302777778,7744,2022-10-14
7867.27410143342,7222,8117.61997222222,7661,2022-10-13
7797.03239712783,7295.5,8331.95319444444,7596,2022-10-12
7906.1114675754,7266.5,7773.46065277778,7524,2022-10-11
7990.101572369,7370.5,7540.88754166668,7647,2022-10-10
8038.78504541666,7319,7875.03588888889,7660.5,2022-10-07
7854.87861129339,7283,8338.41158333333,7353,2022-10-06
7828.53063664591,7391,8101.10761111111,7475,2022-10-05
7745.57461145734,7262.5,8740.27133333334,7449,2022-10-04
7621.25426841017,7188,8332.14848611111,7446,2022-10-03
7471.37846351435,7145,9150.47355555555,7815,2022-09-30
7562.13328176758,7140,8974.34573611111,7761.5,2022-09-29
7578.3520536848,7091.5,8717.10261111111,7796,2022-09-28
7455.69924377725,7147.5,9059.76594444445,7772,2022-09-27
7381.69294195755,7124,9026.22793055556,7792,2022-09-26
7474.12001912868,7193.5,9099.42029166667,7806,2022-09-23
7672.61378305516,7233,8468.34233333334,7865,2022-09-22
7688.94344985183,7223,8732.68281944444,8230,2022-09-21
7759.91092289778,7117.5,8923.71861111111,8026,2022-09-20
7822.54688045289,7115.5,8867.392125,7985,2022-09-19
7810.11950723856,7073,8690.98291666667,7906,2022-09-16
7779.9589324119,6904,8351.67741666666,7730,2022-09-15
7877.00529989586,6884.5,8275.11575,7707,2022-09-14
7828.02209360588,6936,8568.14593055556,7652.5,2022-09-13
7844.4062367143,6836.5,8028.42645833334,7587,2022-09-12
7761.96471038548,6842.5,8717.75006944444,7702,2022-09-09
7619.79800515116,6953,8327.78995833333,7721,2022-09-08
7582.2361237007,7031.5,8744.22597222222,7910.5,2022-09-07
7823.0512155416,7031,8263.03094444444,8315,2022-09-06
NA,7080,NA,8155,2022-09-05
7807.63651195542,7151,8269.58470833333,8031.5,2022-09-02
7808.17308622567,7188,8202.945625,8100.5,2022-09-01
7943.6826388627,7264,7609.02870833334,8041,2022-08-31
8021.09512069112,7213,7395.16152777778,8051,2022-08-30
8290.16343528126,7172,7763.32695833333,8020,2022-08-29
8139.08309770368,7198,7478.71259722222,7955,2022-08-26
8156.00294114814,7237,7518.25502777777,7992,2022-08-25
8234.54812971435,7211,7597.720875,7865.5,2022-08-24
8264.08926662153,7034.5,7599.93547222222,8065,2022-08-23
8143.4280642018,7005.5,7422.10837499999,8140,2022-08-22
8123.45239845861,7026,7537.48351388889,7976,2022-08-19
8114.85724075105,6940,7525.93291666667,7971.5,2022-08-18
8021.42244819657,6981,7608.25218055555,7835,2022-08-17
7956.99432225466,7031,9003.85698611111,7830.5,2022-08-16
8069.04932926159,6989.5,7535.086,7642,2022-08-15
8203.15149523889,7040,7593.30425,7774,2022-08-12
8308.78742071792,7083,7656.22791666666,7819,2022-08-11
8225.60471827245,7036,7677.66279166666,7930.5,2022-08-10
8161.38111331709,7052.5,7550.4846111111,7800.5,2022-08-09
8203.70331516571,7046,7467.68752777778,7712,2022-08-08
8115.91375187383,7097.5,8169.27669444445,7552,2022-08-05
8094.93588959991,7126,8176.72570833334,7591.5,2022-08-04
8162.58651993305,7132,7539.64165277777,7448,2022-08-03
8348.09163916183,7181,7987.13190277777,7372,2022-08-02
8335.15361893182,7227,7515.0735,7231.5,2022-08-01
8544.71029019244,7281,7843.86984722222,7371,2022-07-29
8467.02015053219,7262.5,8784.82231944445,7281.5,2022-07-28
8517.27550749659,7250,8527.32608333334,7320,2022-07-27
8441.37412134617,7211,8990.72906944445,7000,2022-07-26
8520.38020639458,7217.5,8687.88675,7216,2022-07-25
8437.77576895747,7190,8977.88620833334,7267,2022-07-22
8467.2960604956,7174,8993.89902777778,7370.5,2022-07-21
8716.01627622205,7222,8495.48252777778,7623,2022-07-20
8769.6846429491,7212.5,8165.47833333334,7790,2022-07-19
8719.48622237936,6956,8501.40652777778,7835,2022-07-18
8470.53476533746,7023,8139.91086111111,7525.5,2022-07-15
8410.39038068785,7026.5,8755.61087500001,7807,2022-07-14
8435.70812757437,7099,8786.52075000001,8036,2022-07-13
8395.95615432915,6972,8540.44733333334,7975.5,2022-07-12
8740.1482318202,7048,7939.35298611111,8245,2022-07-11
8705.41863504115,7010,8280.63108333333,8446,2022-07-08
8610.9540516928,7168,8302.71269444444,8502,2022-07-07
8427.84696012228,7207,7414.51558333334,8353,2022-07-06
8491.70233990846,7083,7436.26544444445,8280.5,2022-07-05
NA,7135,NA,8578,2022-07-04
8832.1625768939,7029,7832.44454166666,8729,2022-07-01
8736.67582557998,7032,8180.5708611111,9000,2022-06-30
8902.92001010069,7051,8176.07209722222,8875,2022-06-29
8980.67689381939,7058.5,7869.71256944444,9101,2022-06-28
8888.26085435351,7047,7877.12133333333,9105,2022-06-27
8824.72132740042,7075,8114.92969444444,9257,2022-06-24
8668.54940921531,6998,8183.69290277778,9263,2022-06-23
8697.57306935287,6892,8109.14972222222,9290,2022-06-22
8894.37285505821,6916.5,8486.46202777777,9537,2022-06-21
NA,6920,NA,9630,2022-06-20
8847.02704670196,6832,8114.22004166666,9692,2022-06-17
9231.84139200076,6765.5,7946.98936111111,9612,2022-06-16
9129.32207705918,6757,7928.24829166667,9712,2022-06-15
9332.04764690895,6781.5,8355.53616666667,9455,2022-06-14
9425.29788991175,6839,8502.97963888889,9500.5,2022-06-13
9430.24407076291,6819,8498.65170833333,9520.5,2022-06-10
9468.88716054926,6887.5,8492.45741666667,9383,2022-06-09
9491.52834801149,6821.5,8488.512375,9359,2022-06-08
9396.05648624689,6817,8489.18030555555,9287,2022-06-07
9346.50692658802,6792,8489.18030555555,9460.5,2022-06-06
9381.57461333037,6789,8487.84966666667,9500.5,2022-06-03
9292.42443600237,6861,8487.84966666667,9477,2022-06-02
9222.92426392068,6714.5,8487.84966666667,9287,2022-06-01
9187.48239618941,6690,8487.84966666667,9264.5,2022-05-31
NA,6697,NA,9396,2022-05-30
9185.39986525699,6651.5,8496.98781944445,9270,2022-05-27
9230.33573431552,6575.5,8501.78168055556,9064,2022-05-26
9111.83063664059,6627,8488.65009722222,9018.5,2022-05-25
9153.78671729568,6689,8467.45633333333,9367,2022-05-24
9028.96851280649,6698.5,8493.54340277778,9350,2022-05-23
9132.82164059542,6597.5,8489.62979166666,9160,2022-05-20
9109.15320328209,6671,8493.54340277778,9428,2022-05-19
8989.397674236,6642,8491.62477777778,9541,2022-05-18
9111.00361896486,6746,8495.24236111111,9474,2022-05-17
9213.73209981139,6694.5,8469.29891666666,9511,2022-05-16
9032.28412547785,6658.5,8495.24236111111,9820.5,2022-05-13
8844.42004752628,6766.5,8494.24166666666,9812,2022-05-12
8816.53417601202,6638,8494.24166666666,9910,2022-05-11
8580.85060764833,6563.5,8664.13829166666,9912.5,2022-05-10
8711.68568144629,6661.5,8494.24166666666,9919,2022-05-09
8994.88130329163,6711,8492.50919444444,10230.5,2022-05-06
8952.90981526026,6851.5,8479.59820833333,10268,2022-05-05
8916.15287607503,6981.5,8486.31891666667,10215,2022-05-04
8681.02760128485,6863,8492.974125,10381,2022-05-03
8793.56049829897,6768,8489.14856944444,10277,2022-05-02
8735.76193069123,6817,8500.65901388889,10290.5,2022-04-29
8777.36729752908,6858,8495.967625,10201,2022-04-28
8620.4916860141,6939,8500.20856944445,10235.5,2022-04-27
8641.35900951582,6852,8501.40652777778,10390,2022-04-26
8532.85558227398,7028,8921.39094444444,10292,2022-04-25
8710.08016658685,6984.5,8492.54270833333,10350.5,2022-04-22
8737.96095621559,7071,8486.44430555555,10426,2022-04-21
8703.50166968747,7127.5,8488.62909722222,10301.5,2022-04-20
8733.71795086733,7174,8465.24072222222,10247,2022-04-19
8969.13875094851,7104,8460.90433333333,10337,2022-04-18
8900.21684387516,7088.5,8467.08330555555,10390.5,2022-04-14
8791.84269679891,7083.5,8467.08330555555,10350,2022-04-13
8622.40324604284,6976,8662.27870833333,10227,2022-04-12
8413.88819635568,6993.5,9219.34304166667,10280,2022-04-11
8564.87586262023,7146,8930.513125,10421,2022-04-08
8462.86421678448,7181,8846.14251388888,10311,2022-04-07
8497.2252322871,7157,8761.25083333333,10342,2022-04-06
8726.64282256738,7266,8465.24072222222,10173,2022-04-05
8832.02316562508,7110.5,8465.24072222222,10249,2022-04-04
8679.55330884695,7145.5,8989.12568055555,10166,2022-04-01
8740.96599232691,7126,8637.29795833333,10100.5,2022-03-31
9057.6535651538,7132.5,8458.19838888889,9826,2022-03-30
8940.10809933731,7109.5,8465.24072222222,9880,2022-03-29
9066.91580733865,7128.5,8458.19838888889,10145,2022-03-28
9450.59621585821,7093,8467.45633333333,10144,2022-03-25
9353.75059837657,6990.5,8467.45633333333,10052,2022-03-24
9347.52718496547,6927,8467.45633333333,10171,2022-03-23
9178.58944749549,6966,8467.45633333333,10730,2022-03-22
9216.19424972549,6883,8467.45633333333,10466,2022-03-21
8877.70354481736,6877.5,8465.24072222222,10470,2022-03-18
8809.56311283758,6993,8465.24072222222,10257.5,2022-03-17
8469.55063065345,6993,8987.59173611111,9976,2022-03-16
8523.67989386271,7174.5,8761.25083333333,9974,2022-03-15
8854.31609935297,7146,8465.24072222222,9920,2022-03-14
9096.32433006312,7027,8464.72316666666,9983,2022-03-11
8916.90492817722,7246,8465.24072222222,10005,2022-03-10
9075.90090951864,7201.5,8464.60483333333,10020,2022-03-09
9730.61829077144,7223,8467.45633333333,9960,2022-03-08
9552.98291661708,7296,8467.45633333333,10015,2022-03-07
9371.2840856405,7471.5,8467.45633333333,10010,2022-03-04
9004.35306748868,7386.5,8458.19838888889,10045.5,2022-03-03
9145.47465541272,7343,8467.45633333333,10020,2022-03-02
8841.47635014846,7329.5,8465.24072222222,9882,2022-03-01
8536.27772015376,7285,8782.558625,10040,2022-02-28
8301.70863496143,7348,9307.79391666667,10220.5,2022-02-25
8374.79437385817,7181,9179.53736111111,9881,2022-02-24
8387.70086712113,7173,9184.48834722222,9760,2022-02-23
8417.48813489308,7294,9184.48834722222,9850,2022-02-22
NA,7105,NA,9875,2022-02-21
8385.13099462497,7161,9355.04066666666,9785,2022-02-18
8478.1915253307,7211.5,9248.30777777778,9880,2022-02-17
8505.27472027509,7402,9304.95856944444,9701,2022-02-16
8392.1453346862,7336,9184.48834722222,9620,2022-02-15
8500.73424737989,7118,8770.53561111111,9678,2022-02-14
8379.4497551966,7122,9347.04319444444,9872,2022-02-11
8266.76971055771,7037,9474.4423611111,9965,2022-02-10
8200.27227622415,7050,9507.26170833333,9744,2022-02-09
8172.72572471464,7031,9534.16284722222,9800,2022-02-08
8305.21852398842,7002,9355.04066666666,9970,2022-02-07
8328.56130080486,7100,9184.84140277778,9925,2022-02-04
8234.61629820179,7106,9477.9823611111,9801,2022-02-03
8148.38460321154,6961,9509.665875,9707,2022-02-02
8141.19981007359,6916.5,9509.665875,9674.5,2022-02-01
8184.3520075078,7019,9534.04426388889,9900,2022-01-31
8081.26510915588,7118,9538.04758333333,9972,2022-01-28
8059.04487530618,7188,9539.78277777778,9945,2022-01-27
8106.88346321893,7241,9505.79976388889,9662,2022-01-26
7998.03825588943,7421.5,9573.28852777778,9665,2022-01-25
7900.62330712904,7241,9561.18413888889,9615,2022-01-24
7928.76896901594,7316,9564.27859722222,9565,2022-01-21
7966.07614197928,7293,9615.95484722222,9778,2022-01-20
7981.83909929981,7312,9620.11675,9660,2022-01-19
7902.94232298214,7230,9659.54615277778,9692,2022-01-18
NA,7208,NA,9715,2022-01-17
7837.51033350095,7172.5,9630.54731944444,9655,2022-01-14
7746.84310467522,7038,9630.97108333333,9582,2022-01-13
7763.46111090171,7119,9615.15804166666,9606,2022-01-12
7693.3895035656,6994,9605.231125,9625,2022-01-11
7570.45780578478,7103,9607.37290277777,9521,2022-01-10
7655.63667977662,7062,9561.10256944444,9406,2022-01-07
7705.07693070473,7016,9525.72731944444,9520,2022-01-06
7620.8508588174,7088,9527.03506944444,9506,2022-01-05
7572.53052905341,6961.5,9533.54744444444,9290,2022-01-04
7543.06804784413,6768,9527.03506944444,9485,2022-01-03
7515.52360031029,6873,9526.62673611111,9500,2021-12-31
7542.50939816338,6833,9578.15016666666,9543,2021-12-30
7529.60115703201,6673,9577.89433333333,9578,2021-12-29
7510.41204826792,6661,9577.29994444444,9555.5,2021-12-28
7494.39525639448,6712,9577.29994444444,9647,2021-12-27
NA,6845,NA,9526,2021-12-24
7422.02933041838,6973,9548.74777777777,9513,2021-12-23
7350.82886818856,6922.5,8791.32933333333,9520,2021-12-22
7275.24087478833,6927,6688.16311111111,9571,2021-12-21
7161.31933250786,6827,6611.64859722223,9605,2021-12-20
7303.51617294807,7038,6598.15130555556,9751,2021-12-17
7350.52440916797,6991,7278.80073611111,9630,2021-12-16
7269.69856146963,7018,6593.69466666667,9932,2021-12-15
7292.56590836179,7220,6594.19091666667,9852,2021-12-14
7300.54583610118,7334,6699.947125,9825.5,2021-12-13
7312.19681610746,7239,7189.72004166666,9730,2021-12-10
7282.70840764362,7290,6593.03445833333,9620.5,2021-12-09
7346.93796841872,7237,7285.73733333333,9450,2021-12-08
7329.64009214127,7324,7206.66648611111,9495,2021-12-07
7217.91038952398,7322,6600.52836111111,9680,2021-12-06
7062.00421753123,7216.5,6688.23320833333,9845,2021-12-03
7078.58946674922,7330,6688.27054166667,9854.5,2021-12-02
7042.04975326434,7272,6702.99459722222,9850,2021-12-01
7063.47747431522,7513.5,6688.73677777778,9791,2021-11-30
7180.65558889673,7567,6594.65263888889,10002,2021-11-29
NA,7626,NA,9885,2021-11-26
NA,7626,NA,9740,2021-11-25
7568.80937014579,7717,9566.98054166666,9785,2021-11-24
7558.40846540344,7736,9148.80277777778,9825,2021-11-23
7501.92409531546,7833,9559.93165277778,9817,2021-11-22
7473.86900076592,7752.5,9566.08526388889,9875,2021-11-19
7587.74464435698,7554,9302.52015277778,9955,2021-11-18
7567.65371406331,7588.5,9540.38929166666,9860,2021-11-17
7645.11086453969,7587,9162.62102777778,9849.5,2021-11-16
7676.70773119052,7531,9603.40979166666,9988,2021-11-15
7667.55007195815,7681,9261.40406944444,10050,2021-11-12
7704.46221856353,7717,9576.277375,9992,2021-11-11
7696.34880270723,7686,9605.42348611111,10051,2021-11-10
7821.87455237036,7789.5,9608.04169444444,10161,2021-11-09
7724.32821946872,7803,9575.541125,10652,2021-11-08
7693.22623635005,7685,9517.17369444444,10500,2021-11-05
7620.44146073709,7627,9624.63456944444,10555,2021-11-04
7761.83808469033,7678,9539.38022222222,9971,2021-11-03
7906.98703841098,7668,9532.36586111111,9661,2021-11-02
7925.58001470755,7631.5,9533.25023611111,9585,2021-11-01
7880.02383379534,7575,9532.44152777778,9527,2021-10-29
7865.18564734909,7428,9527.12188888889,9246,2021-10-28
7862.47720485051,7372,9527.12188888889,9177,2021-10-27
7984.41651376439,7286,9561.20209722222,9096,2021-10-26
7921.48380087682,7276,9542.68198611111,9091.5,2021-10-25
7894.29356289705,7656,9561.62547222222,9267.5,2021-10-22
7809.61465432289,7402,9573.14841666667,9113,2021-10-21
7870.73951619999,7506,9605.16797222222,9041,2021-10-20
7788.91024192947,7559,9625.090125,9227,2021-10-19
7726.44823318792,7561,8862.83654166667,9263,2021-10-18
7749.32451380967,7575,9588.30572222222,9341,2021-10-15
7716.35722545892,7570,9620.1475,9275,2021-10-14
7668.47186492256,7696,9584.34763888889,9252,2021-10-13
7695.91593745525,7647,9649.76525,9255,2021-10-12
7686.31735317551,7817.5,9650.16254166667,9106,2021-10-11
7632.62095521823,7595,9635.78855555555,9145.5,2021-10-08
7603.06492876173,7502,9624.09998611111,9435.5,2021-10-07
7555.26120183314,7558,9608.3005,9392,2021-10-06
7601.55172910806,7811,9466.30915277778,9488.5,2021-10-05
7541.48091827083,7872,9566.08526388889,9407,2021-10-04
7451.34518182983,7854.5,8607.18973611111,9627,2021-10-01
7411.28962349823,7188,8853.07806944445,9515,2021-09-30
7407.7639709877,7145,8635.88777777778,9356.5,2021-09-29
7462.07472497894,7140,9621.17394444444,9256,2021-09-28
7462.25585965367,7091.5,9607.37290277777,9325,2021-09-27
7358.45423026663,7147.5,8986.86477777778,9401.5,2021-09-24
7321.65560034332,7124,8826.61002777778,9361,2021-09-23
7278.36308503826,7193.5,7141.60158333333,9347,2021-09-22
7200.87790333165,7233,6594.19091666667,9312,2021-09-21
7199.9263312686,7223,6594.51397222222,9462.5,2021-09-20
7270.84492771528,7117.5,7112.12263888888,9352,2021-09-17
7305.18894969292,7115.5,7388.22195833333,9323,2021-09-16
7289.08544232619,7073,7386.95837499999,9378.5,2021-09-15
7198.91099305696,6904,6594.19091666667,9316.5,2021-09-14
7155.55348156186,6884.5,6594.19091666667,9237,2021-09-13
7143.41182597473,6936,6600.52836111111,8922,2021-09-10
7095.10463789164,6836.5,6675.82151388889,8775.5,2021-09-09
7141.91089406777,6842.5,6599.35719444445,9148.5,2021-09-08
7102.1470091831,6953,6618.71440277778,9346.5,2021-09-07
NA,7031.5,NA,9377,2021-09-06
7175.08051856954,7031,6599.35719444445,9429.5,2021-09-03
7187.90800002734,7080,6595.67826388889,9508.5,2021-09-02
7110.20769659605,7151,6610.56066666667,9421,2021-09-01
7108.43295870134,7188,6646.29136111111,9409.5,2021-08-31
7193.82187253233,7264,6603.16155555556,9311.5,2021-08-30
7190.73924904483,7213,6609.55147222223,9529.5,2021-08-27
7113.51175373521,7172,6689.68333333333,9429,2021-08-26
7158.60791209941,7198,6611.56636111111,9503,2021-08-25
7124.13460995618,7237,6689.15583333333,9583.5,2021-08-24
7036.42072445235,7211,6680.59191666667,9737,2021-08-23
6895.56400878647,7034.5,6852.12231944445,9747.5,2021-08-20
6958.75440807102,7005.5,6643.58254166667,9781,2021-08-19
7075.59864064054,7026,6703.48744444445,9697,2021-08-18
7095.99998577453,6940,6688.23320833333,9709,2021-08-17
7142.10552653065,6981,6689.68333333333,9580,2021-08-16
7184.27129091766,7031,6661.08586111112,9433.5,2021-08-13
7209.30034226711,6989.5,6603.21738888889,9382.5,2021-08-12
7226.39623850078,7040,6599.35719444445,9271.5,2021-08-11
7153.57922370627,7083,6675.10368055556,9211,2021-08-10
7072.25078878764,7036,6688.23320833333,9264.5,2021-08-09
7167.65415862538,7052.5,6675.82151388889,9396.5,2021-08-06
7200.86634779944,7046,6603.49155555556,9347,2021-08-05
7133.19153808015,7097.5,6680.89640277778,9309,2021-08-04
7237.14416693603,7126,6593.01445833333,9310,2021-08-03
7267.55734627414,7132,6702.80763888889,9347,2021-08-02
7384.32467101417,7181,9552.36727777778,9437.5,2021-07-30
7373.59337999665,7227,9412.48580555555,9264.5,2021-07-29
7305.07158116678,7281,7206.58493055555,9451.5,2021-07-28
7241.57041093467,7262.5,7055.742,9528,2021-07-27
7263.66013457733,7250,7104.14315277777,9432,2021-07-26
7239.78550926891,7211,7127.08079166666,9296.5,2021-07-23
7229.24726456558,7217.5,7165.556375,9342,2021-07-22
7195.16041115796,7190,6594.51397222222,9385,2021-07-21
7127.84052320722,7174,6689.68333333333,9225.5,2021-07-20
7097.70710567659,7222,6688.23320833333,9333.5,2021-07-19
7324.99960035215,7212.5,7184.031125,9432.5,2021-07-16
7331.5393844233,6956,7185.00145833333,9390.5,2021-07-15
7384.75193655367,7023,8804.566125,9289.5,2021-07-14
7502.16041851643,7026.5,9533.54744444444,9190.5,2021-07-13
7411.61738797077,7099,9604.56461111111,9042.5,2021-07-12
7426.76126347907,6972,9624.42561111111,9206,2021-07-09
7358.2067076407,7048,8837.76455555555,9427.5,2021-07-08
7328.94025065547,7010,7264.47086111111,9508,2021-07-07
7393.62475209305,7168,9427.22386111111,9552.5,2021-07-06
NA,7207,NA,9900,2021-07-05
7476.40647236082,7083,9579.10516666666,10029,2021-07-02
7471.86548163866,7135,9612.27666666666,9808.5,2021-07-01
7401.66161622709,7029,9378.68383333333,9877,2021-06-30
7403.33597912065,7032,8795.79402777778,9878.5,2021-06-29
7391.33551533858,7051,8803.41070833333,9848,2021-06-28
7424.71482357226,7058.5,9593.37838888888,9852,2021-06-25
7380.96736760472,7047,9044.78520833333,9967,2021-06-24
7378.42219232168,7075,8829.95515277777,10117.5,2021-06-23
7366.78399788907,6998,8838.59608333333,10212.5,2021-06-22
7390.24537327309,6892,9427.62115277777,10159.5,2021-06-21
7295.32584926227,6916.5,7190.220875,10032.5,2021-06-18
7269.41582175229,6920,6607.29136111111,9965,2021-06-17
7297.03384309853,6832,7229.78172222222,9943,2021-06-16
7289.9744782821,6765.5,7149.92261111111,9868,2021-06-15
7235.24785256386,6757,6594.29797222222,10011,2021-06-14
7227.54943450036,6781.5,6604.71911111111,10086,2021-06-11
7221.19201514539,6839,6594.51397222222,10114.5,2021-06-10
7198.59164448704,6819,6594.65263888889,10465,2021-06-09
7206.18845750793,6887.5,6595.67826388889,10257,2021-06-08
7176.18046829882,6821.5,6603.16155555556,10212,2021-06-07
7183.92057710041,6817,6600.60336111111,10253.5,2021-06-04
7158.37790082541,6792,6609.55147222223,10537,2021-06-03
7139.67140784678,6789,6609.55147222223,10528,2021-06-02
7104.64664188397,6861,6682.15476388889,10724.5,2021-06-01
7151.92344048639,6714.5,6687.81748611111,10361,2021-05-28
7169.52787976009,6690,6688.728875,10025.5,2021-05-27
7161.99185497793,6697,6688.23320833333,9991.5,2021-05-26
7173.5773209672,6651.5,6687.81748611111,9961,2021-05-25
7189.14338012948,6575.5,6688.73677777778,9949,2021-05-24
7079.87634525324,6627,6649.17526388889,9990,2021-05-21
7007.24765099464,6689,6842.66997222222,9832.5,2021-05-20
7069.95630842793,6698.5,6732.612125,9898.5,2021-05-19
7156.03664784209,6597.5,6704.82547222223,9758,2021-05-18
7164.20068816608,6671,6688.16623611111,9545.5,2021-05-17
7171.72813532589,6642,6703.51605555556,9475.5,2021-05-14
7101.08421880117,6746,6628.53859722222,9382.5,2021-05-13
7192.89308809427,6694.5,6694.08429166667,9396.5,2021-05-12
7165.39243527417,6658.5,6703.51605555556,9415,2021-05-11
7136.33391415245,6766.5,6692.56534722222,9336,2021-05-10
7145.11231051039,6638,6692.34416666667,9187.5,2021-05-07
7131.13600272403,6563.5,6688.64394444445,9011,2021-05-06
7152.41236819882,6520.5,6680.81858333333,8904,2021-05-05
7146.25780282183,6515.5,6690.36015277778,8901,2021-05-04
7098.87923745709,6467,6683.38523611111,8993,2021-05-03
7057.18032537202,6523,6693.98181944445,9001.5,2021-04-30
7104.19749532151,6499.5,6690.343,8981.5,2021-04-29
7052.63127485447,6569,6643.12962500001,8984.5,2021-04-28
6981.28839077815,6608.5,6800.30363888889,8768,2021-04-27
6919.85275795348,6598.5,6842.04895833333,8850.5,2021-04-26
6925.17609770342,6493,6851.73431944445,8788.5,2021-04-23
6910.93614770036,6491,6887.88491666667,8942.5,2021-04-22
6908.14309368414,6448.5,6891.19636111111,8929,2021-04-21
6954.53820391153,6279.5,6825.06522222222,8781,2021-04-20
6965.39579718478,6260,6731.72629166667,9016,2021-04-19
6917.78301259472,6311.5,6760.522375,9016.5,2021-04-16
6918.27964399529,6212,6692.10477777778,9097.5,2021-04-15
6926.98446654085,6218,6799.46455555556,9036,2021-04-14
6769.47960944259,6328.5,6795.69761111111,9090,2021-04-13
6748.79937643533,6407,6765.91030555556,9027,2021-04-12
6738.40057566863,6406.5,6784.92733333333,8965.5,2021-04-09
6758.42091005977,6455.5,6765.97875,9147.5,2021-04-08
6766.9544055944,6526.5,6765.35341666667,9052.5,2021-04-07
6745.55348573229,6563.5,6784.92733333333,9062.5,2021-04-06
6724.77672956793,6639.5,6788.11158333334,8939,2021-04-05
6854.00541457224,6588.5,6889.35047222222,8895,2021-04-01
6739.88872200194,6547.5,6786.22241666667,8992.5,2021-03-31
6788.21885942973,6573.5,6814.38481944445,9021.5,2021-03-30
6840.8731179866,6612.5,6878.74029166667,8786.5,2021-03-29
6799.64193213766,6586.5,6889.80751388889,9266,2021-03-26
6654.94073321831,6410,6783.18918055556,9213.5,2021-03-25
6783.13919046165,6381,6892.32681944445,9198,2021-03-24
6619.42914351873,6401.5,6782.09123611111,9172.5,2021-03-23
6794.98829866764,6315.5,6880.72502777778,9614.5,2021-03-22
6810.04966663395,6356.5,6888.15727777778,9286,2021-03-19
6725.24024785276,6406.5,6770.50386111111,9158,2021-03-18
6924.38410273156,6365,6685.19123611111,9067.5,2021-03-17
6917.7337798882,6415.5,6691.67865277778,8806.5,2021-03-16
6940.38687898989,6458.5,6703.48744444445,8650,2021-03-15
6933.8181897543,6411.5,6688.42848611111,8413.5,2021-03-12
6914.25752180391,6428,6691.36495833334,8439.5,2021-03-11
6880.54484938521,6421.5,6683.38523611111,8416.5,2021-03-10
6887.90692535382,6473,6619.27020833334,8270.5,2021-03-09
6921.99203089302,6501.5,6690.433,8292,2021-03-08
6977.43934346611,6507.5,6689.38683333334,8279.5,2021-03-05
6869.6523951278,6556.5,6643.12962500001,8146.5,2021-03-04
6779.94988004602,6602.5,6891.19636111111,8007,2021-03-03
6714.64331888635,6656.5,6765.91030555556,7936.5,2021-03-02
6738.86707186332,6638,6814.38481944445,7833.5,2021-03-01
6775.26348956749,6625.5,6874.00331944445,7832.5,2021-02-26
6860.79744704761,6586.5,6692.10477777778,7755.5,2021-02-25
6849.17624613997,6593,6734.108125,7827,2021-02-24
6770.60898216326,6565.5,6859.59256944445,7877,2021-02-23
6774.63337005001,6549.5,6859.59256944445,7778.5,2021-02-22
6664.20770118143,6597.5,6786.22241666667,7895,2021-02-19
6712.82951205616,6588,6799.13820833334,7957,2021-02-18
6692.48141319247,6331.5,6892.32681944445,7984.5,2021-02-17
6675.04532301984,6398.5,6789.10169444445,7872,2021-02-16
NA,6402,NA,8051,2021-02-15
6672.80583679885,6474.5,6766.51108333333,8014.5,2021-02-12
6640.74842977306,6347.5,6779.79116666667,7986.5,2021-02-11
6647.30099941788,6423.5,6787.45227777778,7972.5,2021-02-10
6639.73309156142,6385.5,6780.42086111112,7979.5,2021-02-09
6682.83887247927,6543.5,6782.15380555556,8002.5,2021-02-08
6662.39373263153,6582.5,6712.592625,7960.5,2021-02-05
6646.49641325989,6458.5,6621.376,7983,2021-02-04
6627.39787183316,6510.5,6494.24870833333,7951.5,2021-02-03
6548.98073339109,6404.5,6044.08958333334,8146,2021-02-02
6493.55934807257,6407.5,5747.27898611111,8036.5,2021-02-01
6431.10154728233,6426.5,5769.09761111111,8129.5,2021-01-29
6469.03411398488,6434,5776.85680555555,7914,2021-01-28
6492.62985142002,6422.5,5708.84588888889,7918.5,2021-01-27
6515.12389125747,6450.5,5739.15602777778,7741.5,2021-01-26
6527.03974352191,6373.5,5708.84588888889,7803.5,2021-01-25
6526.00566391688,6267.5,5776.85680555555,7840,2021-01-22
6550.21750525439,6292,5739.05506944445,7793,2021-01-21
6552.8443141452,6295.5,5741.58705555556,7764.5,2021-01-20
6513.18080426169,6207.5,5735.14233333334,7753,2021-01-19
NA,6141,NA,7838.5,2021-01-18
6514.95975010772,6132.5,5776.84931944444,7964,2021-01-15
6565.11647993937,6157,5755.497875,7893,2021-01-14
6575.96549559027,6214.5,5708.84588888889,7823,2021-01-13
6570.08561013524,6194.5,5740.96680555556,7753,2021-01-12
6518.50239614322,6263,5759.70165277778,7763,2021-01-11
6522.82441329663,6197,5759.70165277778,7741,2021-01-08
6465.74776258519,6192.5,5003.53841666667,7712,2021-01-07
6463.54698919243,6167.5,4992.79906944445,7704.5,2021-01-06
6436.08715317622,6164.5,5069.17679166667,7635,2021-01-05
6349.44046039317,6236.5,5091.804125,7656.5,2021-01-04
6387.96407767772,6090,5021.80006944444,7741.5,2020-12-31
6351.78540350084,6065.5,5004.28922222222,7679,2020-12-30
6332.74256842732,6072.5,4984.53822222222,7616.5,2020-12-29
6304.50125731753,6027,5186.94994444444,7644,2020-12-28
6361.28150880376,5951,4997.50151388889,7674.5,2020-12-24
6355.47940511243,6002.5,4997.92805555555,7462,2020-12-23
6302.27070482613,6064.5,4914.28555555555,7356.5,2020-12-22
6343.77954850688,6074,5016.87184722222,7238.5,2020-12-21
6377.63166486223,5973,5082.44301388889,7302,2020-12-18
6448.01439925315,6046.5,5021.13434722222,7215.5,2020-12-17
6421.00144410403,6017.5,4984.53822222222,7178.5,2020-12-16
6467.79912265781,6121.5,5189.17191666667,7028,2020-12-15
6433.75868576656,6070,4914.28555555555,7083,2020-12-14
6349.18190006198,6034,4679.45741666667,7050,2020-12-11
6354.2922220629,6142,4714.54890277778,7113,2020-12-10
6285.89585155455,6013.5,4636.97426388889,6926,2020-12-09
6289.54991029646,5939,4646.41743055556,6904,2020-12-08
6296.57739203859,6037,4649.82793055556,6912.5,2020-12-07
6311.90835804135,6086.5,4674.25323611111,6865.5,2020-12-04
6277.00989433427,6227,4646.41743055556,7034,2020-12-03
6275.04211012537,6357,4616.76111111111,6938.5,2020-12-02
6253.27296509408,6238.5,4627.05394444444,6798,2020-12-01
6283.51394348706,6143.5,4609.36629166667,6748,2020-11-30
NA,6192.5,NA,6791.5,2020-11-27
NA,6233.5,NA,6712.5,2020-11-26
6224.955620089,6314.5,4644.53391666667,6694.5,2020-11-25
6202.3981702102,6227.5,4615.60776388889,6692,2020-11-24
6117.2145704401,6403.5,4672.021875,6694.5,2020-11-23
6079.15780545748,6360,4612.61813888888,6787.5,2020-11-20
6107.8791105501,6446.5,4617.59018055555,6806,2020-11-19
6099.45404981203,6503,4669.72494444444,6879.5,2020-11-18
6048.90789333491,6549.5,4595.02794444444,6886,2020-11-17
6046.03022780105,6479.5,4596.49726388889,6953,2020-11-16
5980.12332622254,6464,4592.63288888889,6814,2020-11-13
6007.22772264323,6459,4598.40640277777,6755,2020-11-12
5972.5907971772,6351.5,4594.67802777778,6728,2020-11-11
5979.69097879751,6369,4594.67802777778,6683.5,2020-11-10
5931.21246370349,6521.5,4591.12173611111,6702,2020-11-09
5821.41901832805,6556.5,4560.30536111111,6699.5,2020-11-06
5888.47649410353,6532.5,4584.47720833333,6769,2020-11-05
5948.69691264843,6641.5,4586.39058333333,6740.5,2020-11-04
5927.48641729789,6486,4578.33901388889,6611.5,2020-11-03
5877.45301181211,6521,4525.58325,6525,2020-11-02
5852.1900973446,6501.5,4518.63131944444,6509,2020-10-30
5879.44199749731,6508,4517.81602777777,6507.5,2020-10-29
5939.96774899701,6485,4577.41355555556,6409.5,2020-10-28
6026.71902473254,6504,4606.192375,6614,2020-10-27
5969.39834713199,6468.5,4594.99408333333,6610,2020-10-26
6011.86261471986,6366,4607.98906944444,6546,2020-10-23
6062.18471574271,6302.5,4592.26855555555,6571.5,2020-10-22
6009.05256717866,6341.5,4598.32640277778,6529,2020-10-21
6197.91482809719,6258.5,4601.90486111111,6538.5,2020-10-20
6162.45001102123,6253,4593.93275,6725.5,2020-10-19
6097.90547134725,6368.5,4593.93275,6810,2020-10-16
6122.14534391499,6368.5,4592.88518055555,6837,2020-10-15
6100.01865531251,6550,4598.40640277777,6833.5,2020-10-14
6048.23135730106,6521.5,4591.18423611111,6761,2020-10-13
5998.20092972514,6402.5,4606.17654166667,6776,2020-10-12
6064.92206340573,6621.5,4592.26855555555,6813.5,2020-10-09
6132.65170554403,6577,4595.71794444444,6788,2020-10-08
6072.3508834328,6598.5,4600.67177777778,6757.5,2020-10-07
6101.73979082968,6671.5,4592.84016666666,6710.5,2020-10-06
6040.90747633372,6847,4601.97475,6709,2020-10-05
5977.63965139272,6762,4567.07197222222,6767.5,2020-10-02
6028.60553144092,6718.5,4584.47720833333,6790.5,2020-10-01
6089.92256569799,6705,4591.12173611111,6678,2020-09-30
6039.35766782748,6660.5,4601.65613888889,6613,2020-09-29
6104.34575435145,6723.5,4592.55272222222,6719,2020-09-28
6084.70170492487,6556.5,4591.12173611111,6788.5,2020-09-25
6070.53918057826,6548.5,4591.14673611111,6728,2020-09-24
6106.43126319373,6669.5,4592.73865277778,6602.5,2020-09-23
6087.09079885354,6480.5,4609.44266666667,6603.5,2020-09-22
6034.7150720627,6536.5,4606.192375,6544.5,2020-09-21
6107.7030577609,6587,4595.71794444444,6579.5,2020-09-18
6126.52604533147,6777.5,4598.594,6564.5,2020-09-17
6105.85685002945,6711.5,4590.36165277778,6594.5,2020-09-16
6009.15155041866,6493.5,4600.68541666667,6667,2020-09-15
5974.8474713107,6497.5,4558.02415277778,6492.5,2020-09-14
5952.42910926129,6412.5,4577.63959722222,6439.5,2020-09-11
5958.88428181481,6425.5,4558.41670833333,6342.5,2020-09-10
5966.36845208783,6406.5,4606.63425,6380,2020-09-09
5895.19987293231,6377.5,4567.07197222222,6379,2020-09-08
NA,6475.5,NA,6356.5,2020-09-07
6018.87818482254,6481.5,4608.29479166667,6363,2020-09-04
6142.14570687129,6336.5,4601.90486111111,6437,2020-09-03
6204.77273069681,6292,4667.63581944445,6453.5,2020-09-02
6270.90193986118,6394.5,4667.63581944445,6525.5,2020-09-01
6248.80117851327,6493.5,4690.28205555556,6440,2020-08-31
6290.26833145594,6563.5,4665.437375,6441,2020-08-28
6281.31475624299,6616.5,4670.81645833333,6446.5,2020-08-27
6292.2620429194,6797,4675.38201388889,6433.5,2020-08-26
6270.25780472859,6616.5,4687.74640277778,6475,2020-08-25
6259.99844789852,6691.5,4642.20422222222,6399.5,2020-08-24
6242.78010125319,6668.5,4632.46179166666,6425.5,2020-08-21
6235.87594385693,6687.5,4690.28205555556,6412.5,2020-08-20
6253.06836324769,6605.5,4672.021875,6533.5,2020-08-19
6240.78218183841,6583.5,4670.81645833333,6527,2020-08-18
6245.27639993696,6548,4670.81645833333,6513,2020-08-17
6218.09930363809,6413.5,4620.88355555555,6416.5,2020-08-14
6271.02351633864,6494.5,4620.98216666666,6454.5,2020-08-13
6285.22475351347,6369.5,4690.28205555556,6385,2020-08-12
6234.5692883056,6478.5,4605.759625,6507,2020-08-11
6197.84300215322,6437.5,4613.51684722222,6489.5,2020-08-10
6189.93279638214,6391.5,4596.49726388889,6545,2020-08-07
6185.21539676353,6463.5,4615.09006944444,6322.5,2020-08-06
6219.61722907003,6337,4620.98216666666,6339.5,2020-08-05
6204.75013745935,6143.5,4670.90420833333,6194,2020-08-04
6168.07098003783,6248.5,4592.88518055555,6086,2020-08-03
6167.31368433041,6208.5,4591.12173611111,6112,2020-07-31
6211.54621616632,6048.5,4598.32640277778,6022.5,2020-07-30
6247.96943505927,6036.5,4596.49726388889,6080,2020-07-29
6174.88246612108,6087.5,4598.40640277777,6016.5,2020-07-28
6225.78791403779,6220.5,4605.96091666666,6038,2020-07-27
6188.44167213898,6348.5,4594.67802777778,5957,2020-07-24
6174.67838210164,6298,4598.594,5985.5,2020-07-23
6332.79199552137,6302.5,4616.61966666666,5880.5,2020-07-22
6312.62030555414,6202.5,4670.71090277778,5871,2020-07-21
6325.88223841262,6413.5,4592.88518055555,5895,2020-07-20
6288.06021048228,6366.5,4593.03183333333,5825,2020-07-17
6259.87250175004,6393.5,4593.93275,5835.5,2020-07-16
6235.05015622264,6595.5,4594.67802777778,5799,2020-07-15
6195.92532458504,6709.5,4591.65866666667,5734,2020-07-14
6161.10341260022,6614.5,4591.12173611111,5759.5,2020-07-13
6165.34764798993,6665.5,4593.03183333333,5646,2020-07-10
6114.57866609998,6612.5,4608.29479166667,5785.5,2020-07-09
6151.60012143612,6699.5,4598.40640277777,5801.5,2020-07-08
6094.85560486825,6697.5,4593.03183333333,5801,2020-07-07
6081.79303025092,6592,4592.6595,5680.5,2020-07-06
NA,6705.5,NA,5659,2020-07-03
6025.17183802892,6647.5,4593.03183333333,5588,2020-07-02
5961.54226156542,6889,4598.32640277778,5452.5,2020-07-01
5925.87038256016,6942.5,4606.192375,5499,2020-06-30
5930.57551443208,7001.5,4608.29479166667,5463,2020-06-29
5899.00282716741,7001.5,4584.47720833333,5376.5,2020-06-26
5904.06637654471,7092.5,4584.55133333333,5332.5,2020-06-25
5872.78921457104,7111.5,4587.64159722222,5278.5,2020-06-24
5963.94799291183,7208.5,4591.77405555555,5308.5,2020-06-23
5974.96797946642,7128,4592.33255555555,5341.5,2020-06-22
5958.78704644323,6929.5,4607.98906944444,5242.5,2020-06-19
5905.14933274901,6964,4584.55133333333,5387,2020-06-18
5853.39987363159,6962.5,4587.64159722222,5333,2020-06-17
5861.3530001822,6906.5,4601.48416666667,5314,2020-06-16
5805.80618654216,7056.5,4557.68366666667,5249.5,2020-06-15
5757.22904431539,7092.5,4523.75859722222,5165,2020-06-12
5791.83198273146,7061.5,4525.12902777778,5155.5,2020-06-11
5900.47274993428,7165,4609.44266666667,5212.5,2020-06-10
5875.29234300874,7178.5,4586.39058333333,5234,2020-06-09
5828.08685252334,7060.5,4602.13186111111,5231,2020-06-08
5890.49490278011,7002.5,4609.44266666667,5227.5,2020-06-05
5810.5491573081,7053.5,4578.33901388889,5199.5,2020-06-04
5786.6566645405,7043.5,4577.63959722222,5111.5,2020-06-03
5750.1446261786,7007,4567.07197222222,5058,2020-06-02
5662.39079780509,6950.5,4518.76986111111,5061,2020-06-01
5671.6011854808,6803.5,4518.76986111111,5231,2020-05-29
5591.24429406006,6747.5,4581.54470833333,5184,2020-05-28
5541.97834805274,6661.5,4606.99104166667,5169.5,2020-05-27
5636.45992492607,6651.5,4518.70452777778,5165.5,2020-05-26
5587.75945835343,7031.5,4580.69865277778,5118,2020-05-22
5597.98395419933,6777.5,4520.13779166666,5120.5,2020-05-21
5567.77783679051,6881.5,4580.48831944444,5034,2020-05-20
5492.1499005206,6934.5,4633.32840277778,4994.5,2020-05-19
5443.60849321219,6936.5,4633.80347222222,5169.5,2020-05-18
5398.08665545718,6950.5,4629.45031944444,5175.5,2020-05-15
5281.5481119497,6945.5,4647.08855555556,5098.5,2020-05-14
5231.95300970867,7071.5,4653.69983333333,5054.5,2020-05-13
5269.61474833333,7022.5,4653.69983333333,5119,2020-05-12
5196.76410259612,7193,4653.69983333333,4963.5,2020-05-11
5197.17699641326,6970.5,4653.69983333333,4976,2020-05-08
5129.53109185839,6877.5,4653.69983333333,5067.5,2020-05-07
5146.58617128818,6933.5,4653.69983333333,4867,2020-05-06
5160.73555395388,7186.5,4653.69983333333,4863.5,2020-05-05
5023.66253330275,7247.5,4653.69983333333,4821.5,2020-05-04
4974.02328024072,7230,4653.69983333333,4772,2020-05-01
4991.78030513196,6563.5,4653.69983333333,4797,2020-04-30
4803.67728217679,6520.5,4653.69983333333,4763,2020-04-29
4676.03624457275,6515.5,4653.69983333333,4774,2020-04-28
4694.28990086456,6467,4653.69983333333,4775.5,2020-04-27
4838.39846305321,6523,4653.69983333333,4754,2020-04-24
4767.04068942757,6499.5,4653.69983333333,4789.5,2020-04-23
4693.79378729095,6569,4653.69983333333,4617.5,2020-04-22
4479.57069698664,6608.5,4653.69983333333,4855,2020-04-21
2531.2447588704,6598.5,4653.69983333333,4685,2020-04-20
4918.54023274927,6493,4653.69983333333,4860.5,2020-04-17
4935.42573303653,6491,4653.69983333333,5205,2020-04-16
4969.80969788385,6448.5,4653.69983333333,5211,2020-04-15
4981.42792088163,6279.5,4653.69983333333,5530.5,2020-04-14
5060.31751133811,6260,4653.69983333333,5386.5,2020-04-13
5074.8810178624,6311.5,4653.69983333333,5552,2020-04-09
5188.34078972645,6212,4653.69983333333,5598,2020-04-08
5138.29162075715,6218,4653.69983333333,5483,2020-04-07
5254.89270037177,6328.5,4653.69983333333,5624,2020-04-06
5362.28251837647,6407,4644.46309722222,5667.5,2020-04-03
5238.44006533648,6406.5,4653.69983333333,5694.5,2020-04-02
5019.10665303126,6455.5,4653.69983333333,5668,2020-04-01
4964.12881456273,6526.5,4653.69983333333,5640,2020-03-31
4719.17827823592,6563.5,4653.69983333333,5573,2020-03-30
4762.45975583573,6639.5,4653.69983333333,5618,2020-03-27
4852.75490764821,6588.5,4653.69983333333,5614,2020-03-26
5041.71000159947,6547.5,4653.69983333333,5663.5,2020-03-25
5090.57496542911,6573.5,4653.69983333333,5657.5,2020-03-24
5179.61758189476,6612.5,4653.69983333333,5702,2020-03-23
5003.40448394946,6586.5,4653.69983333333,5730,2020-03-20
5156.12273728774,6410,4653.69983333333,5745.5,2020-03-19
4957.57711885212,6381,4653.69983333333,5728,2020-03-18
5248.67524278039,6401.5,4650.00141666667,5802,2020-03-17
5272.58612083413,6315.5,4650.53044444444,5737,2020-03-16
5380.72132290679,6356.5,4632.40925,5716,2020-03-13
5314.40502324796,6406.5,4634.09613888889,5747,2020-03-12
5388.43725232223,6365,4605.46368055555,5696,2020-03-11
5505.7623528088,6415.5,4519.48459722222,5659.5,2020-03-10
5373.0360465242,6458.5,4612.621,5653,2020-03-09
5802.18679439688,6411.5,4596.49726388889,5726,2020-03-06
5983.54086737594,6428,4660.62851388889,5714,2020-03-05
6056.47735467224,6421.5,4805.34515277778,5652,2020-03-04
5957.8244040071,6473,4949.22058333333,5595,2020-03-03
5830.2255749681,6501.5,4805.34515277778,5570,2020-03-02
5739.7624301618,6507.5,4608.28693055556,5621,2020-02-28
5838.35388037372,6556.5,4922.972875,5698,2020-02-27
5964.21247639492,6602.5,5158.22747222222,5715,2020-02-26
5961.36931573797,6656.5,5069.17679166667,5779,2020-02-25
6067.93211606694,6638,5495.76356944444,5968,2020-02-24
6248.24178395021,6625.5,5745.33415277778,6050,2020-02-21
6332.6025739959,6586.5,5715.70938888889,6103.5,2020-02-20
6335.98107888165,6593,5744.73825,6158.5,2020-02-19
6303.84501615795,6565.5,5755.47752777777,6245,2020-02-18
NA,6549.5,NA,6276.5,2020-02-17
6290.95464248576,6597.5,5754.96963888889,6300.5,2020-02-14
6232.25425334845,6588,5499.68023611111,6232,2020-02-13
6222.03956516634,6331.5,5218.08376388889,6247,2020-02-12
6109.8715593043,6398.5,5062.15259722222,6177,2020-02-11
6056.19985856013,6402,5190.51984722222,6157,2020-02-10
6185.70778754496,6474.5,5078.6605,6156,2020-02-07
6212.21902940798,6347.5,5064.03922222222,6154,2020-02-06
6218.07596551832,6423.5,5051.93870833333,6134.5,2020-02-05
6197.3183068546,6385.5,5190.51984722222,6097.5,2020-02-04
6181.78500470082,6543.5,5071.38909722222,6077,2020-02-03
6210.65607922084,6582.5,5672.86004166667,6165.5,2020-01-31
6225.65455497277,6458.5,5769.09761111111,6156,2020-01-30
6262.31671886932,6510.5,5744.23925,6183.5,2020-01-29
6264.03277250096,6404.5,5743.85161111111,6211,2020-01-28
6231.65057891249,6407.5,5740.96680555556,6184.5,2020-01-27
6264.79304611824,6426.5,5814.535,6153,2020-01-24
6316.46770138183,6434,6227.33386111111,6155.5,2020-01-23
6368.16828389998,6422.5,6697.26869444444,6161,2020-01-22
6444.16146742922,6450.5,6780.33208333334,6126.5,2020-01-21
NA,6373.5,NA,6175,2020-01-20
6444.83327768479,6267.5,6784.08269444445,6155.5,2020-01-17
6434.30098880118,6292,6784.08269444445,6154,2020-01-16
6396.61244898775,6295.5,6782.94755555556,6097,2020-01-15
6451.74636881065,6207.5,6780.42086111112,6083,2020-01-14
6451.51548360244,6141,6780.33170833334,6055,2020-01-13
6489.65090428297,6132.5,6785.77644444444,5985,2020-01-10
6488.67725680942,6157,6765.97875,5867.5,2020-01-09
6491.7679400923,6214.5,6765.88863888889,5855,2020-01-08
6632.3759030908,6194.5,6821.04180555555,5823,2020-01-07
6649.76732461547,6263,6732.612125,5812,2020-01-06
6629.83755756169,6197,6800.30363888889,5855.5,2020-01-03
6540.15676178317,6192.5,6892.77098611111,5854,2020-01-02
6544.13437704631,6167.5,6892.32348611111,5881.5,2019-12-31
6562.71929354749,6164.5,6859.59256944445,5925.5,2019-12-30
6570.0911771799,6236.5,6856.63615277778,5856,2019-12-27
6555.79131287231,6090,6859.09251388889,5872.5,2019-12-26
6536.68979353572,6065.5,6892.77098611111,5834,2019-12-24
6496.30472286315,6072.5,6800.54673611112,5813,2019-12-23
6500.57698948309,6027,6799.01665277778,5873,2019-12-20
6550.09974795318,5951,6892.60804166667,5821.5,2019-12-19
6526.77869044,6002.5,6889.80751388889,5828,2019-12-18
6532.20959105228,6064.5,6889.81551388889,5812,2019-12-17
6521.57097134778,6074,6795.69761111111,5835,2019-12-16
6510.21849454237,5973,6794.73031944445,5823,2019-12-13
6449.26162565909,6046.5,6786.22241666667,5838,2019-12-12
6399.1823214839,6017.5,6788.11158333334,5857,2019-12-11
6413.35465349431,6121.5,6786.22241666667,5951.5,2019-12-10
6397.70906469992,6070,6785.77644444444,5941,2019-12-09
6406.07631510913,6034,6786.22241666667,5913.5,2019-12-06
6367.86223873069,6142,6782.774875,5880,2019-12-05
6357.25129414917,6013.5,6783.18918055556,5846.5,2019-12-04
6237.47579366824,5939,6608.80425,5797,2019-12-03
6219.73786627763,5896,6608.81841666667,5825,2019-12-02
6316.4699670772,5891,6780.13693055556,5883,2019-11-29
NA,5842.5,NA,5879.5,2019-11-28
6311.59053028449,5898.5,6780.13693055556,5888.5,2019-11-27
6317.03929835595,5875,6780.33208333334,5867.5,2019-11-26
6298.20352521172,5944.5,6781.97977777778,5869,2019-11-25
6282.05622313124,5984,6785.46644444445,5773,2019-11-22
6314.69610311669,5974,6782.774875,5794,2019-11-21
6235.04886084555,5868.5,6696.97875,5820,2019-11-20
6154.57547483287,5866.5,6116.7335,5751,2019-11-19
6235.91582139096,5824,6713.84616666667,5726.5,2019-11-18
6289.91790841029,5655,6785.59848611111,5684,2019-11-15
6244.57982713263,5635.5,6698.40720833333,5745,2019-11-14
6263.27230449615,5687,6730.73343055556,5718.5,2019-11-13
6234.74527575916,5587.5,6699.13077777778,5763,2019-11-12
NA,5593.5,NA,5698.5,2019-11-11
6254.25496313462,5704,6738.63241666667,5660,2019-11-08
6224.75341298987,5782.5,6730.98065277778,5650.5,2019-11-07
6201.00842395429,5782,6608.80425,5626,2019-11-06
6234.82480539127,5831,6738.63491666667,5599,2019-11-05
6212.96807093248,5902,6638.78573611111,5626,2019-11-04
6200.52668210304,5939,6608.81841666667,5629,2019-11-01
6127.47703423191,6015,5745.02120833334,5610,2019-10-31
6163.21355331997,5964,6056.70720833334,5728,2019-10-30
6181.15346075435,5923,6127.36451388889,5714,2019-10-29
6187.9419974929,5949,6273.91045833333,5757,2019-10-28
6233.70313635874,5988,6692.17513888889,5718.5,2019-10-25
6203.14455726426,5962,6608.81841666667,5761,2019-10-24
6181.80827748495,5785.5,6605.28741666667,5695,2019-10-23
6113.67082341504,5756.5,5836.50893055556,5777.5,2019-10-22
6081.2201378997,5777,5744.23925,5758.5,2019-10-21
6105.8779861701,5691,5717.79356944445,5745,2019-10-18
6146.16863766123,5732,5728.25279166667,5762,2019-10-17
6113.93482173899,5782,5749.19948611111,5877,2019-10-16
6122.94831125645,5740.5,5708.84588888889,5870,2019-10-15
6155.9385489519,5791,5749.09516666667,5842.5,2019-10-14
6211.35695636056,5834,6044.08958333334,5765,2019-10-11
6137.06283293799,5787,5749.09516666667,5738,2019-10-10
6089.03119871107,5803.5,5743.69247222222,5771,2019-10-09
6096.00892991972,5797,5706.63475,5787.5,2019-10-08
6113.35568279644,5848.5,5709.12151388889,5777,2019-10-07
6116.01735267141,5877,5725.81788888889,5663,2019-10-04
6086.01321530636,5883,5779.55847222222,5537,2019-10-03
6086.63825293832,5932,5702.30343055556,5610.5,2019-10-02
6127.30693726243,5978,5749.09516666667,5678,2019-10-01
6156.03296813334,6032,5814.535,5722,2019-09-30
6241.22252372317,6013.5,6606.50658333333,5653,2019-09-27
6248.14244460297,6001,6629.34168055556,5662,2019-09-26
6240.66597801808,5962,6642.05152777778,5675,2019-09-25
6294.80838290825,5968.5,6734.10884722222,5668,2019-09-24
6346.44519927781,5941,6787.45227777778,5696.5,2019-09-23
6329.07672709784,5925,6782.15380555556,5698,2019-09-20
6355.94043064653,5973,6779.98672222223,5755.5,2019-09-19
6344.51227605307,5963.5,6779.98672222223,5710,2019-09-18
6391.05874185656,5707,6784.92733333333,5696.5,2019-09-17
6566.71442016256,5774,6799.60155555556,5732,2019-09-16
6210.07289404669,5777.5,6044.08958333334,5697,2019-09-13
6218.37042248758,5850,6125.16356944444,5724.5,2019-09-12
6216.83935537473,5723,6300.5935,5744,2019-09-11
6269.5272448743,5799,6770.00473611111,5723,2019-09-10
6334.42301619249,5761,6782.50005555556,5673.5,2019-09-09
6284.37384722318,5919,6645.30395833333,5667,2019-09-06
6275.50190561802,5958,6638.78573611111,5647,2019-09-05
6306.608096688,5834,6621.60933333333,5769,2019-09-04
6196.33465732971,5886,5731.23322222223,5876,2019-09-03
NA,5780,NA,5926,2019-09-02
6213.61343610653,5783,6122.100125,5943,2019-08-30
6294.58257958556,5802,6699.13077777778,5949.5,2019-08-29
6252.46060991231,5809.5,6573.06338888889,5945,2019-08-28
6216.98685910675,5798,6116.803,6010,2019-08-27
6139.3711671931,5826,5747.27898611111,5980,2019-08-26
6172.68198349991,5749,5814.86254166667,5968.5,2019-08-23
6220.91559777062,5643,6127.36451388889,6007.5,2019-08-22
6229.50777756831,5667.5,6288.90908333333,6066,2019-08-21
6267.5258297227,5671,6608.80425,5948,2019-08-20
6275.7497843512,5583,6629.34168055556,5922,2019-08-19
6228.09951697436,5516.5,6055.36956944445,5959,2019-08-16
6259.1848626753,5508,5854.39956944445,5997.5,2019-08-15
6277.31186060414,5532.5,6129.36523611111,5950,2019-08-14
6362.37598787245,5590,6738.63491666667,5925,2019-08-13
6239.54256111714,5570,6116.4885,5862.5,2019-08-12
6224.7192642202,5638.5,5834.38359722222,5805,2019-08-09
6162.73339761742,5572.5,5739.15602777778,5912,2019-08-08
6103.56440830976,5568,5218.08376388889,5857,2019-08-07
6190.35439687352,5543,5749.09516666667,5900,2019-08-06
6235.05640281397,5540,6042.77923611111,5874,2019-08-05
6242.30758390313,5612,6494.24870833333,5910,2019-08-02
6164.46311075693,5465.5,5742.66079166667,5999,2019-08-01
6374.25066722575,5441,6784.08269444445,5972,2019-07-31
6347.96435475121,5448,6780.02765277778,5953.5,2019-07-30
6312.32050697617,5402.5,6726.27318055555,6006,2019-07-29
6287.32929452074,5326.5,6608.81841666667,5985.5,2019-07-26
6276.099268127,5378,6600.67241666667,5917,2019-07-25
6259.36564124278,5440,6605.28741666667,5941,2019-07-24
6292.51914615378,5449.5,6698.40720833333,5962,2019-07-23
6250.88785206137,5348.5,6608.23533333333,5895,2019-07-22
6232.86631101921,5422,6127.67118055556,5848.5,2019-07-19
6231.24888452031,5393,6122.100125,5756,2019-07-18
6246.71298253273,5497,6680.78069444445,5805.5,2019-07-17
6277.15296305962,5445.5,6786.85518055556,5797.5,2019-07-16
6332.55227296764,5409.5,6784.92733333333,5828.5,2019-07-15
6329.92423403538,5517.5,6788.91730555556,5905,2019-07-12
6334.28409008281,5389,6770.50386111111,5788,2019-07-11
6354.43580861521,5314.5,6796.13129166667,5770,2019-07-10
6210.69424155429,5412.5,6785.73681944445,5805,2019-07-09
6199.84347803497,5462,6770.00473611111,5832.5,2019-07-08
NA,5602.5,NA,5804,2019-07-05
NA,5732.5,NA,5796,2019-07-04
6190.48383875882,5614,6738.63491666667,5780.5,2019-07-03
6151.68554155231,5519,6608.81841666667,5823,2019-07-02
6276.27163079185,5568,6787.43729166667,5864.5,2019-07-01
6247.60936606953,5609,6779.98672222223,5956.5,2019-06-28
6283.4891809383,5690,6786.22241666667,5919,2019-06-27
6267.52301353254,5603,6786.22241666667,5860,2019-06-26
6204.40829203605,5779,6787.15127777778,5920,2019-06-25
6207.02914510713,5735.5,6784.73977777778,6004,2019-06-24
6183.66429288019,5822,6770.00473611111,5985,2019-06-21
6170.9482241288,5878.5,6730.73343055556,6025,2019-06-20
6020.82926627807,5925,5717.79356944445,6089,2019-06-19
6025.33539601607,5855,5716.74580555556,6002,2019-06-18
5947.33063356419,5839.5,5752.42216666666,6007,2019-06-17
5965.83093854773,5834.5,5756.76494444445,6042.5,2019-06-14
5988.67831400505,5727,5779.37652777778,6135.5,2019-06-13
5918.48723416715,5744.5,5218.08376388889,6112,2019-06-12
5987.57117841459,5897,5744.50491666667,6103,2019-06-11
6020.18933909679,5932,5743.85161111111,6174,2019-06-10
6044.60526445373,5908,5732.53051388889,6180,2019-06-07
5990.6252528449,6017,5740.17936111111,6214,2019-06-06
5951.10329087369,5861.5,5658.53659722222,6398,2019-06-05
6033.26084744371,5896.5,5750.70704166667,6442,2019-06-04
5999.29398436484,5877,5744.23925,6376,2019-06-03
6005.48130675034,5883.5,5755.32843055556,6393,2019-05-31
6071.56390501081,5860.5,6683.712875,6375.5,2019-05-30
6175.67980108224,5879.5,6837.03940277778,6437.5,2019-05-29
6168.66720888942,5844,6850.49161111111,6430,2019-05-28
6148.84202478812,5741.5,6827.25298611112,6448,2019-05-24
6115.63876934365,5678,6815.93590277778,6509,2019-05-23
6268.51679416065,5717,6998.05068055556,6460,2019-05-22
6329.96819046884,5634,6975.72084722223,6456,2019-05-21
6331.8186061516,5628.5,7028.35661111111,6490,2019-05-20
6338.37538374773,5744,6954.64286111111,6432.5,2019-05-17
6340.87378640715,5744,6932.55605555556,6447,2019-05-16
6290.57761263887,5925.5,7029.12431944445,6498,2019-05-15
6275.27642573476,5897,7098.10151388889,6432.5,2019-05-14
6237.78303621116,5778,7068.35676388889,6419,2019-05-13
6245.38370107612,5997,7084.79843055555,6444,2019-05-10
6218.36864195134,5952.5,7024.33577777778,6483,2019-05-09
6227.32606900835,5974,6982.99461111111,6431,2019-05-08
6195.28144755623,6047,6998.20427777778,6498,2019-05-07
6229.61145391875,6222.5,6957.52123611111,6485,2019-05-06
6224.22942990574,6137.5,6999.18858333333,6385,2019-05-03
6216.67343368874,6094,7031.26781944445,6338.5,2019-05-02
6279.51434919749,6080.5,6985.91340277778,6361,2019-05-01
6290.24266230515,6036,6844.11084722222,6328,2019-04-30
6276.6307278439,6099,6955.67247222222,6375,2019-04-29
6270.28609406259,5932,6962.88968055555,6520,2019-04-26
6366.99734949311,5924,6953.70998611111,6487,2019-04-25
6413.21045111157,6045,6839.78630555556,6500,2019-04-24
6423.29673306229,5856,6832.44448611111,6492,2019-04-23
6405.47629812971,5912,6777.645,6410,2019-04-22
6316.62760191244,5962.5,6828.30229166667,6409,2019-04-18
6301.7902894004,6153,6900.15306944445,6529,2019-04-17
6308.4942146213,6087,6823.17301388889,6510,2019-04-16
6289.00449868068,5869,7000.85583333333,6435,2019-04-15
6305.14076305592,5873,6841.75386111111,6398.5,2019-04-12
6291.20527207345,5788,6923.01343055556,6458,2019-04-11
6322.59384675353,5801,6919.34405555555,6505,2019-04-10
6313.80564273179,5782,6828.52429166667,6553.5,2019-04-09
6329.46016525577,5753,6935.18668055555,6420,2019-04-08
6269.58240073272,5851,6983.81919444445,6572,2019-04-05
6236.91274164864,5857,7011.04126388889,6536,2019-04-04
6239.81423046141,5712,6989.47375,6533,2019-04-03
6242.43210562263,5667.5,6991.38083333333,6471,2019-04-02
6194.14365893293,5770,6999.05319444444,6546,2019-04-01
6139.73165600632,5869,6922.41916666667,6489,2019-03-29
6099.06594959207,5939,6961.816125,6391,2019-03-28
6104.38333352229,5992,6962.23283333333,6351.5,2019-03-27
6125.4896020276,6172.5,6911.47598611111,6246.5,2019-03-26
6093.82932533543,5992,7028.15591666667,6269.5,2019-03-25
6105.70138288611,6067,7036.22106944445,6190,2019-03-22
6150.88215276796,6044,6978.47881944445,6178.5,2019-03-21
6183.34002414447,6063,7033.682375,6120,2019-03-20
6133.24793439562,5981,7073.70747222222,6102,2019-03-19
6123.74289536311,5959,6971.021,6148,2019-03-18
6090.77052512684,5923.5,6994.91227777778,6207,2019-03-15
6092.5333513821,5789,7004.97361111112,6227,2019-03-14
6080.0889846428,5870,6948.38701388889,6210,2019-03-13
6021.01354058237,5745,6788.85191666666,6174,2019-03-12
6015.18253172661,5854,6774.66341666667,6076.5,2019-03-11
5976.94463206926,5813,6716.96959722222,6097.5,2019-03-08
6008.44374552154,5767,6762.36391666666,6148,2019-03-07
6011.53057696036,5839,6787.36525,6077,2019-03-06
6031.59470606525,5712.5,6855.89361111111,6007,2019-03-05
6043.49864669023,5519,6844.18544444444,5996,2019-03-04
5994.23567859277,5624,6760.87223611111,5901,2019-03-01
6050.02231117061,5584,6837.10462499999,5885,2019-02-28
6030.3901733835,5424,6790.99701388889,5920.5,2019-02-27
5971.3436344875,5412,6585.04190277778,5926.5,2019-02-26
5961.49121565485,5463,6604.28276388889,5951.5,2019-02-25
6035.79216883135,5596,6792.61198611111,6022,2019-02-22
6023.20240233568,5724,6791.35348611111,5933,2019-02-21
6039.29102015309,5673.5,6862.52612499999,5911,2019-02-20
5991.44647642062,5678,6711.89223611111,5882,2019-02-19
NA,5578,NA,5861,2019-02-18
5969.82062717004,5789,6623.96683333334,5926.5,2019-02-15
5902.24742249335,5742,6425.44670833333,5908.5,2019-02-14
5880.1487651211,5769,6102.009,5964,2019-02-13
